{"type": "FeatureCollection", "features": [{"type": "Feature", "properties": {"id": 360, "Parcela": "COPAR1-AAB", "ANO": 1984, "Ha": 5.27, "PLANTAS": 784, "VARIEDADE": "AAB", "Rot_labels": -15}, "geometry": {"type": "Polygon", "coordinates": [[[-48.61039715628893, -2.147888590489671], [-48.610480180665654, -2.1478488044244077], [-48.61049339855522, -2.1477679342938654], [-48.610546484144926, -2.147629725934374], [-48.61059432398615, -2.147464914717307], [-48.61076403301565, -2.147556586760006], [-48.61082155192769, -2.1475397370069205], [-48.61092729318691, -2.1475399033261735], [-48.610996132462915, -2.147470865636618], [-48.61108072547667, -2.1474709986786262], [-48.611181146627764, -2.147492432291458], [-48.61123937045006, -2.1474499724872738], [-48.611292522069, -2.1472692127466377], [-48.6112186601911, -2.147168037103427], [-48.61102303060927, -2.147173048405083], [-48.61079050733289, -2.14710353678712], [-48.610494465004486, -2.147081795521711], [-48.61039401086983, -2.1470816375236814], [-48.61000912291372, -2.1469045779225815], [-48.60979630674207, -2.1469042431489758], [-48.60960169509003, -2.1467950733320196], [-48.60935294841642, -2.146766183796205], [-48.60927367567743, -2.146744783418255], [-48.60920498140646, -2.1467545325153568], [-48.609078204245264, -2.1470954390224737], [-48.608976681966816, -2.1474327564207214], [-48.609416533869116, -2.1475892933046103], [-48.61019520622719, -2.1478592423961413], [-48.61039715628893, -2.147888590489671]], [[-48.610582799034624, -2.148076572220492], [-48.610556471216235, -2.1480073848546484], [-48.60930406650141, -2.1476011763235046], [-48.60877510040402, -2.147373965431144], [-48.60867108355014, -2.1474782818014706], [-48.60834745151316, -2.1483886243133337], [-48.608382769778885, -2.148466708276379], [-48.60827792337763, -2.1485760431430263], [-48.608071813952456, -2.1492588573169287], [-48.60810634397669, -2.1494289953222485], [-48.60819084580747, -2.1494876365034057], [-48.60828596318113, -2.149519699870355], [-48.60840156310157, -2.149551385418622], [-48.60855043213727, -2.1494456519145126], [-48.609062375634494, -2.149292565848839], [-48.60919564334969, -2.1492150854202716], [-48.60933960866512, -2.1491081530508587], [-48.60947830228784, -2.1489663856188117], [-48.60965703995705, -2.148760385701144], [-48.609709498910505, -2.1486762352622084], [-48.609868234898556, -2.1485967014461425], [-48.61015925500602, -2.148448229906703], [-48.610551018766905, -2.1481137546435307], [-48.610582799034624, -2.148076572220492]]]}}, {"type": "Feature", "properties": {"id": 144, "Parcela": "G-153", "ANO": 1983, "Ha": 25.79, "PLANTAS": 3845, "VARIEDADE": "PB-121", "Rot_labels": -15}, "geometry": {"type": "Polygon", "coordinates": [[[-48.60523663474335, -2.1480202605086385], [-48.59677059276523, -2.144845959944162], [-48.5959521658733, -2.1469962302547896], [-48.60444704653516, -2.1501907439311037], [-48.60449746193818, -2.150137301247559], [-48.605250861906704, -2.148128148315863], [-48.60523663474335, -2.1480202605086385]]]}}, {"type": "Feature", "properties": {"id": 143, "Parcela": "G-152", "ANO": 1984, "Ha": 25.69, "PLANTAS": 3809, "VARIEDADE": "PB-121", "Rot_labels": -15}, "geometry": {"type": "Polygon", "coordinates": [[[-48.604416502255354, -2.1502935487059727], [-48.60433142454688, -2.15020961455285], [-48.59592942106615, -2.147062773599195], [-48.59516462641588, -2.149241571361746], [-48.60354712179335, -2.152371124047122], [-48.603655766095365, -2.1523861127205413], [-48.604416502255354, -2.1502935487059727]]]}}, {"type": "Feature", "properties": {"id": 145, "Parcela": "G-154", "ANO": 1983, "Ha": 25.77, "PLANTAS": 3758, "VARIEDADE": "PB-121", "Rot_labels": -15}, "geometry": {"type": "Polygon", "coordinates": [[[-48.60610033243303, -2.145805254659469], [-48.59755360569931, -2.142600750995616], [-48.59716941487095, -2.1437322612574423], [-48.596798567656386, -2.144775920593692], [-48.60519346018132, -2.147928475071398], [-48.60530166584255, -2.1479322744760503], [-48.60610033243303, -2.145805254659469]]]}}, {"type": "Feature", "properties": {"id": 173, "Parcela": "H-151", "ANO": 1983, "Ha": 26.03, "PLANTAS": 3802, "VARIEDADE": "PB-121", "Rot_labels": -15}, "geometry": {"type": "Polygon", "coordinates": [[[-48.60610045100173, -2.145729050482664], [-48.606158248345224, -2.1456747098050215], [-48.606926319902584, -2.143583736067749], [-48.60682596583251, -2.1435120103910936], [-48.60670845298302, -2.143457367104027], [-48.59841465932802, -2.1403772207088285], [-48.59759101287725, -2.142530993241966], [-48.60610045100173, -2.145729050482664]]]}}, {"type": "Feature", "properties": {"id": 142, "Parcela": "G-151", "ANO": 1984, "Ha": 24.44, "PLANTAS": 3515, "VARIEDADE": "PB-121", "Rot_labels": -15}, "geometry": {"type": "Polygon", "coordinates": [[[-48.60355740108192, -2.15246798715227], [-48.59511919373618, -2.149307650663533], [-48.594349789208714, -2.1514479079500806], [-48.59588678600506, -2.1520477046669844], [-48.59678619242839, -2.1523607966039107], [-48.59865497728961, -2.1530538766060228], [-48.600287860732834, -2.153661245198022], [-48.6013477166477, -2.1541021948976518], [-48.60148120014577, -2.1540878912612036], [-48.60155236554255, -2.153993466451313], [-48.60168337089484, -2.1539757196818283], [-48.60195399040511, -2.1539180879438864], [-48.60222449073539, -2.1539366600860745], [-48.60232199461666, -2.1538642390823663], [-48.60256376915236, -2.1537993039814785], [-48.60276575832035, -2.1538032524785224], [-48.60285589487451, -2.1538287965383622], [-48.60307230094896, -2.153840025360163], [-48.603130087547974, -2.153792942792179], [-48.603286817637176, -2.15333206457052], [-48.60357200260417, -2.1526070335846543], [-48.60355740108192, -2.15246798715227]]]}}, {"type": "Feature", "properties": {"id": 110, "Parcela": "F-141", "ANO": 1986, "Ha": 5.19, "PLANTAS": 775, "VARIEDADE": "PB-121", "Rot_labels": -15}, "geometry": {"type": "Polygon", "coordinates": [[[-48.60215466195956, -2.1621337423099467], [-48.60050240989687, -2.161492916533555], [-48.59966099236879, -2.163663737445786], [-48.601252447165095, -2.1642931475488787], [-48.60140916743152, -2.164253292452073], [-48.60215466195956, -2.1621337423099467]]]}}, {"type": "Feature", "properties": {"id": 111, "Parcela": "F-142", "ANO": 1986, "Ha": 5.13, "PLANTAS": 800, "VARIEDADE": "PB-121", "Rot_labels": -15}, "geometry": {"type": "Polygon", "coordinates": [[[-48.60301270050737, -2.159988553843697], [-48.60298920447422, -2.1598673882733], [-48.60183123816751, -2.159436637108073], [-48.60135775575454, -2.159284971603504], [-48.600556936677016, -2.1614441478955007], [-48.600627957162956, -2.161468089281026], [-48.600627932207885, -2.161483974889275], [-48.60091594939542, -2.161587689507762], [-48.601156607177685, -2.1616833860022147], [-48.60145644258209, -2.1618030050449195], [-48.60183520647853, -2.1619386351933625], [-48.60215872812304, -2.162058291860628], [-48.602233783711895, -2.1620266398104553], [-48.60301270050737, -2.159988553843697]]]}}, {"type": "Feature", "properties": {"id": 112, "Parcela": "F-143", "ANO": 1986, "Ha": 5.03, "PLANTAS": 793, "VARIEDADE": "PB-121", "Rot_labels": -15}, "geometry": {"type": "Polygon", "coordinates": [[[-48.60381575268111, -2.157660589595006], [-48.60305037310062, -2.157361519863185], [-48.60280967791979, -2.1572896527488488], [-48.602450658864726, -2.1571500839215827], [-48.60222185036034, -2.157050435710021], [-48.602194229215804, -2.157042449081049], [-48.60182168074294, -2.1579791124176406], [-48.601762198176324, -2.158149788910041], [-48.60164721174249, -2.158471291080941], [-48.60143309146565, -2.1590746062537582], [-48.60139744417119, -2.15915000653262], [-48.60141517436953, -2.1591718774610436], [-48.60146636933191, -2.1592513870308587], [-48.601744514235705, -2.1593570711179964], [-48.60214696384115, -2.1594927381455626], [-48.60254939493837, -2.1596403193691005], [-48.602995219390074, -2.159807826535479], [-48.603042610052405, -2.1597959874902535], [-48.60307815149281, -2.159788101057143], [-48.60381575268111, -2.157660589595006]]]}}, {"type": "Feature", "properties": {"id": 113, "Parcela": "F-144", "ANO": 1986, "Ha": 4.89, "PLANTAS": 788, "VARIEDADE": "PB-121", "Rot_labels": -15}, "geometry": {"type": "Polygon", "coordinates": [[[-48.603853392291526, -2.1575732779778147], [-48.60470153519044, -2.155437995794052], [-48.60447278219275, -2.1553026053217086], [-48.603581195877, -2.154927880297066], [-48.60324182193498, -2.1548479145939834], [-48.60319430098755, -2.1549431534280954], [-48.603170354101266, -2.1551099151368622], [-48.6028856756199, -2.155395406471978], [-48.602830159847564, -2.155554175284868], [-48.6028142200468, -2.1556494640815353], [-48.60280617554531, -2.1557447653836443], [-48.602806100945706, -2.1557924222883518], [-48.60279809373491, -2.155863895136678], [-48.60270321325837, -2.155951116014757], [-48.60263210574548, -2.1559827746916285], [-48.60257673910418, -2.1560462296476417], [-48.60222787761315, -2.1569829311803264], [-48.603853392291526, -2.1575732779778147]]]}}, {"type": "Feature", "properties": {"id": 117, "Parcela": "F-154", "ANO": 1984, "Ha": 19.63, "PLANTAS": 2910, "VARIEDADE": "PB-121", "Rot_labels": -15}, "geometry": {"type": "Polygon", "coordinates": [[[-48.594250933912875, -2.1515950988405894], [-48.59352130697878, -2.153674950073363], [-48.59360750657982, -2.153776028258541], [-48.59393195673884, -2.1538926636173934], [-48.59571278212232, -2.1545631820505244], [-48.59703944282567, -2.1550297688776725], [-48.59789591345673, -2.15534778084208], [-48.598653411956356, -2.155634924207294], [-48.59937151559555, -2.155870376695254], [-48.599450424902045, -2.15589830175141], [-48.59965607592115, -2.1556603434513417], [-48.599743197958816, -2.1554857396211884], [-48.59989300929627, -2.155613062346732], [-48.600035124525405, -2.155613287742778], [-48.60010625682293, -2.1555657436256874], [-48.60019346593196, -2.1553355400899816], [-48.600327872524616, -2.1552166108651534], [-48.60028864492567, -2.155057692219643], [-48.60039927851526, -2.1549943250271473], [-48.60063622431063, -2.1549391008589276], [-48.60068381996027, -2.1547962054532173], [-48.60077862563962, -2.15475664158384], [-48.60105565721887, -2.1543122822947542], [-48.601197847047395, -2.154264850596559], [-48.601245343117064, -2.154185497557407], [-48.60062993336681, -2.1539144665167527], [-48.59797865069091, -2.1529332981822855], [-48.59484261892472, -2.1517802845990803], [-48.594368087613745, -2.1515893835656286], [-48.594250933912875, -2.1515950988405894]]]}}, {"type": "Feature", "properties": {"id": 116, "Parcela": "F-153", "ANO": 1984, "Ha": 15.16, "PLANTAS": 2237, "VARIEDADE": "PB-121", "Rot_labels": -15}, "geometry": {"type": "Polygon", "coordinates": [[[-48.59823612104026, -2.155579610592788], [-48.59353532047307, -2.153804943526372], [-48.593437347247715, -2.1539030540781314], [-48.59296949416837, -2.155196983667071], [-48.59268410421951, -2.1559352081362397], [-48.59272750312092, -2.15595116274257], [-48.59362704820404, -2.156313151935932], [-48.595040139218504, -2.1568669690014106], [-48.5963740257593, -2.157326312406601], [-48.59654349030722, -2.1568309374054198], [-48.59664664019714, -2.156505446477734], [-48.59674959049533, -2.156307040003814], [-48.596852166742345, -2.156346916969526], [-48.59697055848947, -2.156370933452088], [-48.597094963376776, -2.156426927630042], [-48.597286357140746, -2.1563793778849805], [-48.59740482372328, -2.156355737629253], [-48.59746005328719, -2.156379653764248], [-48.597507325251726, -2.1564432712917183], [-48.59764142038503, -2.1565229123312903], [-48.597765748115094, -2.156507825671968], [-48.597946265447995, -2.15640287838916], [-48.59823612104026, -2.155579610592788]], [[-48.60201458601665, -2.1570580498960314], [-48.601951547988286, -2.1569785216139183], [-48.60185675450138, -2.1570101426233363], [-48.601754040815884, -2.157057636723795], [-48.601596035080604, -2.157120928776507], [-48.60150909956224, -2.157176390697435], [-48.60142202710029, -2.1573192235074994], [-48.60128764501964, -2.157422267097765], [-48.601106028055334, -2.157437864612783], [-48.600932057353496, -2.1576123307556974], [-48.60080553318185, -2.1577392151824313], [-48.60063954491505, -2.157858094112931], [-48.600489297411286, -2.1580087692767336], [-48.60049705567446, -2.1580961526507427], [-48.6003311296523, -2.1581753174626432], [-48.600164954392966, -2.1584133382717683], [-48.60011738315143, -2.1585403478709475], [-48.60014083226388, -2.1586912987152282], [-48.600361689014534, -2.158826677438159], [-48.60083513350404, -2.1590021714023373], [-48.601261231267195, -2.1591617045088536], [-48.60201458601665, -2.1570580498960314]]]}}, {"type": "Feature", "properties": {"id": 115, "Parcela": "F-152", "ANO": 1984, "Ha": 18.78, "PLANTAS": 2639, "VARIEDADE": "PB-121", "Rot_labels": -15}, "geometry": {"type": "Polygon", "coordinates": [[[-48.592629599397604, -2.155988063649459], [-48.592324780046575, -2.1567805462765515], [-48.59211524942867, -2.1574414444341516], [-48.591811400712324, -2.1581138429303617], [-48.59193240843065, -2.1582354305872316], [-48.59273727488846, -2.158522652743589], [-48.5935224038928, -2.158809843375387], [-48.5943548802481, -2.1591129948955468], [-48.59507491520478, -2.1593742676622627], [-48.595522719530535, -2.1595358220907963], [-48.59615591972467, -2.1597890137442897], [-48.59628019248034, -2.1598388540237976], [-48.59631990624552, -2.159688004049619], [-48.59633594660693, -2.159529173595051], [-48.5964071665579, -2.1594260305314865], [-48.596478473900596, -2.1592672879931705], [-48.59656572160736, -2.159013257187511], [-48.59662918351933, -2.1588227309185286], [-48.596676779927535, -2.1586798362030457], [-48.59670071541543, -2.158521018245067], [-48.59671669319482, -2.158401901633659], [-48.5966459351401, -2.158211161888137], [-48.59661454118941, -2.1580919699554975], [-48.596677915588806, -2.1579570431020523], [-48.5967648136184, -2.157925410052456], [-48.59682816303627, -2.157806368734257], [-48.59685994377918, -2.1576793344190195], [-48.59686539467638, -2.157599726942575], [-48.592629599397604, -2.155988063649459]], [[-48.6011762538117, -2.1592270979086976], [-48.59977964381333, -2.1586768251160784], [-48.599684750555475, -2.158771988210784], [-48.59958186223615, -2.158930681129439], [-48.59947104116987, -2.1591131898648115], [-48.599407729079914, -2.1592084030710157], [-48.5992969827836, -2.1593432549676472], [-48.59909140547694, -2.1595335558163016], [-48.59887789538869, -2.1597476724096065], [-48.59864864454601, -2.1599299926258997], [-48.598585132670586, -2.1601522903780523], [-48.59847421145719, -2.160398341137192], [-48.598442293182835, -2.160612746275357], [-48.598513325984534, -2.160628744888215], [-48.59889198876281, -2.160827917509756], [-48.59981521636739, -2.161162984075771], [-48.600406978561814, -2.161410152473485], [-48.600501971988066, -2.1612514470426856], [-48.6009936269944, -2.1598860624911866], [-48.60123932911199, -2.1592827978561147], [-48.6011762538117, -2.1592270979086976]]]}}, {"type": "Feature", "properties": {"id": 94, "Parcela": "E-154", "ANO": 1984, "Ha": 19.68, "PLANTAS": 2909, "VARIEDADE": "PB-121", "Rot_labels": -15}, "geometry": {"type": "Polygon", "coordinates": [[[-48.597344950198625, -2.162844719744264], [-48.597155394531484, -2.163096796216828], [-48.59712360068687, -2.163231773214316], [-48.59706008798922, -2.1634540704894842], [-48.596988817523446, -2.1635889845476477], [-48.59691747197576, -2.1637715552810555], [-48.59685402170592, -2.163954138578247], [-48.59681434493609, -2.164081160148749], [-48.596758827462324, -2.1642399276580346], [-48.596655875484316, -2.164438333513578], [-48.59658437955727, -2.164716217501416], [-48.59648938538129, -2.164874921978804], [-48.59649705535576, -2.165017904605202], [-48.596796318872705, -2.165112306049517], [-48.59732562603342, -2.1652972242823303], [-48.59792530796247, -2.1655285220077785], [-48.59878499230123, -2.1658553565623877], [-48.59917395875724, -2.164775945205768], [-48.599514870606875, -2.163878949983578], [-48.59957230484183, -2.16374588751085], [-48.599538869011646, -2.1636804177627518], [-48.599139628251805, -2.163501075707035], [-48.59853518561288, -2.163278524797806], [-48.597344950198625, -2.162844719744264]], [[-48.59023103070903, -2.162582374648948], [-48.590279265424755, -2.1626608864958574], [-48.590934146821596, -2.1629319866858103], [-48.59171829357766, -2.1632162003052366], [-48.59250439291274, -2.163514316819823], [-48.59302519383506, -2.1636978322520153], [-48.59310211654931, -2.1637336975704775], [-48.5938497666803, -2.1640069313884642], [-48.59438630888519, -2.164222242996702], [-48.59451262120556, -2.1642303873784594], [-48.59457593392918, -2.1641351749609288], [-48.59452877502341, -2.1640000723037423], [-48.594615861286414, -2.1638492982873383], [-48.59467912387917, -2.1637858569161987], [-48.59471095551146, -2.1636270519194976], [-48.594790259078145, -2.163404780325367], [-48.59486156714987, -2.163246038269258], [-48.59490918929296, -2.1630872584174283], [-48.59492516763482, -2.162968142042519], [-48.595004383441925, -2.162801469759161], [-48.595036214913556, -2.162642664692543], [-48.59503646517145, -2.1624838092671452], [-48.59500518427177, -2.16229313240962], [-48.59498163600862, -2.1622057241684742], [-48.59496604559081, -2.1620786146612905], [-48.59471367142917, -2.161903470970758], [-48.594027975979245, -2.161645633214872], [-48.593747042847966, -2.1615564186535225], [-48.59301325092121, -2.161257394214474], [-48.59258319611103, -2.161105795554118], [-48.591482475487034, -2.1606791013455804], [-48.59120629142126, -2.1605833474811753], [-48.59099323824057, -2.160507551253362], [-48.59023103070903, -2.162582374648948]]]}}, {"type": "Feature", "properties": {"id": 93, "Parcela": "E-153", "ANO": 1984, "Ha": 20.14, "PLANTAS": 2989, "VARIEDADE": "PB-121", "Rot_labels": -15}, "geometry": {"type": "Polygon", "coordinates": [[[-48.598691577330946, -2.1659077879069373], [-48.59766928490572, -2.165508050064082], [-48.5966320250405, -2.1651308226203914], [-48.596524385364084, -2.1652105610948444], [-48.596524222593956, -2.165313817231013], [-48.59650032376533, -2.1654488066941986], [-48.596413337485956, -2.1655360386912723], [-48.5963342465177, -2.1656232832711892], [-48.59630253999121, -2.1657026606579652], [-48.596326125758985, -2.1657662406850373], [-48.59638930085902, -2.165758398704932], [-48.59648404472755, -2.165758549897576], [-48.59654715721575, -2.165790421808512], [-48.596554902251526, -2.1658857477653832], [-48.596538923734336, -2.1660048642620904], [-48.59650721718375, -2.1660842416558532], [-48.596388762269235, -2.166099938195191], [-48.59623880123218, -2.1660679276451034], [-48.596135986650324, -2.166178962695476], [-48.596119957960894, -2.1663298502559982], [-48.59608810101312, -2.1665045409328525], [-48.59602083412302, -2.1666037184919285], [-48.596008796897, -2.166726812618496], [-48.59589005370036, -2.1669251929006044], [-48.59579503403727, -2.1670997826446863], [-48.595826301949316, -2.167298402471893], [-48.59608668480178, -2.167402074730244], [-48.5965680492793, -2.1675616995054625], [-48.59691128950027, -2.167693303864284], [-48.59794892284367, -2.1681037069665665], [-48.59815507466506, -2.1675245191714376], [-48.598289859041465, -2.167167307834391], [-48.598470076551344, -2.1666923830647544], [-48.59857503474507, -2.16642213763921], [-48.598713752198336, -2.1660505411684308], [-48.598691577330946, -2.1659077879069373]], [[-48.59386943600029, -2.1665831634490886], [-48.59426199580469, -2.1654492050971625], [-48.59440476300671, -2.1650364081533464], [-48.5945475550769, -2.1646077255706655], [-48.59459518370474, -2.16444497443167], [-48.59455974251616, -2.1643893183470193], [-48.594453249859015, -2.164329577468872], [-48.59407256460297, -2.1641621713259944], [-48.59372734571458, -2.164034535713008], [-48.593246008307275, -2.1638590260861945], [-48.592784396853894, -2.163691490703887], [-48.59193614225397, -2.1633803679021657], [-48.59076242772085, -2.162929726684115], [-48.5902870447153, -2.1627343694857677], [-48.59017029998116, -2.1626957201422075], [-48.59003532171587, -2.1630635641085787], [-48.58995286985197, -2.1632662406961582], [-48.5898157536731, -2.163697669018081], [-48.589756267787855, -2.163869336107564], [-48.58951445317339, -2.164507348698411], [-48.58945493104089, -2.1647018510729796], [-48.589422267315136, -2.164750775365225], [-48.58937163681014, -2.1648971670041304], [-48.589694279303394, -2.1650000874223547], [-48.59021211053925, -2.165188563492515], [-48.59078011729741, -2.165421463757703], [-48.59146290100614, -2.1656779441648886], [-48.59203208584186, -2.1658954479298305], [-48.59299878487034, -2.166231022901207], [-48.59386943600029, -2.1665831634490886]]]}}, {"type": "Feature", "properties": {"id": 114, "Parcela": "F-151", "ANO": 1984, "Ha": 19.87, "PLANTAS": 2890, "VARIEDADE": "PB-121", "Rot_labels": -15}, "geometry": {"type": "Polygon", "coordinates": [[[-48.59101910445159, -2.1603765368535344], [-48.59124000906955, -2.1604801452766593], [-48.59158717542016, -2.160623668976863], [-48.59175684231085, -2.1606755676466958], [-48.592009328202806, -2.160779226441152], [-48.5922815523505, -2.1608829167138603], [-48.5925300844986, -2.16099054058129], [-48.59303508183644, -2.1611819726228867], [-48.59427001174456, -2.1616168233369937], [-48.59475527183803, -2.161808223810161], [-48.59509852320761, -2.1619318841893116], [-48.595228745544624, -2.1619638629117603], [-48.59531560005426, -2.1619600299428243], [-48.5953987132881, -2.1618251349148783], [-48.59550569996243, -2.161571135995857], [-48.595537412439185, -2.1614877871848472], [-48.595644130210914, -2.1614045578641052], [-48.59579081198667, -2.1610116231503578], [-48.59588591173578, -2.160785404921308], [-48.59595323418838, -2.1606504845870833], [-48.595977163749424, -2.1604956381522205], [-48.59601279253141, -2.160432152504451], [-48.59603665333922, -2.1603209913331214], [-48.596068334462245, -2.1602574993917893], [-48.59611188975179, -2.1601741693553596], [-48.59616725673823, -2.160110715109442], [-48.596191005076165, -2.1600710389216498], [-48.59623071887906, -2.1599201889669417], [-48.596230775089836, -2.1598844464634785], [-48.5959664452727, -2.1597807693679747], [-48.59558768385623, -2.159645138928846], [-48.5949840445022, -2.159421779739468], [-48.59450666750534, -2.159238335495716], [-48.59401349397039, -2.1590588374664157], [-48.59367023710112, -2.158939149043692], [-48.59295218019438, -2.158675893561111], [-48.59247085665933, -2.158492442921415], [-48.59206843595317, -2.1583408890661877], [-48.59178324396859, -2.158238368951631], [-48.59101910445159, -2.1603765368535344]], [[-48.59962196208882, -2.1635584292371144], [-48.60043053194772, -2.1614945824147753], [-48.59959805612868, -2.1611874600416563], [-48.598635414581665, -2.1608126166206785], [-48.59844602704332, -2.1607487728581445], [-48.59831149466253, -2.160947129102219], [-48.598208593418896, -2.1611137643880522], [-48.59812937806739, -2.161280437334973], [-48.59805023762678, -2.1613994535237415], [-48.597963289299045, -2.161462857607875], [-48.59792367534493, -2.1615501654464517], [-48.59791555517112, -2.1616931230675362], [-48.597868020897536, -2.161796303901972], [-48.597820561578075, -2.161851828001658], [-48.59777316472835, -2.161867638159054], [-48.59770186952644, -2.1620184379814873], [-48.597654385197856, -2.162089847634548], [-48.5974016477996, -2.162145044815677], [-48.59733822284792, -2.162311742708344], [-48.59715402142943, -2.1626953204658164], [-48.59740855561269, -2.1627725374183076], [-48.59850536714751, -2.163179367583575], [-48.59941277960775, -2.1635302963308765], [-48.59961804566097, -2.163538565957168], [-48.59962196208882, -2.1635584292371144]]]}}, {"type": "Feature", "properties": {"id": 174, "Parcela": "H-152", "ANO": 1983, "Ha": 25.84, "PLANTAS": 3824, "VARIEDADE": "PB-121", "Rot_labels": -15}, "geometry": {"type": "Polygon", "coordinates": [[[-48.607753295991635, -2.1413557841894675], [-48.60770110915906, -2.1413049994717204], [-48.60766197122233, -2.1412655025281966], [-48.60701462553649, -2.141024117263021], [-48.605914818907785, -2.1406334393502533], [-48.60521254898436, -2.140370221721584], [-48.60426959207939, -2.1400311687006104], [-48.60410784461268, -2.1399634002756587], [-48.60344502757699, -2.1397161302099845], [-48.60167356821737, -2.1390580607247256], [-48.601152780370015, -2.1388666136827177], [-48.599558850192174, -2.138284279871285], [-48.59923928609102, -2.13816066331122], [-48.59876360975809, -2.139422822270648], [-48.598656573376786, -2.139712566417955], [-48.598494035556115, -2.140153136522768], [-48.59844644793712, -2.140292060770491], [-48.598464178136624, -2.140313931444984], [-48.598618041865194, -2.1403737449947777], [-48.598904060675274, -2.1404913521801423], [-48.59937553663953, -2.140660879857064], [-48.60000085827532, -2.140902135238082], [-48.60028097775369, -2.141005833159498], [-48.60075836658708, -2.1411813271897393], [-48.60265609396059, -2.141875341580224], [-48.60285335133433, -2.1419550804664365], [-48.603279453352435, -2.142110636526479], [-48.60493252577624, -2.142744694051567], [-48.60552434276572, -2.1429561106703887], [-48.60585969375976, -2.143083723856061], [-48.60643963760387, -2.143314978878719], [-48.60674734933705, -2.143446520000425], [-48.60683611864682, -2.143480416759571], [-48.60692487662202, -2.1435253110884127], [-48.607753295991635, -2.1413557841894675]]]}}, {"type": "Feature", "properties": {"id": 175, "Parcela": "H-153", "ANO": 1983, "Ha": 25.65, "PLANTAS": 3742, "VARIEDADE": "PB-121", "Rot_labels": -15}, "geometry": {"type": "Polygon", "coordinates": [[[-48.60855228288867, -2.139074820728299], [-48.60008162756748, -2.135924098300352], [-48.599290913598814, -2.1379621741005996], [-48.59926711687108, -2.1380336220188862], [-48.59935974650548, -2.138123124482955], [-48.59990816650058, -2.1383146150792527], [-48.60033425435729, -2.1384781132985133], [-48.60073274622557, -2.13861773961144], [-48.60143895404478, -2.138884935156072], [-48.60210178808486, -2.139120291105659], [-48.603608887516444, -2.1396945449781346], [-48.604311162327456, -2.1399537912766857], [-48.60554999975343, -2.14041642335635], [-48.606165502306254, -2.140627876034458], [-48.60775546570658, -2.141230059402235], [-48.608072520530385, -2.1404283274715192], [-48.608262813415536, -2.1399083681292255], [-48.60851647730858, -2.1392534791922624], [-48.60855228288867, -2.139074820728299]]]}}, {"type": "Feature", "properties": {"id": 176, "Parcela": "H-154", "ANO": 1983, "Ha": 24.53, "PLANTAS": 3570, "VARIEDADE": "PB-121", "Rot_labels": -15}, "geometry": {"type": "Polygon", "coordinates": [[[-48.607889427632756, -2.136301720046089], [-48.60089482761254, -2.133685135928785], [-48.600137307010364, -2.135658101217399], [-48.60008178788873, -2.1358208418536244], [-48.60266990317656, -2.1367979042764165], [-48.60447690972476, -2.1374441116882577], [-48.60632332218817, -2.1381380376435493], [-48.60702557381526, -2.138413168097376], [-48.60860556139065, -2.139038790261739], [-48.608698855806914, -2.13874542135577], [-48.608841573236994, -2.1383564443004666], [-48.60889711063293, -2.138181788124792], [-48.608944826538384, -2.1379594624285043], [-48.60882634856446, -2.1379910482458038], [-48.60872389479672, -2.1378717445747117], [-48.608787167491734, -2.1378003578749887], [-48.60889015008335, -2.137578118784619], [-48.608827135651005, -2.13748270556049], [-48.60866149529873, -2.1373791886666043], [-48.608567145829404, -2.1371248689138915], [-48.60836243507716, -2.136759176091113], [-48.60819900224723, -2.1365047481937225], [-48.607889427632756, -2.136301720046089]]]}}, {"type": "Feature", "properties": {"id": 201, "Parcela": "I-151", "ANO": 1983, "Ha": 22.95, "PLANTAS": 3424, "VARIEDADE": "PB-121", "Rot_labels": -15}, "geometry": {"type": "Polygon", "coordinates": [[[-48.609475007296005, -2.13661249394817], [-48.60961983854837, -2.1362570994057464], [-48.60972864427459, -2.1358726180746963], [-48.6098226851042, -2.135705840939476], [-48.610061848373796, -2.1349949723256607], [-48.61017054143918, -2.134683066366081], [-48.61018869992815, -2.1346032613737993], [-48.610116598665826, -2.1345777470820773], [-48.609860651287086, -2.1344793694617508], [-48.60969047954414, -2.1344220782558465], [-48.60879886429082, -2.1340672255557744], [-48.60830172881288, -2.1338956760300247], [-48.60792297898812, -2.1337521117527545], [-48.60777306797215, -2.1336883342296864], [-48.60768231588794, -2.1336603921826924], [-48.607666371930065, -2.133759653074596], [-48.60769374729754, -2.1339264961315205], [-48.60776059263661, -2.134097372403186], [-48.60792597477069, -2.1343676887730707], [-48.60801657950169, -2.1344909450583], [-48.60808742774093, -2.134626084734857], [-48.60813465785459, -2.134717501666855], [-48.608225287174584, -2.1348248722787857], [-48.60827640348578, -2.134956009659594], [-48.60831170475631, -2.1351030080324387], [-48.608327292504946, -2.135234089806875], [-48.608350818483565, -2.135337383963351], [-48.60838559132553, -2.135825924992147], [-48.60838145935879, -2.1359450615911575], [-48.60840496686357, -2.1360602700405376], [-48.6085272263188, -2.1361359187933533], [-48.60851526669554, -2.1362113573479693], [-48.60859415765034, -2.136251195263863], [-48.608641393899255, -2.136338640841844], [-48.60862945270531, -2.136402165121529], [-48.60859387494827, -2.1364338808885175], [-48.60874773999548, -2.1364936934246317], [-48.60891737712221, -2.136565444971533], [-48.609078178061985, -2.13664816040901], [-48.609252882053255, -2.13659377045267], [-48.6093883487834, -2.1366704188671153], [-48.609475007296005, -2.13661249394817]], [[-48.606435992002446, -2.1331749059957956], [-48.60173518278162, -2.1314662988826263], [-48.601640059370396, -2.1317123776151115], [-48.60149744179397, -2.1320378101694355], [-48.60141814549722, -2.132260085125334], [-48.600926576215045, -2.1335937094396535], [-48.6012185133197, -2.1337133099686643], [-48.60190897289249, -2.1339526782301292], [-48.60351076234881, -2.1345588463989396], [-48.60417355352547, -2.134821999608257], [-48.60620933828632, -2.1355877047645278], [-48.607542894179254, -2.136066366129284], [-48.60763012287418, -2.1358202739121857], [-48.60755144099273, -2.135645407596467], [-48.60749654313871, -2.135407035619641], [-48.6074888937326, -2.135248166315817], [-48.60746547843196, -2.135073386591744], [-48.607465748798205, -2.134898643962099], [-48.60745017953632, -2.134755647994947], [-48.60736351636531, -2.1346363693142787], [-48.60725322896694, -2.1344773393301613], [-48.60719819585712, -2.134326338736889], [-48.6071905709364, -2.1341515837797673], [-48.607111753861815, -2.134064088883764], [-48.60694626137371, -2.13386525821812], [-48.6068912896855, -2.133674543453444], [-48.606844188635826, -2.133499726746414], [-48.60671010508054, -2.1334121453847503], [-48.60663923240256, -2.133292891526272], [-48.60656430156812, -2.1332451170734794], [-48.606435992002446, -2.1331749059957956]]]}}, {"type": "Feature", "properties": {"id": 202, "Parcela": "I-152", "ANO": 1983, "Ha": 23.5, "PLANTAS": 3265, "VARIEDADE": "PB-121", "Rot_labels": -15}, "geometry": {"type": "Polygon", "coordinates": [[[-48.60253999025525, -2.1292395939047104], [-48.601740617740674, -2.1313912671464013], [-48.60615804823252, -2.1330181096569985], [-48.606292352807735, -2.132962719870455], [-48.606371317204946, -2.1329549006061908], [-48.60626107904654, -2.1327640994389068], [-48.60630881876178, -2.1325258883704046], [-48.60639586254903, -2.1323989388222326], [-48.60649071557236, -2.132327601495293], [-48.60649096114433, -2.1321687446672977], [-48.60636496932846, -2.131954090328168], [-48.60647780104193, -2.1317960347584597], [-48.60651560431536, -2.1315492400803917], [-48.606579072797516, -2.1313507678172083], [-48.60668985110554, -2.131192083818364], [-48.606745375223056, -2.131025370533082], [-48.60678509663494, -2.1308665753889904], [-48.60659582035305, -2.1307312508246974], [-48.60586994061773, -2.130420344384391], [-48.60256372489181, -2.1292078596961956], [-48.60253999025525, -2.1292395939047104]], [[-48.6110217670947, -2.1323692276223594], [-48.610938911962755, -2.132300151165885], [-48.60726654465333, -2.1309705852449707], [-48.607116118595656, -2.131240407488967], [-48.60708430463391, -2.1313912721683796], [-48.60714731905049, -2.131486685068072], [-48.60724967453665, -2.1316695310037255], [-48.607312480339345, -2.1318999723067096], [-48.607257029763765, -2.132019028569242], [-48.60723308637513, -2.1321857912875095], [-48.60720910613485, -2.132376382535939], [-48.60728777592913, -2.132559191489657], [-48.607334975349865, -2.132670465439128], [-48.607429239134376, -2.1329803846711757], [-48.607491995690104, -2.1332425974424476], [-48.60764146457458, -2.1335923174588274], [-48.607909791642165, -2.1336642231348226], [-48.61022482625628, -2.1345670299645816], [-48.610590632397646, -2.133598714623468], [-48.611014469058155, -2.132423648116778], [-48.6110217670947, -2.1323692276223594]]]}}, {"type": "Feature", "properties": {"id": 197, "Parcela": "I-141", "ANO": 1983, "Ha": 25.8, "PLANTAS": 3659, "VARIEDADE": "PB-121", "Rot_labels": -15}, "geometry": {"type": "Polygon", "coordinates": [[[-48.61032214810276, -2.1347104991712613], [-48.609539596957646, -2.136830322404785], [-48.612191548705226, -2.1378234015124447], [-48.616889050818, -2.1395621625957455], [-48.617765871128945, -2.139886530658623], [-48.61803825521628, -2.1399808510207974], [-48.618536867426975, -2.1386295457259896], [-48.618614467790934, -2.1383613070221625], [-48.61868688774291, -2.1381828408977066], [-48.61877307221491, -2.137908807522783], [-48.61878894856711, -2.137853231779953], [-48.61872889512343, -2.137780918368956], [-48.61293406601108, -2.1356280148917737], [-48.61043386556856, -2.1346762205872567], [-48.61033799995435, -2.13467080954761], [-48.61032214810276, -2.1347104991712613]]]}}, {"type": "Feature", "properties": {"id": 198, "Parcela": "I-142", "ANO": 1983, "Ha": 25.78, "PLANTAS": 3643, "VARIEDADE": "PB-121", "Rot_labels": -15}, "geometry": {"type": "Polygon", "coordinates": [[[-48.610357897604196, -2.134567583186568], [-48.61038310457718, -2.1346068864363876], [-48.61879304319002, -2.1377579229919053], [-48.618848359333676, -2.137726237586699], [-48.61897917682459, -2.1373729812180695], [-48.6192130370792, -2.136757768668847], [-48.619264638048364, -2.1365751616517183], [-48.61926078829807, -2.1365116121738508], [-48.619237285945694, -2.1363924315127183], [-48.61928873390286, -2.136309110920024], [-48.61937652652515, -2.1362647766167124], [-48.61939945168523, -2.136190139515511], [-48.61940353391912, -2.136102773592593], [-48.619376004351615, -2.136035215727655], [-48.619328779348, -2.135939826890341], [-48.619289523047065, -2.1357967928724557], [-48.61918326067214, -2.1355861394783644], [-48.61902564217327, -2.1353992348626587], [-48.61890734728018, -2.135311678218927], [-48.618750464516175, -2.1352477327325055], [-48.617952616363176, -2.134920986378669], [-48.61733316676696, -2.1347055615854447], [-48.615384128961665, -2.133991630627225], [-48.61444121411396, -2.133620814201002], [-48.61382572679158, -2.1333974523974204], [-48.612701290246534, -2.132982666544733], [-48.611612359176355, -2.1325838217639346], [-48.61115073283543, -2.1324242431240914], [-48.61104367524588, -2.1327298770841843], [-48.61088114244977, -2.133170453383992], [-48.6107542667965, -2.1335276849891036], [-48.610357897604196, -2.134567583186568]]]}}, {"type": "Feature", "properties": {"id": 153, "Parcela": "G-174", "ANO": 1984, "Ha": 25.69, "PLANTAS": 3841, "VARIEDADE": "PB-121", "Rot_labels": -15}, "geometry": {"type": "Polygon", "coordinates": [[[-48.58038012647416, -2.136172438159705], [-48.579647761250285, -2.1382761506145687], [-48.57962395771063, -2.138351568525168], [-48.57999881736893, -2.1384992503342604], [-48.580813523013816, -2.1387980970623515], [-48.58143712307269, -2.1390567247741816], [-48.58229870918077, -2.1393629031535704], [-48.58298002173687, -2.1396216222990203], [-48.58505064557912, -2.1403835809789027], [-48.58581601294188, -2.140678674952169], [-48.587817779658316, -2.1414182487059614], [-48.58808818413174, -2.141494880243716], [-48.588856126562696, -2.1394095743300414], [-48.58883404206892, -2.1393490703911358], [-48.5886802424255, -2.139249788348862], [-48.586780852975906, -2.1385866164143206], [-48.58038012647416, -2.136172438159705]]]}}, {"type": "Feature", "properties": {"id": 152, "Parcela": "G-173", "ANO": 1984, "Ha": 25.63, "PLANTAS": 3808, "VARIEDADE": "PB-121", "Rot_labels": -15}, "geometry": {"type": "Polygon", "coordinates": [[[-48.58805190423303, -2.1416290858512483], [-48.587970860666104, -2.1415563828908795], [-48.579717531837346, -2.1384625169461016], [-48.57961786829274, -2.1384587853520145], [-48.57936425409611, -2.1390779136101097], [-48.57910261974881, -2.139776455850328], [-48.578809292281846, -2.1405464316975884], [-48.57884850962252, -2.1405984460096144], [-48.57894221643616, -2.1406457680820017], [-48.57990473321613, -2.1409920244460237], [-48.58254707271122, -2.141994116418104], [-48.58430694617341, -2.142636152000232], [-48.58716489771761, -2.1437323436622067], [-48.587279770482, -2.143707180153757], [-48.58805190423303, -2.1416290858512483]]]}}, {"type": "Feature", "properties": {"id": 151, "Parcela": "G-172", "ANO": 1984, "Ha": 21.74, "PLANTAS": 3301, "VARIEDADE": "PB-121", "Rot_labels": -15}, "geometry": {"type": "Polygon", "coordinates": [[[-48.578781444370584, -2.140683398987832], [-48.5779964984995, -2.1428028505801824], [-48.57934572444173, -2.1433371576269886], [-48.58245465445963, -2.144454080059196], [-48.58334626837609, -2.1447970340180746], [-48.58437200092613, -2.1452037428102217], [-48.58453777407018, -2.145219891615975], [-48.58466410889562, -2.1452121495659506], [-48.5848142912195, -2.1451011898552017], [-48.58490920749159, -2.1449901423367175], [-48.58498824621434, -2.1449346687204933], [-48.585075317159784, -2.1447918377698896], [-48.585130782568264, -2.1446648420847167], [-48.58526513713933, -2.1445776853072003], [-48.58539949170298, -2.1444905285003992], [-48.58557330954693, -2.1444113770402256], [-48.58575498517471, -2.1443560662259302], [-48.58582622834358, -2.1442370382111666], [-48.58588961370489, -2.144094169493693], [-48.58596860255741, -2.144070466613009], [-48.585984206064545, -2.1441896324685246], [-48.58602361955119, -2.144229408710207], [-48.586086942641614, -2.144126253566445], [-48.586181759161384, -2.14407874756374], [-48.58630022378202, -2.1440551072911638], [-48.58637134239815, -2.144015506409786], [-48.58639517725027, -2.1439202313155286], [-48.58650573427074, -2.143904521208024], [-48.586576728396636, -2.1439443475383975], [-48.5866478594599, -2.143896803906144], [-48.58675854096789, -2.1438016665292676], [-48.586790308275496, -2.143682575744391], [-48.586577288540134, -2.143586924978445], [-48.57880516705017, -2.1406596085884018], [-48.578781444370584, -2.140683398987832]]]}}, {"type": "Feature", "properties": {"id": 150, "Parcela": "G-171", "ANO": 1984, "Ha": 18.95, "PLANTAS": 2779, "VARIEDADE": "PB-121", "Rot_labels": -15}, "geometry": {"type": "Polygon", "coordinates": [[[-48.577183761607664, -2.1450195529050533], [-48.57716789638028, -2.1450671837553927], [-48.58338564578353, -2.147372524964743], [-48.58342520893407, -2.147316988833177], [-48.583520450078844, -2.1469994313387386], [-48.58356005064851, -2.1469200670705577], [-48.58362344898549, -2.14676925611184], [-48.58370272494727, -2.146562871300188], [-48.5837819759069, -2.1463723718733307], [-48.583845473956046, -2.146158019196089], [-48.583964025927045, -2.1460787803739376], [-48.58395623057426, -2.14601522616108], [-48.58394848511444, -2.145919901117402], [-48.58397233270918, -2.145816683559712], [-48.58405944124058, -2.1456500247074866], [-48.584178030561986, -2.1455469576832704], [-48.584312460039804, -2.1454121448798134], [-48.58435212279923, -2.1452930669448653], [-48.584281103888465, -2.145269125925643], [-48.584091745090994, -2.1451893977862238], [-48.58322381579917, -2.1448464814573263], [-48.57942844519518, -2.1434504726909536], [-48.57796873767451, -2.142884219012216], [-48.577762565927046, -2.143455764744283], [-48.577183761607664, -2.1450195529050533]]]}}, {"type": "Feature", "properties": {"id": 125, "Parcela": "F-174", "ANO": 1984, "Ha": 13.19, "PLANTAS": 2001, "VARIEDADE": "PB-121", "Rot_labels": -15}, "geometry": {"type": "Polygon", "coordinates": [[[-48.57654953862101, -2.14667856330494], [-48.576537645893524, -2.1467103150736184], [-48.57657704007601, -2.146762005350888], [-48.57690449312468, -2.1468856392126767], [-48.57890079446524, -2.1476274924984806], [-48.581662441747426, -2.148680330392382], [-48.58170201749769, -2.1486168517215027], [-48.581745540816826, -2.148553379333691], [-48.58183241869581, -2.148533660926103], [-48.581935061876806, -2.14852985305151], [-48.58203381998364, -2.1484863254008135], [-48.58218386531988, -2.1484627362041953], [-48.58230238005243, -2.1484073259076473], [-48.58233796446338, -2.148371640339495], [-48.582385435333535, -2.148308174180889], [-48.582460445511536, -2.1483043222535487], [-48.58249206984757, -2.1482765730887157], [-48.58253953446224, -2.1482170782642886], [-48.58257910392158, -2.1481575708651173], [-48.58260290181522, -2.148086124274733], [-48.5826859195777, -2.1480108005899328], [-48.582812316942544, -2.147963345461208], [-48.582911056298066, -2.1479317317356585], [-48.58302556097982, -2.147916028534026], [-48.583116398945215, -2.147888373572878], [-48.58321516328762, -2.147840874408233], [-48.583278474368456, -2.14774566247346], [-48.58335756949957, -2.147654447003262], [-48.58339329746801, -2.147527420261487], [-48.58339340983956, -2.147455935921627], [-48.58326713111684, -2.1474279354819634], [-48.58309749776137, -2.1473561810821744], [-48.581858665612934, -2.1469054461035415], [-48.58029242471462, -2.146303278239722], [-48.57868670477053, -2.1457050186185933], [-48.577806918584365, -2.1453739953863966], [-48.577163848797255, -2.1451307188093964], [-48.577136178422556, -2.145154502784405], [-48.57654953862101, -2.14667856330494]]]}}, {"type": "Feature", "properties": {"id": 120, "Parcela": "F-163", "ANO": 1984, "Ha": 25.14, "PLANTAS": 3593, "VARIEDADE": "PB-121", "Rot_labels": -15}, "geometry": {"type": "Polygon", "coordinates": [[[-48.59333302723416, -2.1537574842714484], [-48.59332452079154, -2.1537217468822045], [-48.58970514237573, -2.152398760457509], [-48.58889050525128, -2.1520491062457117], [-48.58752782075388, -2.1515606882607643], [-48.586017342633625, -2.151013975158107], [-48.58511971377592, -2.150685960941389], [-48.58495201358501, -2.1509412055737274], [-48.58483633217784, -2.151197815684702], [-48.58469286608123, -2.151560671882941], [-48.58464526993844, -2.1517035652191154], [-48.584579825205985, -2.151900043537078], [-48.584549983790815, -2.1520489221867978], [-48.58448458589011, -2.1522156153054026], [-48.58443697088343, -2.1523704226539113], [-48.58438932770397, -2.152543101086705], [-48.584323995395785, -2.152668094929469], [-48.5843047974225, -2.1528074648783058], [-48.58443817067232, -2.1528621083252903], [-48.58533218696642, -2.1531937471826845], [-48.586334066514716, -2.153581511750654], [-48.59047361962704, -2.1551607700998154], [-48.59255642746253, -2.155886885605952], [-48.59257454247314, -2.1558361120301575], [-48.59333302723416, -2.1537574842714484]]]}}, {"type": "Feature", "properties": {"id": 138, "Parcela": "G-131", "ANO": 1984, "Ha": 15.63, "PLANTAS": 2336, "VARIEDADE": "PB-121", "Rot_labels": -15}, "geometry": {"type": "Polygon", "coordinates": [[[-48.620809558908086, -2.158907206402459], [-48.61794360422339, -2.1578140478730115], [-48.61570799219353, -2.157013059705914], [-48.61489503810259, -2.1591333465688582], [-48.614961132571466, -2.159191547391309], [-48.61794331636884, -2.160314297572768], [-48.62004872078518, -2.161054267031563], [-48.62079859642596, -2.1589979095817817], [-48.620809558908086, -2.158907206402459]]]}}, {"type": "Feature", "properties": {"id": 139, "Parcela": "G-132", "ANO": 1984, "Ha": 15.55, "PLANTAS": 2260, "VARIEDADE": "PB-121", "Rot_labels": -15}, "geometry": {"type": "Polygon", "coordinates": [[[-48.62085295150541, -2.1588383271905034], [-48.621610047625346, -2.1567747205919248], [-48.62160304202358, -2.1566404432406365], [-48.6165264719885, -2.1547520219282217], [-48.61573706770609, -2.156915894773837], [-48.62085295150541, -2.1588383271905034]]]}}, {"type": "Feature", "properties": {"id": 140, "Parcela": "G-133", "ANO": 1984, "Ha": 15.86, "PLANTAS": 2285, "VARIEDADE": "PB-121", "Rot_labels": -15}, "geometry": {"type": "Polygon", "coordinates": [[[-48.61734944788759, -2.152522308485365], [-48.61725085044885, -2.1525424897682304], [-48.61678786713513, -2.153820806935405], [-48.61668598031656, -2.1541197868821533], [-48.61665085950519, -2.1542179702617394], [-48.61663188648168, -2.154287527808598], [-48.61647767206659, -2.154669042232872], [-48.616592136659854, -2.154727432104185], [-48.62167525182939, -2.156597010943849], [-48.62239241131237, -2.1546966356880257], [-48.62247212798274, -2.1544645162581366], [-48.622435792656994, -2.1544105229137864], [-48.61734944788759, -2.152522308485365]]]}}, {"type": "Feature", "properties": {"id": 141, "Parcela": "G-134", "ANO": 1984, "Ha": 15.74, "PLANTAS": 2341, "VARIEDADE": "PB-121", "Rot_labels": -15}, "geometry": {"type": "Polygon", "coordinates": [[[-48.62326442345731, -2.1521743182710935], [-48.61810679325417, -2.150291780376656], [-48.617806811742625, -2.1511581778704194], [-48.61730515841898, -2.1524317370071953], [-48.62250832289211, -2.154384739002536], [-48.62327625829048, -2.152302999410204], [-48.62326442345731, -2.1521743182710935]]]}}, {"type": "Feature", "properties": {"id": 166, "Parcela": "H-131", "ANO": 1983, "Ha": 15.92, "PLANTAS": 2316, "VARIEDADE": "PB-121", "Rot_labels": -15}, "geometry": {"type": "Polygon", "coordinates": [[[-48.62412032542357, -2.14997098724114], [-48.61895434960728, -2.1480359891282754], [-48.61889429665028, -2.148029647878294], [-48.61813060761431, -2.1501478326886625], [-48.61817181645701, -2.150230192682234], [-48.62331979089816, -2.152143399395574], [-48.623359570211235, -2.15207814292618], [-48.62412032542357, -2.14997098724114]]]}}, {"type": "Feature", "properties": {"id": 167, "Parcela": "H-132", "ANO": 1983, "Ha": 16.11, "PLANTAS": 2585, "VARIEDADE": "PB-121", "Rot_labels": -15}, "geometry": {"type": "Polygon", "coordinates": [[[-48.624935294349044, -2.1477913369979236], [-48.624856106462744, -2.147682348297645], [-48.61980548494712, -2.145794715430258], [-48.61962064213492, -2.145873779584095], [-48.6189411787408, -2.1479419362625687], [-48.61899770765259, -2.147988882536726], [-48.62410206757527, -2.14989383982029], [-48.62415290159937, -2.14989846171556], [-48.624935294349044, -2.1477913369979236]]]}}, {"type": "Feature", "properties": {"id": 168, "Parcela": "H-133", "ANO": 1983, "Ha": 25.04, "PLANTAS": 3217, "VARIEDADE": "PB-121", "Rot_labels": -15}, "geometry": {"type": "Polygon", "coordinates": [[[-48.6257720573611, -2.1455101104416574], [-48.62559587270643, -2.1454127442427873], [-48.62047483843527, -2.143513695618288], [-48.6196685844389, -2.145685636619267], [-48.61971901614693, -2.1457292613652514], [-48.624924674910126, -2.1476606825480085], [-48.62500408707029, -2.147624518432092], [-48.6257720573611, -2.1455101104416574]], [[-48.620336677678004, -2.1435322585531913], [-48.62036666585723, -2.143453433756409], [-48.61892644100692, -2.142917858759208], [-48.618806935261254, -2.1429439623555817], [-48.61871727257515, -2.1429851357855236], [-48.61866114558574, -2.143067675361924], [-48.61852283987926, -2.1431801326686406], [-48.61832484806687, -2.1432624502259054], [-48.617906650617776, -2.1433068652040865], [-48.61738714337603, -2.1436816306600317], [-48.61737958384139, -2.1437417114087087], [-48.617364569359836, -2.1437942689099616], [-48.61728246619738, -2.143775361412453], [-48.61719270470283, -2.1438803828602064], [-48.61714776002015, -2.1439742071220262], [-48.61711405004831, -2.14404551425761], [-48.61708406754081, -2.1441205830129566], [-48.617065337189295, -2.1441618673181444], [-48.61701667081874, -2.1442481741570347], [-48.616960497179754, -2.1443607597255783], [-48.616904271200845, -2.1445071472678996], [-48.61674298990185, -2.1449913908178275], [-48.61678395716037, -2.145055303362839], [-48.61688840188927, -2.14511180382083], [-48.61933221790474, -2.1460771144081554], [-48.619410611261245, -2.1460809929816667], [-48.620336677678004, -2.1435322585531913]]]}}, {"type": "Feature", "properties": {"id": 169, "Parcela": "H-134", "ANO": 1983, "Ha": 20.19, "PLANTAS": 2867, "VARIEDADE": "PB-121", "Rot_labels": -15}, "geometry": {"type": "Polygon", "coordinates": [[[-48.626592498887646, -2.1432832876451386], [-48.626401474144394, -2.14318501124964], [-48.621223592768274, -2.1413774736730318], [-48.62048902592589, -2.1434624559356137], [-48.62570188703575, -2.1454011359288603], [-48.62581004940795, -2.1454339643098983], [-48.626592498887646, -2.1432832876451386]], [[-48.61810610479366, -2.1401640517448897], [-48.6174061722078, -2.141945400542072], [-48.61750019943607, -2.1419813042124716], [-48.61784179593675, -2.1420922357864227], [-48.617886635930994, -2.1420660154138838], [-48.617940875878126, -2.1419966181778682], [-48.61798951880131, -2.1419253342858124], [-48.61804547156774, -2.141955468108695], [-48.61808281597784, -2.14194801494118], [-48.618101592654334, -2.141876684325006], [-48.61812780106382, -2.1418279000615357], [-48.61816517448965, -2.141801667989413], [-48.61825865737691, -2.1417041636688476], [-48.618318453690925, -2.1416629434937446], [-48.618389420831384, -2.1416405197268125], [-48.61853877526063, -2.14162573009618], [-48.61859108180491, -2.14159952134814], [-48.61862855385402, -2.1415094409722037], [-48.618812192281226, -2.141051521605305], [-48.61884214551809, -2.1409952315594243], [-48.618909622924086, -2.1408150590539354], [-48.61905204418699, -2.14045472564493], [-48.61899985364928, -2.1404058188198887], [-48.6181379478214, -2.1400927415199105], [-48.61810610479366, -2.1401640517448897]], [[-48.62048684036118, -2.14208792066254], [-48.620073535461955, -2.141985868344487], [-48.62003987209624, -2.1420271294688566], [-48.620002365245405, -2.1421397446661437], [-48.61997241775708, -2.1421922789720558], [-48.61984539323127, -2.14225217312192], [-48.619789266326514, -2.1423347128386214], [-48.619714472983965, -2.142417223364698], [-48.61952392456913, -2.142514576067488], [-48.61945672543136, -2.142514470998309], [-48.61929242606992, -2.142536748846831], [-48.61921395164918, -2.142585451426109], [-48.619120433820186, -2.1427054905060516], [-48.61895585586265, -2.14290804581872], [-48.62028415168154, -2.143398376235025], [-48.62039244610012, -2.1433797665938124], [-48.6207588484897, -2.142426367303365], [-48.62066575982954, -2.142268478419077], [-48.62048684036118, -2.14208792066254]], [[-48.6209021801705, -2.1414763748127865], [-48.62074555022483, -2.1413672120892873], [-48.62068949297252, -2.1414046824903568], [-48.62063340673601, -2.1414609318188957], [-48.620569906094985, -2.141483367400016], [-48.620491530281605, -2.1414682217872643], [-48.620427890510065, -2.1415807962226943], [-48.62037928242791, -2.141629545617144], [-48.62033810032871, -2.1417045971721116], [-48.620263330247056, -2.141772084651257], [-48.62022957991401, -2.1418696825718024], [-48.62024069279104, -2.1419260368539157], [-48.620356349282126, -2.141975042909904], [-48.62039736324684, -2.1420089091514187], [-48.62046823771051, -2.1420465778481415], [-48.620531663001294, -2.142072967519911], [-48.62059876359977, -2.1421369208887193], [-48.62062482703097, -2.1421820311600808], [-48.6206696206859, -2.1421858569478887], [-48.6207293416962, -2.1421934618544913], [-48.62078899892885, -2.142242380415405], [-48.62083384477462, -2.1422124041175135], [-48.62080408283386, -2.142144753287589], [-48.62081910875266, -2.142084684027364], [-48.62085658077562, -2.141994603463927], [-48.62093136247943, -2.141919604364124], [-48.62096900838218, -2.14171685016314], [-48.62099163995513, -2.141566653651539], [-48.6209021801705, -2.1414763748127865]]]}}, {"type": "Feature", "properties": {"id": 130, "Parcela": "G-111", "ANO": 1984, "Ha": 25.47, "PLANTAS": 3750, "VARIEDADE": "PB-121", "Rot_labels": -15}, "geometry": {"type": "Polygon", "coordinates": [[[-48.637192153372645, -2.1674820744725842], [-48.63803918526561, -2.165356371839589], [-48.62955140731058, -2.1621646950016804], [-48.62876251047551, -2.1642954792761917], [-48.634614496546554, -2.1665308948341835], [-48.637192153372645, -2.1674820744725842]]]}}, {"type": "Feature", "properties": {"id": 131, "Parcela": "G-112", "ANO": 1984, "Ha": 26.11, "PLANTAS": 3853, "VARIEDADE": "PB-121", "Rot_labels": -15}, "geometry": {"type": "Polygon", "coordinates": [[[-48.63810824991011, -2.165237245974238], [-48.6388653053755, -2.1631990102465615], [-48.6388293740335, -2.1631082323589794], [-48.63875008931224, -2.1630609329831723], [-48.63038811310054, -2.159937899582665], [-48.62956590910815, -2.1621175428523247], [-48.634652643139496, -2.1640306741983575], [-48.63807929698171, -2.165298891261589], [-48.63810824991011, -2.165237245974238]]]}}, {"type": "Feature", "properties": {"id": 132, "Parcela": "G-113", "ANO": 1984, "Ha": 26.19, "PLANTAS": 3810, "VARIEDADE": "PB-113", "Rot_labels": -15}, "geometry": {"type": "Polygon", "coordinates": [[[-48.63040621629794, -2.1598943818655205], [-48.638602376089736, -2.1629485941497144], [-48.638758161382825, -2.162973919867089], [-48.63885798580362, -2.1629113715818513], [-48.63904094343473, -2.1627529347253693], [-48.639697879450836, -2.160850705486235], [-48.63122955400924, -2.157687604586972], [-48.63040621629794, -2.1598943818655205]]]}}, {"type": "Feature", "properties": {"id": 133, "Parcela": "G-114", "ANO": 1984, "Ha": 25.87, "PLANTAS": 3816, "VARIEDADE": "PB-113", "Rot_labels": -15}, "geometry": {"type": "Polygon", "coordinates": [[[-48.640466705122684, -2.1586490996399], [-48.64045595641214, -2.1586019075517817], [-48.63202004582495, -2.155471533219756], [-48.63124477464127, -2.1576323261230237], [-48.63972026670964, -2.1608262832140355], [-48.640488146557296, -2.158779772428537], [-48.640466705122684, -2.1586490996399]]]}}, {"type": "Feature", "properties": {"id": 158, "Parcela": "H-111", "ANO": 1984, "Ha": 25.35, "PLANTAS": 3796, "VARIEDADE": "PB-121", "Rot_labels": -15}, "geometry": {"type": "Polygon", "coordinates": [[[-48.64128770407, -2.1564172376024824], [-48.63285497410834, -2.1532705829280827], [-48.63208145402824, -2.155415382155166], [-48.64044164532245, -2.1585256789451988], [-48.64058596538247, -2.158504131033141], [-48.641292287482806, -2.1566073334869795], [-48.64132131247881, -2.1564985125827634], [-48.64128770407, -2.1564172376024824]]]}}, {"type": "Feature", "properties": {"id": 159, "Parcela": "H-112", "ANO": 1983, "Ha": 25.96, "PLANTAS": 3711, "VARIEDADE": "PB-121", "Rot_labels": -15}, "geometry": {"type": "Polygon", "coordinates": [[[-48.632930010875164, -2.15311393941749], [-48.632914542882524, -2.1531841565839196], [-48.641375608354444, -2.1563762441084338], [-48.642183321574315, -2.154222737695904], [-48.642071639308476, -2.154131841954001], [-48.633687441289716, -2.1510082568942677], [-48.632930010875164, -2.15311393941749]]]}}, {"type": "Feature", "properties": {"id": 165, "Parcela": "H-124", "ANO": 1982, "Ha": 27.42, "PLANTAS": 3909, "VARIEDADE": "PB-121", "Rot_labels": -15}, "geometry": {"type": "Polygon", "coordinates": [[[-48.635310107505184, -2.146176245089858], [-48.63529887903426, -2.1461471562380052], [-48.63434755394846, -2.1458191195710388], [-48.63368053352675, -2.145625752264845], [-48.63210294987168, -2.1451451829532022], [-48.6304147336633, -2.1445656746872714], [-48.6289570198291, -2.144061770131203], [-48.62671342403305, -2.1432670367221607], [-48.62590571944101, -2.145421303045362], [-48.62594890377795, -2.1454866894464324], [-48.63440276113411, -2.1486206807264967], [-48.635310107505184, -2.146176245089858]]]}}, {"type": "Feature", "properties": {"id": 161, "Parcela": "H-114", "ANO": 1982, "Ha": 32.21, "PLANTAS": 4669, "VARIEDADE": "PB-121", "Rot_labels": -15}, "geometry": {"type": "Polygon", "coordinates": [[[-48.63537753129659, -2.1463268732047562], [-48.63454464321674, -2.148714925200364], [-48.63612709140558, -2.1493315822236183], [-48.63856900074903, -2.1502383289868257], [-48.64302378237197, -2.1518816061468096], [-48.64315779883371, -2.1515225556697097], [-48.64361061480221, -2.150271296440332], [-48.64403451066036, -2.1490599090319575], [-48.643140079982544, -2.1487154405946045], [-48.64229287372989, -2.148406872029221], [-48.6413273294751, -2.148041685363571], [-48.64044891224857, -2.1477644204358155], [-48.63543997095017, -2.146254860262766], [-48.63537753129659, -2.1463268732047562]]]}}, {"type": "Feature", "properties": {"id": 185, "Parcela": "I-111", "ANO": 1982, "Ha": 22.96, "PLANTAS": 2949, "VARIEDADE": "PB-121", "Rot_labels": -15}, "geometry": {"type": "Polygon", "coordinates": [[[-48.64481321169749, -2.1469962837949224], [-48.64356591814019, -2.1464863069955213], [-48.642549282963195, -2.146107327324362], [-48.641530302302094, -2.1457470087869757], [-48.64114326760246, -2.145604361796723], [-48.64077191096742, -2.1454876617446366], [-48.6396862672022, -2.145154723715817], [-48.63861946261418, -2.144827495866062], [-48.6374123206797, -2.144461443113596], [-48.63666468293468, -2.1442596274844714], [-48.63605246353932, -2.146344000147938], [-48.639293732255815, -2.147350605215529], [-48.640371769586125, -2.147675249426687], [-48.64100633052829, -2.1478685652345995], [-48.64299274088964, -2.1486046822401392], [-48.644052663263075, -2.148983730735445], [-48.64481321169749, -2.1469962837949224]]]}}, {"type": "Feature", "properties": {"id": 186, "Parcela": "I-112", "ANO": 1982, "Ha": 23.36, "PLANTAS": 3072, "VARIEDADE": "PB-121", "Rot_labels": -15}, "geometry": {"type": "Polygon", "coordinates": [[[-48.64558846185997, -2.1448274128262237], [-48.642693551374954, -2.1437632970906066], [-48.641997758238645, -2.1435118267635933], [-48.64051954697432, -2.1430450403497603], [-48.63896722165145, -2.142563908395448], [-48.63736480125166, -2.1420712410372995], [-48.636723096673876, -2.1441858710779496], [-48.63858350826612, -2.1447512338731713], [-48.63973004015359, -2.1451013847900664], [-48.63997159535597, -2.1451815947808175], [-48.64014826679706, -2.1452326731179983], [-48.64119022708455, -2.145560888184423], [-48.64184998225613, -2.145790530616765], [-48.64277288661587, -2.1461330762208046], [-48.64340375800647, -2.1463808181033026], [-48.64377508233589, -2.146519291193462], [-48.64413200603617, -2.1466395975434867], [-48.64446005048603, -2.1467743746290435], [-48.64484581494819, -2.1469056122885504], [-48.64558846185997, -2.1448274128262237]]]}}, {"type": "Feature", "properties": {"id": 187, "Parcela": "I-113", "ANO": 1982, "Ha": 23.88, "PLANTAS": 3148, "VARIEDADE": "PB-121", "Rot_labels": -15}, "geometry": {"type": "Polygon", "coordinates": [[[-48.64637079370989, -2.1427420143083333], [-48.64617258394765, -2.142621954663348], [-48.643680625872896, -2.1416964781298993], [-48.64250980543399, -2.141262717067574], [-48.641743221546434, -2.1410225394842146], [-48.6404661035682, -2.1406129820963207], [-48.63885874103535, -2.140140208288193], [-48.63802826049719, -2.139880436275871], [-48.637397359845544, -2.142009600887154], [-48.64073041314784, -2.1430337912128583], [-48.64180817596775, -2.143380337094603], [-48.64228163637449, -2.143537832418849], [-48.64343631554632, -2.14396403580505], [-48.6445430792658, -2.144375813037213], [-48.645339802145465, -2.144674614807599], [-48.64562464429021, -2.1447548911583265], [-48.64637079370989, -2.1427420143083333]]]}}, {"type": "Feature", "properties": {"id": 211, "Parcela": "J-104", "ANO": 1989, "Ha": 23.75, "PLANTAS": 3716, "VARIEDADE": "PB-121", "Rot_labels": -15}, "geometry": {"type": "Polygon", "coordinates": [[[-48.6589926513075, -2.135040527590985], [-48.65872233447405, -2.134894956700763], [-48.6584221692004, -2.134810524278665], [-48.655483741585286, -2.133672269521004], [-48.65281354683455, -2.132694034969861], [-48.65247200125299, -2.1325498162379977], [-48.652197763085695, -2.132543124867222], [-48.65204804984943, -2.132624411822493], [-48.65156136051583, -2.132968543089299], [-48.651206009150485, -2.1330181615406545], [-48.65095034614615, -2.133093015049199], [-48.65042033102319, -2.1332364226314104], [-48.6502268732705, -2.1333928881299986], [-48.650015050042995, -2.1333298575417503], [-48.6499589539942, -2.133329771337711], [-48.6497093933114, -2.1340210731425695], [-48.65252138118731, -2.1350632596969907], [-48.655455949246395, -2.1361528092666267], [-48.658192204607225, -2.137194877609345], [-48.6589926513075, -2.135040527590985]]]}}, {"type": "Feature", "properties": {"id": 189, "Parcela": "I-121", "ANO": 1982, "Ha": 25.87, "PLANTAS": 3446, "VARIEDADE": "PB-121", "Rot_labels": -15}, "geometry": {"type": "Polygon", "coordinates": [[[-48.62745784314296, -2.1412142762444373], [-48.626726138301024, -2.143208995205598], [-48.631713887735835, -2.144951353280035], [-48.632919896138894, -2.145323373604976], [-48.634556766666186, -2.145819445127605], [-48.63581863328388, -2.146227840175188], [-48.63594853423831, -2.1461990113660536], [-48.63656491021295, -2.1441387776370924], [-48.63456916044694, -2.1435673340769634], [-48.632696897884756, -2.1429919534397275], [-48.62755426936801, -2.1411572540211656], [-48.62748678917701, -2.1411562599479264], [-48.62745784314296, -2.1412142762444373]]]}}, {"type": "Feature", "properties": {"id": 164, "Parcela": "H-123", "ANO": 1982, "Ha": 26.12, "PLANTAS": 3695, "VARIEDADE": "PB-121", "Rot_labels": -15}, "geometry": {"type": "Polygon", "coordinates": [[[-48.6343809843126, -2.1487077392864173], [-48.634323382098444, -2.1486350724536796], [-48.63063899482281, -2.1472757680577295], [-48.62796759210407, -2.146262664678461], [-48.62588183989751, -2.1455007344586545], [-48.62507623820812, -2.147658995386863], [-48.62515549900627, -2.1477208094211253], [-48.62986009162262, -2.149462744724761], [-48.633591293550495, -2.1508729330240923], [-48.6343809843126, -2.1487077392864173]]]}}, {"type": "Feature", "properties": {"id": 247, "Parcela": "K-134", "ANO": 1986, "Ha": 25.82, "PLANTAS": 4001, "VARIEDADE": "PB-121", "Rot_labels": -15}, "geometry": {"type": "Polygon", "coordinates": [[[-48.636343147165064, -2.1168531468019807], [-48.62801560544458, -2.1137304361290337], [-48.62788939817703, -2.1137048402699476], [-48.62782799610198, -2.1137591784561103], [-48.62707820386446, -2.1158228333496614], [-48.62712501795376, -2.115873709108598], [-48.63543814195392, -2.118989155593079], [-48.63554631508641, -2.1190147237540513], [-48.636343147165064, -2.1168531468019807]]]}}, {"type": "Feature", "properties": {"id": 246, "Parcela": "K-133", "ANO": 1986, "Ha": 25.94, "PLANTAS": 3973, "VARIEDADE": "PB-121", "Rot_labels": -15}, "geometry": {"type": "Polygon", "coordinates": [[[-48.63551833328941, -2.1190867999529774], [-48.6354272602049, -2.1190290563133676], [-48.62995514713435, -2.117006969794177], [-48.627081667407005, -2.115917188414331], [-48.6270238777123, -2.1159679031613132], [-48.62622717807357, -2.1180387405740735], [-48.62627396998643, -2.118104131702211], [-48.6296230058704, -2.1193576119446127], [-48.630654057110426, -2.1197293417192884], [-48.633242428718276, -2.120713114859106], [-48.63461953002993, -2.121237788411339], [-48.63472773077431, -2.121245212553684], [-48.63551833328941, -2.1190867999529774]]]}}, {"type": "Feature", "properties": {"id": 243, "Parcela": "K-124", "ANO": 1982, "Ha": 25.53, "PLANTAS": 3822, "VARIEDADE": "PB-121", "Rot_labels": -15}, "geometry": {"type": "Polygon", "coordinates": [[[-48.64487543939376, -2.1200359300814817], [-48.640793978231194, -2.1185421358828056], [-48.637986182525914, -2.117477906715615], [-48.63645764835875, -2.116909460028338], [-48.635616369008794, -2.1190366984151465], [-48.63970308197184, -2.120576531746227], [-48.64229052801793, -2.121512552568494], [-48.64415796360042, -2.122197644506726], [-48.64490403262377, -2.1202101602092047], [-48.64487543939376, -2.1200359300814817]]]}}, {"type": "Feature", "properties": {"id": 210, "Parcela": "J-103", "ANO": 1989, "Ha": 25.59, "PLANTAS": 4002, "VARIEDADE": "PB-121", "Rot_labels": -15}, "geometry": {"type": "Polygon", "coordinates": [[[-48.658101764954864, -2.13722973949495], [-48.653069585350856, -2.135332534040865], [-48.649673254737436, -2.1340683218302146], [-48.64886911817427, -2.1362734517695383], [-48.650646608881935, -2.136909381315722], [-48.65733740136342, -2.1393732548923343], [-48.658101764954864, -2.13722973949495]]]}}, {"type": "Feature", "properties": {"id": 209, "Parcela": "J-102", "ANO": 1990, "Ha": 26.12, "PLANTAS": 3984, "VARIEDADE": "PB-121", "Rot_labels": -15}, "geometry": {"type": "Polygon", "coordinates": [[[-48.65733826359519, -2.139488271873205], [-48.65724130403196, -2.1394167609059713], [-48.65180111381299, -2.1373914855938096], [-48.648842205076285, -2.136307117315897], [-48.648802556743824, -2.1363211966834417], [-48.6486431804302, -2.1367564182927032], [-48.64836777907521, -2.137583381263504], [-48.64804539580836, -2.1384683336615256], [-48.65118897601759, -2.1396852287931405], [-48.65234292073578, -2.1400703174187803], [-48.654905856882415, -2.1410663061282555], [-48.65652460037187, -2.14164216466737], [-48.65733826359519, -2.139488271873205]]]}}, {"type": "Feature", "properties": {"id": 239, "Parcela": "K-114", "ANO": 1982, "Ha": 25.41, "PLANTAS": 3721, "VARIEDADE": "PB-121", "Rot_labels": -15}, "geometry": {"type": "Polygon", "coordinates": [[[-48.653493451686316, -2.123313282172753], [-48.65343219099629, -2.1232732706590234], [-48.64519463507282, -2.1201724881193016], [-48.64496354022911, -2.1203318052934073], [-48.6442824648343, -2.1222758429552817], [-48.652750765789825, -2.1254495716890185], [-48.65348243868793, -2.123440277030803], [-48.653493451686316, -2.123313282172753]]]}}, {"type": "Feature", "properties": {"id": 252, "Parcela": "L-101", "ANO": 2005, "Ha": 45.94, "PLANTAS": 7156, "VARIEDADE": "PB-121", "Rot_labels": -15}, "geometry": {"type": "Polygon", "coordinates": [[[-48.652243670750664, -2.1226659778171717], [-48.651989870937236, -2.1223715477797866], [-48.65197014945312, -2.1222554940890133], [-48.65190470928907, -2.1221548932426018], [-48.651873438742896, -2.1219483206774723], [-48.65189866448762, -2.1218199167407827], [-48.651771096210055, -2.121749582836094], [-48.65168972616572, -2.1216381525876864], [-48.65167548939838, -2.1215111193198424], [-48.6516648049727, -2.121420380485856], [-48.65159995922706, -2.121365847949536], [-48.65150990208853, -2.1212858746123264], [-48.651448532046395, -2.1213184409924244], [-48.651376929963234, -2.1213438745852673], [-48.65133677754893, -2.121274723520229], [-48.65130606180394, -2.121216674216566], [-48.651322008709336, -2.121113436211028], [-48.651322140542526, -2.1210260605694184], [-48.65134597099361, -2.120930777856686], [-48.651314496662984, -2.1208592404700326], [-48.65129784952322, -2.1207775048037245], [-48.65125949147879, -2.120684404800541], [-48.65129121744868, -2.1205891341414986], [-48.651299244795005, -2.120501770555398], [-48.65121253759614, -2.120406319082651], [-48.64749863858262, -2.119004429742055], [-48.64478399561581, -2.118013222990556], [-48.641867529460725, -2.1169128402088977], [-48.64001092805323, -2.1162241415250813], [-48.63775829682208, -2.115373572617563], [-48.636124855685125, -2.1147673885739517], [-48.63520949757695, -2.1144284009984307], [-48.633899592343695, -2.1139418599403434], [-48.63322490192028, -2.113698559069684], [-48.63294871919571, -2.1135948745099946], [-48.632879602814626, -2.1136156192864797], [-48.6328360517063, -2.113698955599439], [-48.632800371918464, -2.113798190285264], [-48.632788360276635, -2.113909376000531], [-48.632738876524144, -2.113988505294322], [-48.63273671508115, -2.114123761895684], [-48.63264469749135, -2.1142496380988542], [-48.632491210879195, -2.114615860600751], [-48.632391500551925, -2.11471374245714], [-48.63230838457724, -2.114815222694661], [-48.63222154046521, -2.114996531892809], [-48.63218852643406, -2.1150671626652633], [-48.632167154161735, -2.1151815197453505], [-48.63635257475855, -2.1167447212237036], [-48.636453896672215, -2.116530773815528], [-48.63650460433967, -2.1163929548483273], [-48.63658055586101, -2.116258803434834], [-48.637041978428954, -2.116444582817236], [-48.63890939038082, -2.117136929337966], [-48.639356402376464, -2.117311799939459], [-48.64025043802144, -2.117654283365908], [-48.64172130927113, -2.11819360926899], [-48.64313450260841, -2.1187110733453522], [-48.64489379142562, -2.119352448745392], [-48.64676118661517, -2.1200665668388314], [-48.64737404093903, -2.1202997529086702], [-48.64787153449677, -2.1204892158723276], [-48.648643035973954, -2.1207661910983053], [-48.64939288455474, -2.121050390939777], [-48.650335366390195, -2.1213640568841625], [-48.65012016510635, -2.1219478397673304], [-48.65110433990765, -2.1223231203862], [-48.65202725519449, -2.122658389393911], [-48.65211736169416, -2.1227057027772345], [-48.65216063056495, -2.1227166555864008], [-48.65221474815163, -2.1227094804584197], [-48.652243670750664, -2.1226659778171717]], [[-48.656440607594725, -2.12415374206094], [-48.656635099727495, -2.123616248763839], [-48.65661196368122, -2.123546066940031], [-48.65695428146625, -2.122591816621452], [-48.65687304096808, -2.1225215462223517], [-48.65461982590234, -2.1216997344679718], [-48.6519950085124, -2.1207058861069283], [-48.65173950321148, -2.1206041736691064], [-48.65167751374129, -2.120611873073385], [-48.65163478062784, -2.120693645168462], [-48.65164239264553, -2.1207832881499438], [-48.65166935506165, -2.120884651722422], [-48.651704011782435, -2.1210211001884947], [-48.651742642047516, -2.121091305456272], [-48.651754051228586, -2.12123161545159], [-48.65185455929268, -2.121368164485945], [-48.65193572283601, -2.12148909592825], [-48.65202853073617, -2.1215944570944956], [-48.652121368045016, -2.121680333228981], [-48.6522026256874, -2.121738912566396], [-48.65224899143506, -2.121816923713101], [-48.6522177849866, -2.12196106569809], [-48.65218669024674, -2.1220311645203473], [-48.65224074440561, -2.1221481575912544], [-48.65229873686509, -2.1222222894921035], [-48.652360561777066, -2.1223237063736575], [-48.652418542483, -2.1224056323011706], [-48.65246490823162, -2.1224836434750927], [-48.6524996884253, -2.122538254848922], [-48.65249954727902, -2.122631783065641], [-48.65256918412354, -2.122690344703787], [-48.652685280832046, -2.1227645653826923], [-48.65271620506241, -2.122807479821447], [-48.652859252432215, -2.1229908582033348], [-48.65614225003185, -2.1242117421686904], [-48.656440607594725, -2.12415374206094]]]}}, {"type": "Feature", "properties": {"id": 77, "Parcela": "COPAR1-AAM(1)", "ANO": 1982, "Ha": 17.52, "PLANTAS": 3583, "VARIEDADE": "AAM", "Rot_labels": -15}, "geometry": {"type": "Polygon", "coordinates": [[[-48.61436586713456, -2.1496112527958284], [-48.61435876572389, -2.1495386656121216], [-48.61426503259323, -2.149505859049343], [-48.6126390621438, -2.148977126525091], [-48.611496260215205, -2.1485652750672553], [-48.6113411847693, -2.14854688712513], [-48.610630909571704, -2.1506613546791504], [-48.61360160481578, -2.1516494361062253], [-48.61369537747308, -2.151656841308397], [-48.61436586713456, -2.1496112527958284]], [[-48.61364113589579, -2.1517438471050765], [-48.61358351300274, -2.1516856956163304], [-48.61061280081988, -2.150708500434794], [-48.610188830346296, -2.1519561361715587], [-48.61023294790833, -2.1520545716504986], [-48.610153169431335, -2.1523576241156053], [-48.61003103621952, -2.152697842152081], [-48.6099991811273, -2.1527828945651195], [-48.6104853271367, -2.1529538666570374], [-48.61176189979944, -2.153422751558248], [-48.61282994289597, -2.1538037265441776], [-48.6129813949592, -2.153832995628912], [-48.61364113589579, -2.1517438471050765]]]}}, {"type": "Feature", "properties": {"id": 80, "Parcela": "COPAR-4", "ANO": 1985, "Ha": 4.48, "PLANTAS": 881, "VARIEDADE": "AVeBr", "Rot_labels": -15}, "geometry": {"type": "Polygon", "coordinates": [[[-48.60883234795533, -2.165275175798324], [-48.60876512908209, -2.165152734165783], [-48.60865424146682, -2.16506213669409], [-48.608185268731766, -2.164896506125428], [-48.60790777044698, -2.164848195444859], [-48.60767519598213, -2.1648105938683213], [-48.607606375937586, -2.164866333118092], [-48.60754547403711, -2.1649300632900967], [-48.60741540153646, -2.1652729261398074], [-48.60718702891389, -2.1659267886605797], [-48.607144506559386, -2.166070331512131], [-48.606990512151846, -2.1664955990994335], [-48.606762222215025, -2.167096272244956], [-48.60674082306944, -2.167255805295846], [-48.606767150008885, -2.167324992890082], [-48.606819962667025, -2.167362309185082], [-48.60694149948234, -2.1674050536588547], [-48.60703661744211, -2.167437118317596], [-48.607184556450065, -2.167501180381553], [-48.60745935290935, -2.167586719748996], [-48.60757559433593, -2.16763477469813], [-48.60771301767806, -2.167661587694898], [-48.60795751359303, -2.1676832519793394], [-48.608848175937744, -2.1652964765637104], [-48.60883234795533, -2.165275175798324]]]}}, {"type": "Feature", "properties": {"id": 119, "Parcela": "F-162", "ANO": 1984, "Ha": 25.31, "PLANTAS": 3735, "VARIEDADE": "PB-121", "Rot_labels": -15}, "geometry": {"type": "Polygon", "coordinates": [[[-48.592517276690856, -2.1559919836670933], [-48.59247334599433, -2.1559629570040677], [-48.592379654536174, -2.1559047480413573], [-48.58987453870205, -2.154974292396235], [-48.588115013144225, -2.1543066360387932], [-48.586182834376785, -2.153579747722666], [-48.584365990660096, -2.1528873942970637], [-48.584297440514604, -2.152898171167172], [-48.58421440520586, -2.1529452121424915], [-48.58416002007184, -2.153122932723501], [-48.584135494200765, -2.153295035905568], [-48.58406641983076, -2.1535129971420277], [-48.58393171539527, -2.1537975105127667], [-48.583862936416295, -2.153953435728918], [-48.583471926856056, -2.1548745063325283], [-48.58341606485927, -2.1550531641039132], [-48.58823012060108, -2.156823465878026], [-48.589809058853014, -2.157421095524954], [-48.5911788950015, -2.1579530743954467], [-48.59173197325434, -2.15813924196951], [-48.592517276690856, -2.1559919836670933]]]}}, {"type": "Feature", "properties": {"id": 208, "Parcela": "J-101", "ANO": 1990, "Ha": 25.92, "PLANTAS": 4003, "VARIEDADE": "PB-121", "Rot_labels": -15}, "geometry": {"type": "Polygon", "coordinates": [[[-48.656498558506435, -2.141719376029218], [-48.6564602748629, -2.141675457158474], [-48.65266181654262, -2.1402761761534146], [-48.650236512338005, -2.1393635173245285], [-48.64801213124209, -2.1385509764508863], [-48.647218877100144, -2.140708941515502], [-48.65078427541422, -2.1420698348488973], [-48.653466511022266, -2.1430501449829915], [-48.655694477895324, -2.1438809690343312], [-48.656498558506435, -2.141719376029218]]]}}, {"type": "Feature", "properties": {"id": 184, "Parcela": "I-104", "ANO": 1987, "Ha": 25.67, "PLANTAS": 3998, "VARIEDADE": "PB-121", "Rot_labels": -15}, "geometry": {"type": "Polygon", "coordinates": [[[-48.6556535872947, -2.1439140303430766], [-48.65402768460075, -2.143301868583945], [-48.65238054455616, -2.142690567488311], [-48.650318963574556, -2.1419403322300306], [-48.6484498438899, -2.1412318964493817], [-48.64717618314353, -2.140742000242768], [-48.646393712110395, -2.142921752255468], [-48.649313831981274, -2.1440185605778317], [-48.65123173578252, -2.1447436728584215], [-48.65228084332098, -2.1451226980594837], [-48.65342367194381, -2.145545414578751], [-48.654858544419795, -2.14605930413435], [-48.6556535872947, -2.1439140303430766]]]}}, {"type": "Feature", "properties": {"id": 183, "Parcela": "I-103", "ANO": 1987, "Ha": 25.59, "PLANTAS": 3827, "VARIEDADE": "PB-111", "Rot_labels": -15}, "geometry": {"type": "Polygon", "coordinates": [[[-48.654882027154336, -2.146151044681061], [-48.65237234010216, -2.1452322995880895], [-48.649891579873376, -2.1443223179281112], [-48.647507075903356, -2.1434194013871837], [-48.6464419423956, -2.1430234766719467], [-48.64560953373869, -2.14514965556361], [-48.64901992769535, -2.1464431881302497], [-48.652084234966445, -2.1476128018394838], [-48.65407793056855, -2.1483162607347093], [-48.654882027154336, -2.146151044681061]]]}}, {"type": "Feature", "properties": {"id": 182, "Parcela": "I-102", "ANO": 1986, "Ha": 25.85, "PLANTAS": 3800, "VARIEDADE": "PB-111", "Rot_labels": -15}, "geometry": {"type": "Polygon", "coordinates": [[[-48.654014129902336, -2.148489625737649], [-48.65396648516175, -2.14841126927127], [-48.65390470352865, -2.1483454604583665], [-48.65085618502546, -2.147218258475695], [-48.64862463504329, -2.146376532686333], [-48.64555667696268, -2.14524320077009], [-48.644752541143795, -2.1474301710317003], [-48.64854514956593, -2.14881865347538], [-48.65185462915546, -2.1500648592694156], [-48.65324982873175, -2.1505750641712473], [-48.654014129902336, -2.148489625737649]]]}}, {"type": "Feature", "properties": {"id": 181, "Parcela": "I-101", "ANO": 1986, "Ha": 25.84, "PLANTAS": 3772, "VARIEDADE": "PB-111", "Rot_labels": -15}, "geometry": {"type": "Polygon", "coordinates": [[[-48.65321435654208, -2.1506432193218306], [-48.6499152921381, -2.1494285189261606], [-48.647757534854584, -2.148622785248515], [-48.64621823822627, -2.148053192865656], [-48.644727893456235, -2.1474965278881926], [-48.64390574986862, -2.149661693757826], [-48.64871137670105, -2.1514400457904737], [-48.651595438160555, -2.1525386280486694], [-48.65222271484584, -2.1527827361991783], [-48.65245001710857, -2.1527504282164864], [-48.65321435654208, -2.1506432193218306]]]}}, {"type": "Feature", "properties": {"id": 157, "Parcela": "H-104", "ANO": 1986, "Ha": 25.96, "PLANTAS": 4013, "VARIEDADE": "PB-121", "Rot_labels": -15}, "geometry": {"type": "Polygon", "coordinates": [[[-48.65240218702557, -2.1529016917623323], [-48.6520886013245, -2.15274516322037], [-48.65032925548948, -2.152118266440445], [-48.64856276543194, -2.1514478114229716], [-48.64708107208768, -2.150890293338654], [-48.645797641230025, -2.1504201758573123], [-48.64426256071544, -2.149859222346899], [-48.64390493765034, -2.149731379542033], [-48.64310443725673, -2.1518929471283905], [-48.646233667678, -2.153059051769239], [-48.6491537860686, -2.154164046634835], [-48.65160168161887, -2.1550669040589985], [-48.65240218702557, -2.1529016917623323]]]}}, {"type": "Feature", "properties": {"id": 156, "Parcela": "H-103", "ANO": 1986, "Ha": 25.37, "PLANTAS": 3922, "VARIEDADE": "PB-121", "Rot_labels": -15}, "geometry": {"type": "Polygon", "coordinates": [[[-48.64307976889448, -2.151972912283543], [-48.64273219969603, -2.1528070132950936], [-48.642539994057934, -2.153474427335861], [-48.642286460726226, -2.1541453745643273], [-48.64356987793312, -2.1546227550144845], [-48.64362792170627, -2.154408741545269], [-48.643703839444726, -2.1542999933324514], [-48.643739977991935, -2.154256503022648], [-48.64375634131054, -2.1541712498417946], [-48.64383233431996, -2.1540135118561716], [-48.64389576638128, -2.15381402220553], [-48.64399171859776, -2.1535782943219566], [-48.644094929673784, -2.153313546652768], [-48.644101017127745, -2.153132103976986], [-48.64417105353609, -2.1530705300995856], [-48.64422352456675, -2.1529617452908765], [-48.64432495696315, -2.1526806647897696], [-48.644343095856826, -2.1526135587059265], [-48.64436126818318, -2.152524679392181], [-48.64437221782831, -2.1524412321705664], [-48.64307976889448, -2.151972912283543]], [[-48.64378645264476, -2.1545287412108234], [-48.64377905977706, -2.1546448538146374], [-48.64387993195964, -2.154728474992242], [-48.643970060784596, -2.1547612751530023], [-48.645181376104794, -2.155213140980032], [-48.646509850816635, -2.1557141787721883], [-48.64870898415725, -2.156526839821406], [-48.650700801581024, -2.1572793013852505], [-48.650790975645954, -2.157283070361866], [-48.6514575032057, -2.1554551408403384], [-48.651497360247234, -2.155339077932639], [-48.651461483130596, -2.1552120108230364], [-48.651415885031916, -2.155071804083803], [-48.650687454637925, -2.1548078209902255], [-48.6488083031956, -2.154097451340053], [-48.64705261924085, -2.1534378962002743], [-48.64528970767571, -2.1527892160993347], [-48.64459393265295, -2.1525232265503345], [-48.64449278733852, -2.152617420246545], [-48.6443986333918, -2.152856779991374], [-48.6443189693345, -2.1530562445462675], [-48.644214043969804, -2.15326292755503], [-48.64424361740771, -2.1533694173947246], [-48.64422974901337, -2.1534454844532265], [-48.64415392449978, -2.1535698751935857], [-48.64406417839456, -2.153804918611435], [-48.64399169070218, -2.1539950273888557], [-48.64378645264476, -2.1545287412108234]]]}}, {"type": "Feature", "properties": {"id": 160, "Parcela": "H-113", "ANO": 1983, "Ha": 25.82, "PLANTAS": 3737, "VARIEDADE": "PB-121", "Rot_labels": -15}, "geometry": {"type": "Polygon", "coordinates": [[[-48.633726003436095, -2.1509399504666655], [-48.63374042634722, -2.1509436018212496], [-48.63388642547043, -2.1510018912418802], [-48.634183809310414, -2.1511348083201907], [-48.63550507034005, -2.1516249501987366], [-48.63671817509754, -2.152078634638185], [-48.637619445466875, -2.15241389482431], [-48.638949737778695, -2.15289860690581], [-48.640020434624326, -2.1533067081292883], [-48.64218709620395, -2.1541138773402033], [-48.64225217014367, -2.154019627911649], [-48.643016448211256, -2.151959615592824], [-48.64085342452437, -2.151132497305737], [-48.63930460429946, -2.1505828608431026], [-48.63811714478781, -2.1501266718216687], [-48.636765212198426, -2.1496419282511754], [-48.63453735355364, -2.1487639033795234], [-48.63371160849554, -2.1509181548940335], [-48.633726003436095, -2.1509399504666655]]]}}, {"type": "Feature", "properties": {"id": 235, "Parcela": "K-104", "ANO": 1988, "Ha": 22.24, "PLANTAS": 3487, "VARIEDADE": "PB-121", "Rot_labels": -15}, "geometry": {"type": "Polygon", "coordinates": [[[-48.66204503245195, -2.1266450052393844], [-48.66223693766894, -2.12616265032802], [-48.66216136248744, -2.1260464095065608], [-48.65668157677848, -2.1240094886770615], [-48.65659858559936, -2.1240275066254677], [-48.65647725589774, -2.1242818846038025], [-48.65642040641156, -2.1243648043765786], [-48.656295094877144, -2.1243536456583643], [-48.65607517532067, -2.1242771028710465], [-48.653894100333325, -2.1234572686675985], [-48.6536345250043, -2.1233661496261025], [-48.653525895409224, -2.123641780510099], [-48.6536522404433, -2.123691338715702], [-48.6536830556487, -2.123774392143682], [-48.6537087610838, -2.1238263103835213], [-48.653827178340805, -2.123951000809807], [-48.65393023498523, -2.124003037205912], [-48.65405380119541, -2.124132923413355], [-48.654321380592926, -2.1245120487974676], [-48.65473838062283, -2.124974408955064], [-48.65508839785624, -2.1254003516262077], [-48.65525070374114, -2.125633056463901], [-48.6554228040033, -2.125919652850687], [-48.655527855197526, -2.126029031060094], [-48.65617317468072, -2.1262658961367915], [-48.65696630478508, -2.126557420617285], [-48.658379523120296, -2.1270748846347933], [-48.66008831024225, -2.1277379563303835], [-48.66034066784769, -2.1278326934165785], [-48.66042726659993, -2.127814680948677], [-48.66054631868979, -2.127803975838559], [-48.66065429776487, -2.12767077900873], [-48.66074726846187, -2.127572350298811], [-48.660871086024535, -2.1275362237132103], [-48.660965135548075, -2.1275469612063214], [-48.661059014224264, -2.1274854126876925], [-48.661145678611554, -2.1274238531519885], [-48.66121431821806, -2.1273550082647437], [-48.661250504471546, -2.1272788560265243], [-48.66125836867665, -2.1271892234236343], [-48.661344579951695, -2.1270866664513504], [-48.66140596150819, -2.127046841865321], [-48.661463828852945, -2.1269453201810093], [-48.66150640235564, -2.1268523864140625], [-48.66156503108565, -2.126811204217491], [-48.661671599191294, -2.126733315927861], [-48.66182634962501, -2.126702424244949], [-48.661904255513655, -2.1267101113658766], [-48.661998090412204, -2.126677594040329], [-48.66201613705641, -2.1266703636907622], [-48.66204503245195, -2.1266450052393844]], [[-48.65341000220332, -2.1239500603884234], [-48.65302604800679, -2.1250091136424403], [-48.65303675972828, -2.125081708091816], [-48.653206206496385, -2.1251400295960745], [-48.65378662359201, -2.1253586511171796], [-48.654507636582935, -2.125631921074699], [-48.65529354550626, -2.125927063587834], [-48.65530805617502, -2.1258726521151075], [-48.65520009446142, -2.1257055573317585], [-48.65509220944765, -2.1254876579570685], [-48.65469247628777, -2.125051578258471], [-48.65417402611713, -2.1244048407557243], [-48.6539399961997, -2.1241177996635114], [-48.65367703275634, -2.123881519112136], [-48.65357981895624, -2.1238416771178716], [-48.65344982835192, -2.1238521408011857], [-48.65341000220332, -2.1239500603884234]]]}}, {"type": "Feature", "properties": {"id": 234, "Parcela": "K-103", "ANO": 1988, "Ha": 17.4, "PLANTAS": 2737, "VARIEDADE": "PB-121", "Rot_labels": -15}, "geometry": {"type": "Polygon", "coordinates": [[[-48.660211280731076, -2.1279979332638135], [-48.660107669118055, -2.1278080016458265], [-48.658893903703905, -2.1273796915214334], [-48.657739451618056, -2.1269369560913605], [-48.65643035287363, -2.1264576689337207], [-48.65572943251243, -2.1261920148977436], [-48.655640173301485, -2.1261764947259874], [-48.65592442953853, -2.126645058549232], [-48.65625930071806, -2.1270374927068554], [-48.656331328239276, -2.127113809926799], [-48.65648093378745, -2.127111422576904], [-48.65656336373723, -2.1271634276105265], [-48.65663022157065, -2.1272828516592575], [-48.65666617012741, -2.1273814768500365], [-48.65670208735048, -2.1275008536312496], [-48.65670715795428, -2.1275579283740327], [-48.656601073966186, -2.1276367855562373], [-48.656634469636415, -2.1278846555109863], [-48.65665454522941, -2.128057821178647], [-48.6567268997534, -2.1281441922161206], [-48.65671123354767, -2.1282738659817744], [-48.65669039488264, -2.1284139076533073], [-48.65670058304046, -2.1284969297648537], [-48.65674688427697, -2.128569631274191], [-48.65683447888513, -2.1286164563759478], [-48.656942708433846, -2.128658125116857], [-48.65708708243285, -2.1286687216542295], [-48.65729339259609, -2.1286430974837804], [-48.65744360875878, -2.1286541691908556], [-48.65771624037274, -2.1286489317017674], [-48.65785547334632, -2.128649144488752], [-48.65801343769547, -2.1287203605686877], [-48.65811798441282, -2.1287604384154695], [-48.658179311234534, -2.128756903213493], [-48.65828851737158, -2.1287328128503598], [-48.658371135484195, -2.1286603082840982], [-48.658489819719506, -2.1286086104666575], [-48.65859820605734, -2.128546521068192], [-48.65869914451661, -2.1284891575334983], [-48.65877373231536, -2.128417091300786], [-48.65890273010392, -2.1283654091687305], [-48.65905232370211, -2.1283345101394295], [-48.65922254443348, -2.128303642588572], [-48.659323458880266, -2.1283050361764713], [-48.659434097698075, -2.1282209589373102], [-48.65948951323792, -2.1282218245703786], [-48.659543686031924, -2.128178360238408], [-48.65963537653143, -2.128112319948592], [-48.659796322699954, -2.128088022914283], [-48.660211280731076, -2.1279979332638135]], [[-48.652990484986034, -2.125149093174846], [-48.6527659939345, -2.125711229885826], [-48.65239285354996, -2.126773927400454], [-48.65219014692762, -2.1272417454276593], [-48.652189993229356, -2.127343354429875], [-48.652629820327604, -2.1275036994502607], [-48.65354910413266, -2.1278571102101913], [-48.65455856156726, -2.128214287764937], [-48.65543821277479, -2.1285386064147653], [-48.65609072513397, -2.128789999336385], [-48.656321477448756, -2.128859301580808], [-48.6564404251182, -2.128917546090847], [-48.65657382875766, -2.128957668145703], [-48.65665685864257, -2.128914248165612], [-48.656714748238315, -2.1287982114717128], [-48.65663919579412, -2.128667455080274], [-48.65655643457053, -2.1285330587641607], [-48.6565096569672, -2.1284567800770855], [-48.6565603596561, -2.1283225878303083], [-48.65660378228503, -2.1282319313963085], [-48.65656422441635, -2.1281520348422487], [-48.656525832707366, -2.128112757402778], [-48.65656092421806, -2.1279488106862896], [-48.65656102286916, -2.1278834904085193], [-48.656552149354106, -2.1277600198924542], [-48.65653616204624, -2.127625799610213], [-48.65659410080686, -2.1274771027357797], [-48.656489718675644, -2.127328157799631], [-48.656325972293345, -2.127282386719345], [-48.656269247859186, -2.1272823000289693], [-48.656212476423356, -2.127313340705006], [-48.656160947929926, -2.127287322417918], [-48.65617138680555, -2.127204331867085], [-48.6561199444873, -2.1271212467447547], [-48.656006900349865, -2.1269717865843707], [-48.655808864495036, -2.126735604724484], [-48.65575858936699, -2.1265867425562095], [-48.655362578087704, -2.126074461090735], [-48.655229207634804, -2.1260125658345363], [-48.652990484986034, -2.125149093174846]]]}}, {"type": "Feature", "properties": {"id": 233, "Parcela": "K-102", "ANO": 1988, "Ha": 12.68, "PLANTAS": 2010, "VARIEDADE": "PB-121", "Rot_labels": -15}, "geometry": {"type": "Polygon", "coordinates": [[[-48.652147841320854, -2.12739190703564], [-48.651329222347016, -2.1295203248760113], [-48.65183539526173, -2.12972775798299], [-48.65289948826905, -2.130142703458453], [-48.6531878889703, -2.130225177362328], [-48.6536241135324, -2.130027076175736], [-48.65409945869565, -2.129882670938965], [-48.654373859231995, -2.1298909789098714], [-48.6545824079743, -2.129894453374968], [-48.654690795866784, -2.1297684162976833], [-48.654901096468706, -2.129650422920016], [-48.65500307602209, -2.1296142956626363], [-48.655438190585954, -2.1291133042984383], [-48.655584054666285, -2.129091441956992], [-48.656103043670335, -2.1291206317366522], [-48.65634459840093, -2.129073675060285], [-48.656355021179024, -2.1289443294467922], [-48.65218391639476, -2.127385652131917], [-48.652147841320854, -2.12739190703564]], [[-48.6607882300617, -2.1298839400082974], [-48.66061024439399, -2.129930293722447], [-48.660290213541224, -2.130024457516245], [-48.6602054587321, -2.130076386995411], [-48.66005553026824, -2.1301803925051606], [-48.659934301778634, -2.1303427555753673], [-48.65960914987368, -2.1305238358797265], [-48.65950363452066, -2.130666893421318], [-48.659451666332224, -2.1308135255310803], [-48.6594396054676, -2.131012277586023], [-48.65929362191848, -2.131161467488964], [-48.65922882764363, -2.1312920668139324], [-48.65912460088327, -2.131474029705814], [-48.65883305139601, -2.131690475816089], [-48.65852946840005, -2.1317880366156596], [-48.658264643703156, -2.1318410565751393], [-48.658137364197735, -2.131911946598082], [-48.658122927880726, -2.1320172993234894], [-48.6597993245531, -2.13263315145973], [-48.6607882300617, -2.1298839400082974]]]}}, {"type": "Feature", "properties": {"id": 232, "Parcela": "K-101", "ANO": 1990, "Ha": 14.17, "PLANTAS": 2260, "VARIEDADE": "PB-121", "Rot_labels": -15}, "geometry": {"type": "Polygon", "coordinates": [[[-48.65894709708915, -2.134899936226558], [-48.65974211643585, -2.1327528330112338], [-48.65929518638221, -2.1325162694748476], [-48.65766557921859, -2.1319694381590537], [-48.657513517483004, -2.131947321902337], [-48.657389629071226, -2.1320301388279916], [-48.65724500364035, -2.1321855547180664], [-48.65713142877679, -2.132268387376456], [-48.656708792187594, -2.1321224787706017], [-48.65636861720216, -2.1320078238641456], [-48.65619327091597, -2.132017931125922], [-48.65601302695532, -2.131856829990545], [-48.6558479314803, -2.1317344047127555], [-48.65576507164277, -2.13166532850751], [-48.65553375268955, -2.1316537676204512], [-48.655325066783384, -2.131621107610469], [-48.655047267838334, -2.131653342202538], [-48.65476948541856, -2.131674690033855], [-48.65457457374069, -2.1317578562218213], [-48.65443376908811, -2.131841105288564], [-48.654401194965175, -2.1319136334956488], [-48.654357520731395, -2.1319736151874293], [-48.654182190404306, -2.1319733464354638], [-48.653872626827095, -2.132076629822525], [-48.65369718651658, -2.1321489913856744], [-48.653562968946126, -2.1322421677092502], [-48.65336687009878, -2.1323352490979706], [-48.65300578601456, -2.132407325782996], [-48.65275819811452, -2.132448449115012], [-48.65274452541009, -2.1325679247226232], [-48.658783075963925, -2.1348307355196154], [-48.65894709708915, -2.134899936226558]]]}}, {"type": "Feature", "properties": {"id": 155, "Parcela": "H-102", "ANO": 1986, "Ha": 24.95, "PLANTAS": 3806, "VARIEDADE": "PB-121", "Rot_labels": -15}, "geometry": {"type": "Polygon", "coordinates": [[[-48.65071496774904, -2.157439748930385], [-48.650729552460014, -2.157338162489056], [-48.643796893918115, -2.1547653887794564], [-48.643695898983346, -2.154761602728623], [-48.643636311071994, -2.154806870967103], [-48.643563032042586, -2.154906346355848], [-48.64352170681554, -2.155005690551443], [-48.64343923471724, -2.155088402602237], [-48.64340628410158, -2.1550966353507603], [-48.64330573957444, -2.155142027579889], [-48.64325512767611, -2.1552145263254707], [-48.64316703849506, -2.15538620433081], [-48.64306800819566, -2.155526878816305], [-48.64310079311312, -2.155626338356623], [-48.64314181249871, -2.155725810724663], [-48.643149464727976, -2.1559002195078456], [-48.64312066885791, -2.155860257016794], [-48.64307527380321, -2.156156477199269], [-48.64301769625087, -2.1561149673101343], [-48.64302675419622, -2.1559435749026683], [-48.64299805885655, -2.1558382927956643], [-48.642935581039936, -2.1559657266857437], [-48.64286066835856, -2.156044924728687], [-48.64280275268119, -2.1561754740362287], [-48.6428074685843, -2.1562761785797555], [-48.6427661304436, -2.156383806676592], [-48.64271660883371, -2.1564582858618158], [-48.64269589511369, -2.1565410939672156], [-48.64267518138683, -2.156623902069754], [-48.64264312686466, -2.156766732025584], [-48.64264305980988, -2.156810278424713], [-48.64270073530706, -2.156835770436064], [-48.64497556189085, -2.1576812143617294], [-48.64994340391043, -2.159543308766815], [-48.65071496774904, -2.157439748930385]], [[-48.64353031074582, -2.154765466691744], [-48.64348931675892, -2.154649426287346], [-48.642481048219985, -2.1542643701674598], [-48.642279153516085, -2.1541951072461507], [-48.641601833678735, -2.156001231218078], [-48.64145702196775, -2.1563421195031878], [-48.64155067954751, -2.156425729569232], [-48.64173258345065, -2.1564608943034123], [-48.64189323119223, -2.156509727619117], [-48.64202903700644, -2.1564530723517192], [-48.64222690660209, -2.1562959840677247], [-48.6424782841062, -2.15606065895763], [-48.642622849720404, -2.1558492630016053], [-48.642687923961034, -2.155785191030923], [-48.6427025201551, -2.1556763475020513], [-48.642763332888464, -2.1555264043327402], [-48.64287053392719, -2.1554271628181323], [-48.642986033147835, -2.1552865140025856], [-48.643085582744256, -2.1552197056676303], [-48.643233436733134, -2.155046662019817], [-48.64334923482369, -2.155006012397276], [-48.64349012060178, -2.154871963233826], [-48.64353031074582, -2.154765466691744]]]}}, {"type": "Feature", "properties": {"id": 154, "Parcela": "H-101", "ANO": 1986, "Ha": 24.63, "PLANTAS": 3691, "VARIEDADE": "PB-111", "Rot_labels": -15}, "geometry": {"type": "Polygon", "coordinates": [[[-48.64916093772523, -2.1616958386942007], [-48.649512309295474, -2.16073835819328], [-48.64992167379428, -2.159599522630451], [-48.646917210976405, -2.158481994368401], [-48.644398869671406, -2.157558542323771], [-48.6429998494728, -2.1570096156215377], [-48.6426130460159, -2.1568681841569797], [-48.64239903903422, -2.1568098623561682], [-48.642357726338304, -2.1569009223612285], [-48.64229163366055, -2.1570416479460492], [-48.64218067451336, -2.157243208009859], [-48.642140727377274, -2.1574173316794765], [-48.64219181180046, -2.157695931097521], [-48.64221604293183, -2.1580024781802964], [-48.642276569474404, -2.158215895827321], [-48.64233119796093, -2.1580854981279396], [-48.64238886483865, -2.1580690199904797], [-48.64240510401763, -2.1582181579667528], [-48.642380183551104, -2.1583589477120886], [-48.64233058516106, -2.1584831308861587], [-48.64237980052382, -2.1586074681941567], [-48.64242368587375, -2.1587205388562394], [-48.64249192559418, -2.158912975672476], [-48.64255655254623, -2.1591090357426683], [-48.64259247878231, -2.159203442545017], [-48.64257425272649, -2.1593267958592772], [-48.64908508616448, -2.1617610405973], [-48.64916093772523, -2.1616958386942007]], [[-48.64144441493396, -2.1564355927939034], [-48.64063294406793, -2.1585780327966293], [-48.64237060827776, -2.1592287565465735], [-48.64232961466313, -2.159112716081996], [-48.64215692041651, -2.158963333991678], [-48.64212074260761, -2.1586819630678415], [-48.642020155908284, -2.1584132694881966], [-48.64196278805703, -2.1581881898376967], [-48.641934031416355, -2.158122825259116], [-48.64194154775472, -2.1579268778190612], [-48.64187687605729, -2.1577598487783325], [-48.64184818651504, -2.15765093783714], [-48.64183397035399, -2.1575130184860325], [-48.641879488948305, -2.157314378511813], [-48.64191384231507, -2.157179286693368], [-48.641814034356244, -2.1570409033661875], [-48.64187810612061, -2.1569614985758587], [-48.64192886351502, -2.1567946495312604], [-48.64187866508945, -2.1565986121171576], [-48.6416665796015, -2.1565436315405715], [-48.64144441493396, -2.1564355927939034]]]}}, {"type": "Feature", "properties": {"id": 129, "Parcela": "G-104", "ANO": 1986, "Ha": 24.8, "PLANTAS": 3576, "VARIEDADE": "PB-111", "Rot_labels": -15}, "geometry": {"type": "Polygon", "coordinates": [[[-48.64834009434351, -2.163988725142292], [-48.64913703046267, -2.16181263266839], [-48.646707188216446, -2.1608979953046488], [-48.645081272028385, -2.1602966946573487], [-48.64288935731679, -2.159484035801497], [-48.64279572275225, -2.1595671694690437], [-48.64274614977942, -2.159674784619663], [-48.64272117807509, -2.1598487104587702], [-48.64277848738492, -2.160064184898906], [-48.64286057681218, -2.1602299937959093], [-48.64292624835621, -2.160362640924196], [-48.64305774476401, -2.160528526964911], [-48.64304931862398, -2.160652774416933], [-48.64300776281364, -2.16090123075038], [-48.64294161847034, -2.1610750923196296], [-48.64285901787727, -2.161240644133861], [-48.64284234437398, -2.1613731627217163], [-48.64285858328976, -2.161522300782838], [-48.64285842989237, -2.161621709011607], [-48.642800596627445, -2.161745879269122], [-48.64276749241939, -2.1618535200638616], [-48.642802625213804, -2.161926133872212], [-48.64834009434351, -2.163988725142292]], [[-48.640637966137, -2.158647695814581], [-48.639842813314814, -2.16083647617766], [-48.64232131659564, -2.161763897071747], [-48.64234786537204, -2.161637479619883], [-48.642405852060314, -2.16141390121928], [-48.642463365693914, -2.1614968314159033], [-48.642487877411405, -2.1616211302534767], [-48.642528973192334, -2.161670898666907], [-48.642537412252146, -2.161538367255086], [-48.64250466602625, -2.161414055554248], [-48.642524046420014, -2.161292460014899], [-48.64261432655497, -2.1612272812517945], [-48.64254237906193, -2.1611001582670295], [-48.642614651304925, -2.1610168069938687], [-48.642629399115904, -2.160809984129739], [-48.64264396216258, -2.160722913858882], [-48.642588314680324, -2.160569214376265], [-48.642539048285826, -2.160478013052563], [-48.64250630198843, -2.160353701375121], [-48.64244883943626, -2.160237635156909], [-48.64234194439282, -2.16013805985399], [-48.64234211049518, -2.160030367644259], [-48.6424244681643, -2.1600222121617283], [-48.64246562783623, -2.160030560443717], [-48.642518931339154, -2.1599316238903645], [-48.6425299263297, -2.1598191459231986], [-48.642530099799885, -2.15970665106606], [-48.642497842307066, -2.159572332349427], [-48.6424836094633, -2.1594452995144278], [-48.64234318357189, -2.159334510285156], [-48.64230352518552, -2.1592672036426137], [-48.640637966137, -2.158647695814581]]]}}, {"type": "Feature", "properties": {"id": 128, "Parcela": "G-103", "ANO": 1986, "Ha": 25.18, "PLANTAS": 3895, "VARIEDADE": "PB-121", "Rot_labels": -15}, "geometry": {"type": "Polygon", "coordinates": [[[-48.64827640872755, -2.1640757500917682], [-48.64598721316999, -2.163183100832243], [-48.64355353156675, -2.162293832921451], [-48.64282913615902, -2.1620024126804025], [-48.642705588488234, -2.1621558217599235], [-48.6426230004893, -2.1623130894428657], [-48.64255685588657, -2.1624869508699693], [-48.642490660083716, -2.162693948342873], [-48.642408123158035, -2.1628180798928245], [-48.64233383990823, -2.162929798271125], [-48.64221079061473, -2.162984871523893], [-48.64215287400049, -2.163115420447466], [-48.642110906881165, -2.16331879940268], [-48.64209433548872, -2.1633850457655055], [-48.642044723679135, -2.1635175127338004], [-48.6419703443301, -2.1636913611253563], [-48.64186313922063, -2.1638661442003424], [-48.64185579587709, -2.163949596794668], [-48.64181946610259, -2.164116468125354], [-48.64423488785683, -2.1650202065525423], [-48.64618888094178, -2.1657381501573716], [-48.64748309121379, -2.1662409583173092], [-48.64827640872755, -2.1640757500917682]], [[-48.64232730018383, -2.1618321533495215], [-48.639797242553165, -2.1608727246678257], [-48.63902566288976, -2.1629762604017944], [-48.63902551696222, -2.1630706106801956], [-48.64161397474546, -2.1640399403522856], [-48.641700793792644, -2.163880405767991], [-48.64168205342746, -2.163744756461954], [-48.641816649671775, -2.1636047926373356], [-48.64180608303363, -2.163413589157885], [-48.641855707640836, -2.163272838203867], [-48.6419761391639, -2.163104257527024], [-48.642044927760324, -2.162941065760319], [-48.642193191890534, -2.162701791845746], [-48.642247574121136, -2.1625240620119364], [-48.642334415294805, -2.1623500117577263], [-48.6423634575904, -2.162230304283961], [-48.64244673634515, -2.162027217426661], [-48.64243962842951, -2.161958257703821], [-48.642407247882076, -2.161903773997852], [-48.64232730018383, -2.1618321533495215]]]}}, {"type": "Feature", "properties": {"id": 127, "Parcela": "G-102", "ANO": 1990, "Ha": 24.65, "PLANTAS": 3821, "VARIEDADE": "PB-121", "Rot_labels": -15}, "geometry": {"type": "Polygon", "coordinates": [[[-48.64746068504813, -2.1663083471109155], [-48.645178658914986, -2.165444735631714], [-48.64277403926516, -2.164551900784299], [-48.64186193300609, -2.164220246556258], [-48.6417569403886, -2.164489974302687], [-48.641690827376145, -2.1646431254462777], [-48.641649475508274, -2.1647590371795298], [-48.64158675509406, -2.164887528577271], [-48.64155761706803, -2.165068926589742], [-48.64149972259568, -2.1651849598830593], [-48.64148155199249, -2.1652720243706294], [-48.64148372834176, -2.1654422103022206], [-48.64145877492206, -2.1656037098263106], [-48.64146664419258, -2.16583981700648], [-48.64145808925488, -2.166046904364194], [-48.64140843861254, -2.166204223180709], [-48.64136708656, -2.1663201348337244], [-48.641391623453515, -2.1664278656483242], [-48.64170431724162, -2.1665691839039813], [-48.64200720009951, -2.1667167182540683], [-48.642496178613484, -2.166953781245021], [-48.643931054069505, -2.167464070380221], [-48.64501979805404, -2.1678722088881877], [-48.646306827160146, -2.168353235126735], [-48.64666013090998, -2.168484427654738], [-48.64746068504813, -2.1663083471109155]], [[-48.64152305178, -2.1640945203047965], [-48.63897605694915, -2.1631379562613815], [-48.63819716769408, -2.1652995393800945], [-48.63875953818731, -2.165525410441014], [-48.64018715962541, -2.166057462146708], [-48.64085595725881, -2.1662744276376293], [-48.640975286283975, -2.166085913283192], [-48.64099727691802, -2.16583908201632], [-48.64104453024863, -2.1656287840035273], [-48.64104731204086, -2.165433243017772], [-48.64112995189374, -2.1652428397599386], [-48.64117960241553, -2.1650855209479483], [-48.64129821723334, -2.164863489324213], [-48.64128721475324, -2.1647211921173035], [-48.64137796798068, -2.1646095931187035], [-48.641419351160046, -2.164472878014695], [-48.64149384093329, -2.164323093549704], [-48.64149393559066, -2.1641664855956146], [-48.64152305178, -2.1640945203047965]]]}}, {"type": "Feature", "properties": {"id": 126, "Parcela": "G-101", "ANO": 1990, "Ha": 19.78, "PLANTAS": 3152, "VARIEDADE": "PB-121", "Rot_labels": -15}, "geometry": {"type": "Polygon", "coordinates": [[[-48.64659032056913, -2.1685672799807043], [-48.64231086907852, -2.166936908650447], [-48.64220374333099, -2.166986445098405], [-48.64213770047248, -2.1670940341135054], [-48.64208808818924, -2.167226500952543], [-48.642046761700776, -2.167325844625], [-48.641980552098076, -2.167541125775405], [-48.641980334093525, -2.1676819539988212], [-48.64198011607477, -2.1678227822219527], [-48.641979910867676, -2.1679553264317324], [-48.641996110575505, -2.1681293165144377], [-48.64202888194861, -2.168237060303337], [-48.642061704629256, -2.1683116680422474], [-48.642110970719855, -2.1684028696212034], [-48.6421107911262, -2.168518845814852], [-48.64208592075015, -2.1686264992757147], [-48.64201163032741, -2.168742359301959], [-48.64192913101634, -2.1688416383779905], [-48.641871117139495, -2.1690817843755013], [-48.641949166650356, -2.1692603990175363], [-48.64248825919352, -2.169456036889877], [-48.64585642436541, -2.1706903656412093], [-48.64659032056913, -2.1685672799807043]], [[-48.638183726643156, -2.165371019148002], [-48.63737599162739, -2.167521667501101], [-48.63879279076303, -2.16805370503938], [-48.63995362828385, -2.1684909902448704], [-48.64003323380047, -2.1683314449157263], [-48.64008403242948, -2.1681391945697146], [-48.64015189784364, -2.1679193248691093], [-48.64021448141601, -2.1677583679362593], [-48.64016049736106, -2.16767844818189], [-48.64014631599359, -2.1675187557306494], [-48.640146507124996, -2.1673953744998045], [-48.64020807092114, -2.1672394296601722], [-48.640255262166676, -2.167047173587326], [-48.64021581921629, -2.1668946992758547], [-48.64018716970162, -2.166760386231188], [-48.640198204780305, -2.1666225065149347], [-48.64026324640431, -2.166550031065858], [-48.640332041280125, -2.166383210892423], [-48.64039003143833, -2.1662054871632104], [-48.638183726643156, -2.165371019148002]]]}}, {"type": "Feature", "properties": {"id": 163, "Parcela": "H-122", "ANO": 1982, "Ha": 26.03, "PLANTAS": 3713, "VARIEDADE": "PB-121", "Rot_labels": -15}, "geometry": {"type": "Polygon", "coordinates": [[[-48.63354429461921, -2.150941807868849], [-48.63349750269782, -2.15087641552797], [-48.628691871829886, -2.1491016585727225], [-48.626838966017814, -2.1484020327301905], [-48.625223932917606, -2.147786235359162], [-48.625032835324944, -2.1477351329353866], [-48.62484445323935, -2.148261018520454], [-48.62426844457616, -2.1498640590355196], [-48.62436565659566, -2.149980333719483], [-48.625540926048814, -2.1503994889748737], [-48.626936079104894, -2.1509169666173493], [-48.62819783284959, -2.1513943181358925], [-48.62965426056967, -2.151944550713603], [-48.63054835521088, -2.1522507714145345], [-48.63116838781025, -2.1525057597742467], [-48.63183532468335, -2.152753563719429], [-48.63275821687149, -2.153099746474208], [-48.63354429461921, -2.150941807868849]]]}}, {"type": "Feature", "properties": {"id": 162, "Parcela": "H-121", "ANO": 1982, "Ha": 25.05, "PLANTAS": 3567, "VARIEDADE": "PB-121", "Rot_labels": -15}, "geometry": {"type": "Polygon", "coordinates": [[[-48.63271478566256, -2.1531940286938345], [-48.632592311382716, -2.1530849718433025], [-48.63104929671005, -2.152541862066005], [-48.63083068069905, -2.1531475744573134], [-48.63075951027516, -2.153328868217857], [-48.63069791437601, -2.153506585235959], [-48.63063212093167, -2.1537519934370972], [-48.63053293695194, -2.1539920732621605], [-48.630419021425325, -2.1542464329947597], [-48.6303427391306, -2.1545136653938526], [-48.6302885757001, -2.154627257357143], [-48.630274091074874, -2.1546635231132485], [-48.63027042221283, -2.154703434641121], [-48.63039656498636, -2.154772580106179], [-48.630457863684605, -2.1547871914267693], [-48.630620083368086, -2.154852764516686], [-48.63108154319969, -2.155016784733025], [-48.631420422564815, -2.155140695794759], [-48.63148169888616, -2.155169822449703], [-48.63157183786474, -2.155195365423043], [-48.631708819056286, -2.155253641309025], [-48.63194860912506, -2.1553084492082144], [-48.63271478566256, -2.1531940286938345]], [[-48.629979384042265, -2.154521380620074], [-48.63005380098753, -2.1543226820146857], [-48.63011990664754, -2.154173674152521], [-48.630169505089036, -2.1540494923301226], [-48.63019398573889, -2.153981175316331], [-48.63023742270952, -2.153883264533352], [-48.63027714120465, -2.1536685984398343], [-48.63034315712114, -2.153577578119092], [-48.63039271706771, -2.153478248079743], [-48.63043417065269, -2.1532960657055167], [-48.63046730021233, -2.153171858053552], [-48.630483960996386, -2.1530476246383414], [-48.63050218416366, -2.1529510660239746], [-48.63060796308392, -2.1527330278718475], [-48.6306657189207, -2.152658562486199], [-48.63074808518186, -2.152552277709483], [-48.630787898055715, -2.1524652476917674], [-48.63065459711648, -2.1523598028193356], [-48.62976055841242, -2.1520172937593407], [-48.629140453891765, -2.151809480107192], [-48.628296888231894, -2.1514851940247155], [-48.627446097930815, -2.151168154234837], [-48.626652999705335, -2.1508657199734342], [-48.62572650667569, -2.1505195308752456], [-48.62479278356053, -2.150184216840193], [-48.6242376326548, -2.1499619891225223], [-48.62343710386791, -2.152130772713932], [-48.62361009297797, -2.1522290222258262], [-48.62991894079764, -2.1545649884360722], [-48.629979384042265, -2.154521380620074]]]}}, {"type": "Feature", "properties": {"id": 137, "Parcela": "G-124", "ANO": 1984, "Ha": 24.85, "PLANTAS": 3683, "VARIEDADE": "PB-121", "Rot_labels": -15}, "geometry": {"type": "Polygon", "coordinates": [[[-48.63185542929203, -2.1554272691967196], [-48.631806138159114, -2.1553526363126583], [-48.63016016896039, -2.1547618985244013], [-48.630077338140175, -2.155076559424892], [-48.62996169783881, -2.1553083292869823], [-48.62982952459644, -2.1555814930107484], [-48.62968910405356, -2.1558629277101042], [-48.629614661138405, -2.1560781940366525], [-48.62954856799264, -2.1562189177882827], [-48.62941656121144, -2.1563843901084008], [-48.62932585463323, -2.1564670875374503], [-48.629276307174585, -2.1565581334164614], [-48.6292266827286, -2.156698882908713], [-48.62914647907451, -2.1568407574063384], [-48.631047522246405, -2.1575561575140707], [-48.63185542929203, -2.1554272691967196]], [[-48.629972654746936, -2.154819091460703], [-48.6300089000096, -2.154706654100204], [-48.62338646951345, -2.1522177851149507], [-48.62261484845481, -2.1543503227096577], [-48.622679652491186, -2.154430258558802], [-48.62527168983977, -2.1553850795083886], [-48.62699850901671, -2.156026462882053], [-48.628624360089276, -2.156649543395494], [-48.62883182973243, -2.156441461355626], [-48.62889776898908, -2.156400144939336], [-48.62897203243484, -2.1563008538745043], [-48.62899676125709, -2.1562843247208234], [-48.62906264919391, -2.156276144028685], [-48.62915879928496, -2.1562729818565103], [-48.62932127169117, -2.1561752577839584], [-48.62937206361085, -2.1559866376747387], [-48.62943388927272, -2.1558293920550966], [-48.62948347512396, -2.1557134943177507], [-48.62953298403008, -2.1556473002035483], [-48.62959082988566, -2.1555148474672645], [-48.629648688540605, -2.1553741107778306], [-48.62969823587477, -2.1552830648180596], [-48.62980973900125, -2.15520349359971], [-48.629972654746936, -2.154819091460703]]]}}, {"type": "Feature", "properties": {"id": 136, "Parcela": "G-123", "ANO": 1984, "Ha": 24.39, "PLANTAS": 3516, "VARIEDADE": "PB-121", "Rot_labels": -15}, "geometry": {"type": "Polygon", "coordinates": [[[-48.63098559167889, -2.157582227700714], [-48.6290749249149, -2.1568607224179277], [-48.62899548941223, -2.15691140163923], [-48.62895208021037, -2.1569911680470657], [-48.62893782458098, -2.157120911833163], [-48.628880004152485, -2.157236796542032], [-48.62880566357808, -2.1573857911499283], [-48.62878085770766, -2.157452023883065], [-48.628722908855394, -2.157650747896136], [-48.628656866800256, -2.157758335705973], [-48.62863197102382, -2.1578825559549313], [-48.62867296323729, -2.1579985956086007], [-48.62877979210063, -2.15813959041384], [-48.62884550035026, -2.158247384903836], [-48.628927613195614, -2.158396624912708], [-48.62894387652677, -2.158529193710253], [-48.62894367104651, -2.158661736670314], [-48.6289022807024, -2.158802498959478], [-48.62884443437912, -2.1589349514597433], [-48.628803095378, -2.159042577990949], [-48.62872861421981, -2.1592044092146785], [-48.630253543275806, -2.1597801590726067], [-48.6303005542018, -2.159704027135652], [-48.63059399770085, -2.158887997714968], [-48.6310141509766, -2.1577746012153853], [-48.63103238329834, -2.1576476202224706], [-48.63098559167889, -2.157582227700714]], [[-48.62814460790863, -2.158978504560012], [-48.628169380632045, -2.1588262005831176], [-48.62828592755968, -2.1585650389344773], [-48.62831821640058, -2.1584288045335795], [-48.62843653314584, -2.1581871793060112], [-48.62837921344327, -2.157979990572883], [-48.62828696843431, -2.157893705644689], [-48.62822216389274, -2.157813769549928], [-48.62816098335975, -2.1577229526341526], [-48.62809978595509, -2.157643022208291], [-48.62803132265832, -2.1575833914143416], [-48.62813605972527, -2.157512440982741], [-48.62821193312899, -2.157432725587518], [-48.6282697427701, -2.157371126032985], [-48.62828432312486, -2.157273170291823], [-48.62829172858316, -2.1571498014329022], [-48.62835325778986, -2.1570156309401516], [-48.62840394310741, -2.1568959587794714], [-48.62849072215569, -2.15676182785073], [-48.628429603409124, -2.156631093854272], [-48.62827102482971, -2.1565437531095437], [-48.62707053332843, -2.156102781365369], [-48.62360249766171, -2.154801847427554], [-48.6225786366611, -2.1544409864160667], [-48.62178896358356, -2.1565807503033385], [-48.62183935034618, -2.156653405933991], [-48.62806526230383, -2.158971122327011], [-48.62811572835229, -2.158992974572173], [-48.62814460790863, -2.158978504560012]]]}}, {"type": "Feature", "properties": {"id": 135, "Parcela": "G-122", "ANO": 1984, "Ha": 24.38, "PLANTAS": 3524, "VARIEDADE": "PB-121", "Rot_labels": -15}, "geometry": {"type": "Polygon", "coordinates": [[[-48.621749791520315, -2.1567409903148875], [-48.62095939836343, -2.158854714732026], [-48.62681032074417, -2.161073875139035], [-48.626914967025094, -2.1610486378257465], [-48.627046217237215, -2.160940984755661], [-48.627120455516256, -2.160858262013599], [-48.62719474524586, -2.1607424035619753], [-48.62726901828846, -2.1606935686025595], [-48.62734484695102, -2.160642884087614], [-48.62742087281501, -2.1604651906463284], [-48.627500061232986, -2.1603286860865354], [-48.627566039324876, -2.1602625181771002], [-48.62764025181236, -2.1601963631948364], [-48.627722672979054, -2.160146788992327], [-48.627813418547234, -2.1600392402180684], [-48.62787114935623, -2.1599813432602697], [-48.627904344080925, -2.159815716423639], [-48.62793739737982, -2.159741212794951], [-48.62800296714431, -2.1595988132690116], [-48.62802485203694, -2.159442807658496], [-48.628064699375464, -2.1593340051234295], [-48.62807007316192, -2.1591449767687787], [-48.62807952758539, -2.159076380989876], [-48.62803632082998, -2.1590255094438215], [-48.62177077582887, -2.1566786998552963], [-48.621749791520315, -2.1567409903148875]], [[-48.62864921228736, -2.159233315291276], [-48.62857194754129, -2.1594191350610616], [-48.62844825159989, -2.1595349162020536], [-48.62836566339398, -2.1596921816156636], [-48.62837369215648, -2.159824737448183], [-48.62834051032418, -2.159982080420177], [-48.62828266381892, -2.1601145327933744], [-48.628200126934786, -2.160238662421746], [-48.6278816899761, -2.161042899653112], [-48.62779512350568, -2.1612155321053086], [-48.62777290677442, -2.1614092411296064], [-48.62939518342689, -2.162014177654961], [-48.62946012322715, -2.1620070220049654], [-48.63023163040179, -2.1599543091302515], [-48.63015235019596, -2.159810961448987], [-48.62864921228736, -2.159233315291276]]]}}, {"type": "Feature", "properties": {"id": 134, "Parcela": "G-121", "ANO": 1984, "Ha": 23.95, "PLANTAS": 3529, "VARIEDADE": "PB-121", "Rot_labels": -15}, "geometry": {"type": "Polygon", "coordinates": [[[-48.62942030947173, -2.1620940516179212], [-48.62919682732615, -2.1619902785309306], [-48.627296976421185, -2.161272411677966], [-48.62723908234443, -2.16135548515326], [-48.62722240763538, -2.161488002051094], [-48.62712331162645, -2.161670093011771], [-48.627032462855986, -2.1618439129658773], [-48.62690058362578, -2.161926544989324], [-48.6267357410163, -2.162025693019348], [-48.626669711265095, -2.1621249964501668], [-48.6266118901538, -2.1622408806637536], [-48.62641879073359, -2.1623342787663518], [-48.626151772597815, -2.162391919925835], [-48.626010250509175, -2.1625795754731905], [-48.62591954323511, -2.162662272078015], [-48.6257710147373, -2.1628608527498834], [-48.62569673758313, -2.1629684269790084], [-48.62567082454706, -2.1631622894753835], [-48.62697582879573, -2.1636651226808987], [-48.628201576556755, -2.164104326346086], [-48.62864147031685, -2.1642193268507257], [-48.628960190414816, -2.163388824127888], [-48.62942030947173, -2.1620940516179212]], [[-48.620908735087056, -2.15895987068303], [-48.62013353632202, -2.1610633630554092], [-48.62255251681326, -2.1619634940408496], [-48.624949861052954, -2.162863590224427], [-48.6251267629201, -2.1627658904091174], [-48.62523613939722, -2.162628060544906], [-48.62532193187391, -2.1625194372998724], [-48.625401342797346, -2.1622969632898785], [-48.62554139200535, -2.162255764054068], [-48.62565069439561, -2.1621897312600047], [-48.6257145333964, -2.1621152096516725], [-48.6257557440396, -2.162090422697147], [-48.625813526522656, -2.1619993903292953], [-48.62588779067403, -2.1619000999478772], [-48.625945521623066, -2.161842203224291], [-48.6260444374458, -2.1617760873502925], [-48.626126910215625, -2.1616933777174365], [-48.62625056785395, -2.1616024489146652], [-48.62635771805929, -2.1615363459400267], [-48.626503049237456, -2.161501594258683], [-48.626679900204934, -2.1614365533915096], [-48.62676144831631, -2.161379585999001], [-48.626835170399715, -2.1613315613848956], [-48.62684253124588, -2.161237223288018], [-48.62678652475595, -2.1611393911143515], [-48.626698499667455, -2.1610736993283473], [-48.62109629923423, -2.1589637948260947], [-48.62094845847522, -2.158930902686167], [-48.620908735087056, -2.15895987068303]]]}}, {"type": "Feature", "properties": {"id": 91, "Parcela": "E-151", "ANO": 1984, "Ha": 5.46, "PLANTAS": 1621, "VARIEDADE": "PB-121", "Rot_labels": -15}, "geometry": {"type": "Polygon", "coordinates": [[[-48.59705683354137, -2.1703613538487687], [-48.595377856496036, -2.169723951081317], [-48.59528448874376, -2.1697463360920928], [-48.59524697187399, -2.1698627035468157], [-48.59450834840626, -2.1718633219698287], [-48.596284290053774, -2.1725647305273563], [-48.597090350105724, -2.1704139876496615], [-48.59705683354137, -2.1703613538487687]]]}}, {"type": "Feature", "properties": {"id": 251, "Parcela": "K-144", "ANO": 1985, "Ha": 24.94, "PLANTAS": 3885, "VARIEDADE": "PB-121", "Rot_labels": -15}, "geometry": {"type": "Polygon", "coordinates": [[[-48.62764480651214, -2.1136067560684384], [-48.62207149648725, -2.111537007342011], [-48.62200002744409, -2.111603258062318], [-48.62194222488307, -2.1117108600033254], [-48.62186792888694, -2.1118350043724963], [-48.6217480017491, -2.1119755968109124], [-48.621669894369, -2.1121080686666875], [-48.621534951116004, -2.112131308053496], [-48.62149673857577, -2.112265196374259], [-48.62143073963705, -2.1123479338610207], [-48.62137300001422, -2.1124141162323213], [-48.621202482722346, -2.112540852706439], [-48.621086970227275, -2.1125987358664635], [-48.62089485425487, -2.1127861556077034], [-48.62065746061759, -2.112779515005675], [-48.620592479312485, -2.1128157030485593], [-48.62050023821015, -2.112839718615444], [-48.62036660506083, -2.1131020315603846], [-48.620114539832926, -2.1131947620777165], [-48.620409469024025, -2.113377887835872], [-48.624800333588595, -2.115010366941461], [-48.62691285640765, -2.1157974473883225], [-48.62770235353992, -2.1137157096577615], [-48.62764480651214, -2.1136067560684384]], [[-48.619288505518696, -2.1104731068109683], [-48.61924162012209, -2.1104694057753575], [-48.61921631041535, -2.1105092837578328], [-48.61845029192585, -2.1125692695334277], [-48.61846822183676, -2.1126382446413086], [-48.619668672319655, -2.11308644023423], [-48.61976615532732, -2.1130249006655957], [-48.61984486704577, -2.112875660186633], [-48.61993549264769, -2.1128426642841625], [-48.620116642922554, -2.1128429435433285], [-48.62032264692217, -2.1127438542027868], [-48.620454531359165, -2.112652934484194], [-48.620700915933334, -2.1126670885804164], [-48.62086232770358, -2.1125168783896062], [-48.62108364493554, -2.1124136609121216], [-48.62117754300545, -2.112337600337844], [-48.621242568474884, -2.112272381734943], [-48.62132207165309, -2.112174526035205], [-48.62138710263089, -2.1121056785989367], [-48.621441373331336, -2.1119968975486887], [-48.62154252953565, -2.111891817509439], [-48.621629246672356, -2.1117939728583948], [-48.621705126226985, -2.1117069979694842], [-48.62171593812101, -2.1116111046231696], [-48.62180475486489, -2.1114204744113403], [-48.619288505518696, -2.1104731068109683]]]}}, {"type": "Feature", "properties": {"id": 207, "Parcela": "I-163", "ANO": 2000, "Ha": 0.44, "PLANTAS": 72, "VARIEDADE": "PB-121", "Rot_labels": -15}, "geometry": {"type": "Polygon", "coordinates": [[[-48.602390081373365, -2.129085432861952], [-48.60267821984559, -2.128314496651875], [-48.602191352562784, -2.1283137350224144], [-48.60206639579252, -2.128507569320045], [-48.60197897243997, -2.128765350165214], [-48.60194349279239, -2.128894253457147], [-48.602390081373365, -2.129085432861952]]]}}, {"type": "Feature", "properties": {"id": 206, "Parcela": "I-162", "ANO": 2000, "Ha": 3.33, "PLANTAS": 540, "VARIEDADE": "PB-121", "Rot_labels": -15}, "geometry": {"type": "Polygon", "coordinates": [[[-48.60237350200327, -2.129159942769492], [-48.6022101722128, -2.1290721371088703], [-48.60206171378063, -2.1290131121581948], [-48.601964397972374, -2.128965785850501], [-48.601790967838646, -2.1289727453257847], [-48.601607603605096, -2.129037776126239], [-48.60145233088693, -2.1290422695549402], [-48.601345300705006, -2.129033818201988], [-48.60120539830289, -2.1289838964254755], [-48.60111317085425, -2.1289499382644164], [-48.60107340416208, -2.1290079362659924], [-48.601026260678154, -2.1291711569369283], [-48.600939675821245, -2.129366110900386], [-48.600807263979156, -2.129796660482692], [-48.60075079293019, -2.1300343717734487], [-48.600758796787744, -2.1302506166069644], [-48.60068439509653, -2.13044102712499], [-48.60063470843295, -2.1306231925659125], [-48.600560293835045, -2.130821886805246], [-48.60054381226748, -2.1309267236767906], [-48.60160725160791, -2.131331183478887], [-48.60237350200327, -2.129159942769492]]]}}, {"type": "Feature", "properties": {"id": 205, "Parcela": "I-161", "ANO": 2000, "Ha": 4.23, "PLANTAS": 726, "VARIEDADE": "PB-121", "Rot_labels": -15}, "geometry": {"type": "Polygon", "coordinates": [[[-48.601491400696126, -2.131606788255141], [-48.601531234992954, -2.131505245196948], [-48.6014089005899, -2.1313091000260127], [-48.600550913848174, -2.1309993101090288], [-48.60049322446163, -2.1309847046175032], [-48.60043161332808, -2.1311733038006304], [-48.60025053288341, -2.131644759247036], [-48.6001096690295, -2.13202647088538], [-48.59997199588462, -2.132159606823745], [-48.59986344296282, -2.1323807910758683], [-48.59978030209495, -2.1324967810377027], [-48.599729989388855, -2.132614023716207], [-48.59964291564307, -2.1327034049160143], [-48.59954520043868, -2.132913719770956], [-48.59948722402639, -2.133084180588508], [-48.60078501670527, -2.1335543280394074], [-48.601491400696126, -2.131606788255141]], [[-48.59743988217618, -2.1319497977895745], [-48.597333032083135, -2.1318253735064854], [-48.59726732662857, -2.131717581373509], [-48.59722627196659, -2.1316429630169065], [-48.59718514019685, -2.13161804713509], [-48.59711921627236, -2.1316510786796257], [-48.59703681136617, -2.1316923681017608], [-48.596962769056034, -2.1316508330067645], [-48.596880312739934, -2.1317252573892116], [-48.5967979592537, -2.131733411815207], [-48.59674863200381, -2.131683631767279], [-48.59672407121322, -2.131592471804654], [-48.59669942044401, -2.1315592980408122], [-48.5966376906928, -2.1315426335700343], [-48.596575909527786, -2.131559104064381], [-48.596501725852974, -2.131608690120175], [-48.59641130545528, -2.131509142970493], [-48.596353712034094, -2.1314800593500447], [-48.59627139715852, -2.1314633625403943], [-48.59619725849531, -2.1314839554883127], [-48.59611502076851, -2.1314175562395588], [-48.59609040858998, -2.1313595312681617], [-48.59602461327478, -2.131309725369699], [-48.59593405151788, -2.1313012993603673], [-48.59585988073632, -2.1313426016386217], [-48.59578570995361, -2.131383903908744], [-48.59574444967268, -2.1314418253870246], [-48.59567852579914, -2.1314748568429986], [-48.595530338539845, -2.1314580565101693], [-48.5955261829341, -2.1314829012469914], [-48.59553029353123, -2.1314870495831943], [-48.59583476711528, -2.1316076424188264], [-48.59610632385612, -2.131715757897535], [-48.59646840392655, -2.1318571506142368], [-48.59673171394259, -2.1319735368891504], [-48.59684693941869, -2.13200685293013], [-48.59705268821346, -2.1320734462052324], [-48.59727486662673, -2.1321649165737373], [-48.597373598323884, -2.132214774232656], [-48.597447743508475, -2.132190039376539], [-48.597456157523894, -2.132074079851965], [-48.59743988217618, -2.1319497977895745]]]}}, {"type": "Feature", "properties": {"id": 238, "Parcela": "K-113", "ANO": 1982, "Ha": 25.55, "PLANTAS": 3777, "VARIEDADE": "PB-121", "Rot_labels": -15}, "geometry": {"type": "Polygon", "coordinates": [[[-48.6526892304692, -2.125611269113472], [-48.652700194391585, -2.125516934405468], [-48.651344687345265, -2.1250068148404933], [-48.649534944864634, -2.1243254417906066], [-48.64494931418557, -2.1226019548043573], [-48.64424268753438, -2.1223613657277456], [-48.64342779886043, -2.1245338150233306], [-48.64391089591874, -2.124701484833926], [-48.64475807867126, -2.125022126237196], [-48.64515464462673, -2.1251642610354744], [-48.64507311307656, -2.1249945030847024], [-48.64510456602827, -2.1248865746534404], [-48.6451047640059, -2.1247559351640413], [-48.64505729725117, -2.124563707947117], [-48.64510522315706, -2.124452924125227], [-48.64510190196867, -2.124264217108204], [-48.645152511235416, -2.1241917170461506], [-48.64512377543393, -2.124111837553913], [-48.64514914602904, -2.124032041021694], [-48.64515715071003, -2.1238762844388286], [-48.64522320087714, -2.123760408908736], [-48.64527276985754, -2.123652792158246], [-48.645338606718056, -2.1236777452464857], [-48.64535150053489, -2.123796473811615], [-48.645318910280636, -2.1238798881794456], [-48.6453007538892, -2.1239596957869673], [-48.6452968454274, -2.124067031904165], [-48.64528017601398, -2.1241995512549368], [-48.64527992501552, -2.124365232004055], [-48.645255071457925, -2.1244646025727527], [-48.645188983546795, -2.124605330182969], [-48.64522996684365, -2.1247296538796876], [-48.64522976599201, -2.1248621984732603], [-48.6452543183016, -2.124961644808126], [-48.64528092598739, -2.125142681446989], [-48.645334894936106, -2.12523348632343], [-48.651896132900866, -2.12768578718274], [-48.6526892304692, -2.125611269113472]]]}}, {"type": "Feature", "properties": {"id": 237, "Parcela": "K-112", "ANO": 1982, "Ha": 24.53, "PLANTAS": 3578, "VARIEDADE": "PB-121", "Rot_labels": -15}, "geometry": {"type": "Polygon", "coordinates": [[[-48.651891570464706, -2.127721161977856], [-48.64929947200989, -2.1267809354297977], [-48.64539341813319, -2.1252943598990073], [-48.64535649399193, -2.125458844947027], [-48.645311073372554, -2.1255457578626387], [-48.64529446659449, -2.1256368570078568], [-48.64530671133567, -2.125707290276787], [-48.645376458197426, -2.1258689364028904], [-48.645376232131234, -2.126018049084241], [-48.645375993488564, -2.1261754458030895], [-48.6453923616551, -2.126241743379223], [-48.64544569008297, -2.126370228109662], [-48.645503129393305, -2.126502861186079], [-48.64559346833545, -2.1266603969406943], [-48.64570033875964, -2.1267765377888277], [-48.645815481218236, -2.1268678391645035], [-48.64589772404742, -2.1269342378711733], [-48.64593869471432, -2.1270668457190274], [-48.64598788714862, -2.127207750254032], [-48.64607373830832, -2.1276096589947695], [-48.64613125302133, -2.12769258790403], [-48.64611455517385, -2.1278610881224105], [-48.646122553722265, -2.127999084820856], [-48.64624588420763, -2.128079022911126], [-48.651141649092324, -2.1298646924791043], [-48.651891570464706, -2.127721161977856]], [[-48.64341414158439, -2.124619979933256], [-48.642662503922615, -2.126705430276265], [-48.64577271047598, -2.1279077387395158], [-48.64580084446307, -2.1277898431842237], [-48.64583352034607, -2.127650181287455], [-48.645858034814765, -2.127540445154828], [-48.645848223996616, -2.1274687596140556], [-48.645805131416054, -2.127341682486029], [-48.64562488638806, -2.1272688280815144], [-48.645539021708295, -2.127269191637618], [-48.645522691268944, -2.127178041928926], [-48.645489980119024, -2.127028878670827], [-48.64551005358967, -2.1268767322983377], [-48.64548854307379, -2.1267896060615046], [-48.64547059562804, -2.126731516368169], [-48.64534817436456, -2.1265861731053497], [-48.64530134811063, -2.126542554627087], [-48.64526532114384, -2.12651346826025], [-48.645247467255494, -2.126393687702013], [-48.64522958584553, -2.1262920515212755], [-48.64525860221352, -2.1261868584337402], [-48.645255127173854, -2.1260997598970683], [-48.645186779387075, -2.1259762729745835], [-48.645194136635844, -2.1258819332983], [-48.64515425705221, -2.1257857548869468], [-48.64519812884409, -2.1256279175899992], [-48.645140624337955, -2.125489931796413], [-48.64513716576588, -2.1253919466436266], [-48.64512659200359, -2.125228630678337], [-48.64508699095434, -2.1251777655633237], [-48.643496807388814, -2.12461930222928], [-48.64341414158439, -2.124619979933256]]]}}, {"type": "Feature", "properties": {"id": 236, "Parcela": "K-111", "ANO": 1982, "Ha": 23.53, "PLANTAS": 3510, "VARIEDADE": "PB-121", "Rot_labels": -15}, "geometry": {"type": "Polygon", "coordinates": [[[-48.64891337503871, -2.131628544636778], [-48.64911885976387, -2.1317086959465334], [-48.64924190570404, -2.1316861446825808], [-48.649324362636364, -2.1316117146165907], [-48.649415129363675, -2.131487592815415], [-48.649489301619724, -2.1314462863208337], [-48.64961348700137, -2.1314118863229745], [-48.64969533705442, -2.131330625564498], [-48.64978317589671, -2.1313105378258164], [-48.64985904657442, -2.1312308186206725], [-48.649975607554616, -2.1311322378746436], [-48.65005797648396, -2.131115796153398], [-48.65016935268985, -2.1311696037727885], [-48.650320923405964, -2.131122660781891], [-48.65045085689026, -2.131072055659799], [-48.65052665050649, -2.1310431408105512], [-48.650606018231656, -2.131036004823024], [-48.650721572746654, -2.1309527175145], [-48.650786748555895, -2.1307895171302276], [-48.65110191576203, -2.129900920533791], [-48.646343176969296, -2.128144492244643], [-48.64631571513641, -2.1282271931145167], [-48.646397756935386, -2.1284261365971107], [-48.64646345573132, -2.1285422143674473], [-48.6465703639683, -2.128633503236116], [-48.6466689624593, -2.1287744837383857], [-48.64666876134784, -2.128907028462766], [-48.646709669116525, -2.129081056646377], [-48.64680002069186, -2.1292303085840607], [-48.646882125351034, -2.1293878319347135], [-48.64692308339216, -2.1295287239656826], [-48.64693936351157, -2.1296530099638855], [-48.647005037177934, -2.1297856559070865], [-48.64708721727883, -2.129893475015902], [-48.64712825075081, -2.129984662788947], [-48.64715276521102, -2.130108961458305], [-48.647193710656445, -2.130258137577868], [-48.64722645946257, -2.130382448907975], [-48.64723454291181, -2.130481870141276], [-48.64729186902167, -2.130689059924751], [-48.64733285217125, -2.130813383924594], [-48.6473739359408, -2.1308714355363216], [-48.64746446362616, -2.130904710922407], [-48.6475466311821, -2.131020814157399], [-48.647678255251535, -2.1311038571193026], [-48.648451900552416, -2.1314717933013174], [-48.64891337503871, -2.131628544636778]], [[-48.64257391248871, -2.126848634749602], [-48.64183317932522, -2.128876036947454], [-48.64180955111685, -2.1289957534403943], [-48.646598900904245, -2.130772198949948], [-48.64667438011421, -2.1306301225132462], [-48.646740431085725, -2.1305142471219805], [-48.6467899881709, -2.130414914500576], [-48.64677368296962, -2.130307196597879], [-48.646747822915664, -2.1300938259439297], [-48.646654296952185, -2.1299231245470844], [-48.64650284222498, -2.129718611874439], [-48.64641249072108, -2.1295693599202616], [-48.64635511434415, -2.1293953064520745], [-48.64638829064225, -2.1292379602256184], [-48.64641306912571, -2.1291882939107913], [-48.64628976765096, -2.129047275443746], [-48.64618319781325, -2.1289788903427955], [-48.64614712673948, -2.1289788349336867], [-48.64612537393854, -2.129051379231497], [-48.64611669549298, -2.1291464183169313], [-48.64605899219722, -2.129187749973075], [-48.64598492080941, -2.129162783991864], [-48.645976824786636, -2.1290716468888062], [-48.64596690908513, -2.128887835956179], [-48.64597801680176, -2.128699150985532], [-48.645924003835546, -2.128637376971821], [-48.645989163038266, -2.1284850638734376], [-48.645909828741466, -2.1284704264839496], [-48.64583082485948, -2.128238056505458], [-48.64581652308897, -2.128154570188803], [-48.6458527372947, -2.128060274794947], [-48.64580963373916, -2.127940455401895], [-48.64270568434971, -2.1267744452924866], [-48.64257391248871, -2.126848634749602]]]}}, {"type": "Feature", "properties": {"id": 219, "Parcela": "J-124", "ANO": 1982, "Ha": 11.19, "PLANTAS": 1428, "VARIEDADE": "PB-121", "Rot_labels": -15}, "geometry": {"type": "Polygon", "coordinates": [[[-48.64160989215154, -2.1291012980868977], [-48.64164248846739, -2.129014255295368], [-48.64158489083948, -2.1289379602941882], [-48.63318097556566, -2.125857207744762], [-48.6329505460733, -2.1265539854128606], [-48.63292048443827, -2.1266855984028514], [-48.63298164965193, -2.1267873006234432], [-48.633172702520746, -2.1268674301942463], [-48.633453860232564, -2.1269948738854434], [-48.636197272832575, -2.128029700950952], [-48.64129117586254, -2.129949963659494], [-48.641338178558385, -2.1298774585934455], [-48.64155192472597, -2.129268137031668], [-48.64160989215154, -2.1291012980868977]]]}}, {"type": "Feature", "properties": {"id": 188, "Parcela": "I-114", "ANO": 1982, "Ha": 23.86, "PLANTAS": 3127, "VARIEDADE": "PB-121", "Rot_labels": -15}, "geometry": {"type": "Polygon", "coordinates": [[[-48.64388327889884, -2.1415658303215825], [-48.64387852628308, -2.1414415133479534], [-48.6439132611411, -2.141352064138702], [-48.64392822565516, -2.1412625843500916], [-48.64395282869486, -2.141152454046799], [-48.64389389348321, -2.1410884977819267], [-48.643923723711204, -2.140974179052766], [-48.64395672412748, -2.140963758332934], [-48.644032507114765, -2.1409421022303325], [-48.644022750083295, -2.1408599673044533], [-48.64405743931259, -2.1408003523104457], [-48.6441513939593, -2.140770663250207], [-48.644230566427744, -2.1407111170112874], [-48.64429619344312, -2.1407030037990937], [-48.644343257944136, -2.140590581253041], [-48.64445532834719, -2.1404274548366025], [-48.6444389142563, -2.140214200377981], [-48.64454242584023, -2.140082845736979], [-48.64457505620721, -2.139974029720579], [-48.644596876255015, -2.1398579392335377], [-48.64465835254739, -2.1397564255332004], [-48.64470182262301, -2.1396355967783918], [-48.64436295200936, -2.1395044335543547], [-48.642261417517446, -2.1387837609446003], [-48.6415772743539, -2.1385191672918906], [-48.641367077592335, -2.138423169826724], [-48.64108326088745, -2.138359287451289], [-48.64099935684997, -2.1382883329886093], [-48.64082630401908, -2.138230003453582], [-48.64056309554028, -2.138157019012198], [-48.64005121261019, -2.137942124035353], [-48.639660502344135, -2.1378996288291416], [-48.63952835335468, -2.1378288203733447], [-48.63936610548675, -2.137781394107731], [-48.639092059439015, -2.137719279409989], [-48.63893917796522, -2.1377095629251017], [-48.63883048737897, -2.137679560555838], [-48.638727819112326, -2.13766791173267], [-48.638659217480836, -2.137711351974833], [-48.63807906557397, -2.1396809274571225], [-48.63806888729212, -2.139771165170906], [-48.643116407247454, -2.141379311550592], [-48.64385101387381, -2.141685741854184], [-48.644117775226675, -2.141795020861451], [-48.6443507289934, -2.1418722892470052], [-48.64452515940045, -2.1419408061584613], [-48.64547330918192, -2.142287016166205], [-48.64589507262409, -2.1424654835774675], [-48.64618351622551, -2.1425493938575686], [-48.64626642500072, -2.1425858108801776], [-48.64632412260499, -2.1425967867297726], [-48.646392625004076, -2.142618665937887], [-48.64648672654318, -2.142411964889845], [-48.64670040659041, -2.141849817702292], [-48.64693592293769, -2.141160692977326], [-48.647153225959165, -2.140587664274146], [-48.64580498251228, -2.140044878400553], [-48.64558883639589, -2.1400270534100945], [-48.64543958835981, -2.139970484939904], [-48.64535009686837, -2.1398989853129047], [-48.645054850284694, -2.1398322781356502], [-48.64488646850886, -2.140050803126845], [-48.64480220168702, -2.1402097893609007], [-48.64472292297028, -2.1403389489508724], [-48.644668357151836, -2.1404681467133777], [-48.64458426489332, -2.1405127682419085], [-48.64448394709579, -2.1405835409487914], [-48.64445058733095, -2.1406617332486144], [-48.64440600535431, -2.1407263053671373], [-48.644287193477716, -2.140850431367758], [-48.64418317894858, -2.140994469759831], [-48.64408403100808, -2.1411882395046504], [-48.64405421596185, -2.141292613497692], [-48.64408365113758, -2.141436858199913], [-48.6440538892558, -2.1415064255707636], [-48.64400445580868, -2.1415113215036956], [-48.64388327889884, -2.1415658303215825]]]}}, {"type": "Feature", "properties": {"id": 106, "Parcela": "E-184", "ANO": 1985, "Ha": 19.03, "PLANTAS": 3001, "VARIEDADE": "PB-121", "Rot_labels": -15}, "geometry": {"type": "Polygon", "coordinates": [[[-48.57371448493138, -2.154007370609259], [-48.57016008945586, -2.1526917172000846], [-48.57006934738927, -2.1527920660272475], [-48.57000994461684, -2.152851636141022], [-48.56989121785537, -2.1529210553276403], [-48.56977258565202, -2.1529308092762722], [-48.569574938885744, -2.1529006595603093], [-48.569421812710694, -2.1528457206832994], [-48.56932775043581, -2.1529450120367457], [-48.569238472850486, -2.1531437532874036], [-48.569183894157355, -2.1532779127336967], [-48.56913426567831, -2.1534071079992647], [-48.56909452976699, -2.153531347018545], [-48.56901023382537, -2.1537052356210538], [-48.568950673264084, -2.1538642475703424], [-48.5688811017773, -2.1541027972017663], [-48.56885122681258, -2.1542419683334577], [-48.568845905821966, -2.154480621094124], [-48.5688331411763, -2.154703505668836], [-48.5729174668281, -2.156205079590308], [-48.57295363438356, -2.156143449883534], [-48.57371437004017, -2.154079944269651], [-48.57371448493138, -2.154007370609259]], [[-48.567234635414046, -2.151629861091562], [-48.56543957817983, -2.1508685874727917], [-48.56525848762482, -2.1509048904627597], [-48.56507628872165, -2.1509777412006583], [-48.56435060335517, -2.1530429757680922], [-48.56446047447868, -2.15307809156831], [-48.566306172650634, -2.153748733303707], [-48.56639993039913, -2.1537633986491813], [-48.56644027676502, -2.153661331668039], [-48.56650978526792, -2.153462559272435], [-48.56661363346492, -2.1532012976919135], [-48.56669356227641, -2.1528385587456342], [-48.56686360718748, -2.1525122511792483], [-48.56695656827173, -2.1522202510851725], [-48.567234635414046, -2.151629861091562]]]}}, {"type": "Feature", "properties": {"id": 105, "Parcela": "E-183", "ANO": 1985, "Ha": 16.59, "PLANTAS": 2565, "VARIEDADE": "PB-121", "Rot_labels": -15}, "geometry": {"type": "Polygon", "coordinates": [[[-48.56689539738479, -2.1565061059127926], [-48.566885623313254, -2.1564364807468013], [-48.56683493752988, -2.1563124700946212], [-48.56672851661251, -2.1562533632493905], [-48.5666784001476, -2.156212402805796], [-48.566629079368695, -2.1561476861450224], [-48.566510715832656, -2.1559883885005937], [-48.56645643691093, -2.15593360807892], [-48.566388257583796, -2.15588312862815], [-48.56635631174209, -2.155877719458706], [-48.56627114270417, -2.155850793535436], [-48.56619127385344, -2.1558399494940867], [-48.56611679034159, -2.155791609612813], [-48.56605830104061, -2.1557325798897082], [-48.56579494470238, -2.155440306164415], [-48.565711027569385, -2.1553755338974843], [-48.56562697610531, -2.155395287092904], [-48.56558737412991, -2.155435000177083], [-48.56551315203364, -2.155489573859154], [-48.56544392760328, -2.155509350886856], [-48.56535996308484, -2.1554744111220803], [-48.5652957837547, -2.1554295589932497], [-48.56519596838683, -2.155457945672942], [-48.56502551980579, -2.1554737447730936], [-48.5649723733475, -2.1554040081037833], [-48.56490868618537, -2.1552646033268172], [-48.56494037773956, -2.1551505497952936], [-48.56489107288925, -2.155075889033741], [-48.564817103763126, -2.1549713560228363], [-48.56476764084591, -2.154996136923648], [-48.564747871486816, -2.1549961051178532], [-48.56469346623016, -2.1550208780624556], [-48.564649072120865, -2.154966113591757], [-48.5646491274493, -2.1549313090162587], [-48.564629452940224, -2.1548716122241545], [-48.56456527367183, -2.1548267601172997], [-48.56451096327727, -2.154791868078401], [-48.564474061999256, -2.1547418573629176], [-48.56442722355435, -2.15470912400243], [-48.56435786936621, -2.1547170403569846], [-48.56437777308285, -2.1546325467829526], [-48.56443220202137, -2.1545928575953694], [-48.5645113821601, -2.1545283477472434], [-48.56457578269633, -2.1544339815452824], [-48.56461542412332, -2.154369408076917], [-48.56470937594401, -2.1543397266215822], [-48.56478846124735, -2.154334881723728], [-48.564873128966916, -2.1544286195343143], [-48.56497410053871, -2.15444329660243], [-48.56506055205318, -2.1545160090159254], [-48.565134108910755, -2.1545343214699746], [-48.56525161096435, -2.1545852609989793], [-48.56537131753539, -2.15454961923506], [-48.56551497618177, -2.1545493978219774], [-48.565623219372284, -2.1545277998519494], [-48.56570255708427, -2.1544855145815305], [-48.56579147974276, -2.154510518048068], [-48.56587551535671, -2.1545007089590054], [-48.56597440959477, -2.1544710353522794], [-48.566053558157286, -2.1544264136917466], [-48.56613267512957, -2.154401680372804], [-48.56622170048035, -2.154362046671343], [-48.566281912124126, -2.154262151431693], [-48.56628924128569, -2.154189589768101], [-48.56633987118145, -2.1541062116777203], [-48.566360607215216, -2.1540341112575705], [-48.566405175143274, -2.153979489764217], [-48.56642011269596, -2.1539099043471186], [-48.56637997980918, -2.1538341257043307], [-48.564681483550004, -2.1532309045495146], [-48.56432630600277, -2.153093765859606], [-48.563502748473496, -2.1552301939486695], [-48.5636651761248, -2.155324770852034], [-48.56689539738479, -2.1565061059127926]], [[-48.57209331324569, -2.1584517291865146], [-48.572904712980595, -2.156286704652695], [-48.569281865534606, -2.154920132696434], [-48.56914103271758, -2.155021509577316], [-48.568493348972964, -2.1570754958926814], [-48.56853892895614, -2.1571288045275394], [-48.57209331324569, -2.1584517291865146]]]}}, {"type": "Feature", "properties": {"id": 104, "Parcela": "E-182", "ANO": 1985, "Ha": 23.93, "PLANTAS": 3717, "VARIEDADE": "PB-121", "Rot_labels": -15}, "geometry": {"type": "Polygon", "coordinates": [[[-48.56350256097775, -2.1553480647025394], [-48.562710368842176, -2.1574714016440026], [-48.56286447620333, -2.1575623666336843], [-48.56854211075103, -2.159665255637921], [-48.56865763202, -2.1596037540689728], [-48.568726251086964, -2.159549434344617], [-48.568544186119595, -2.15929562438132], [-48.56851470587384, -2.159186190533234], [-48.56845552398287, -2.1591065415395327], [-48.568386552244995, -2.158967211491698], [-48.56840997431026, -2.1588340757207476], [-48.568428291878504, -2.1586562999874483], [-48.56836356256671, -2.158532820788784], [-48.568223081124735, -2.158412848386183], [-48.568071189651725, -2.1583700510269876], [-48.56801200778722, -2.1582904020774603], [-48.56795284964264, -2.1581958368497225], [-48.56787403272656, -2.1580316305013443], [-48.567935302440304, -2.15792251397209], [-48.567899417357616, -2.1578063385910364], [-48.56783991046768, -2.1577332492016548], [-48.56779879721761, -2.157570312756275], [-48.56776648448645, -2.1574759151957843], [-48.56771615999508, -2.157366973960676], [-48.567665898945656, -2.157218117400367], [-48.56752964833669, -2.157036655242052], [-48.56745083931256, -2.156867476896736], [-48.56737449032268, -2.1567422921944535], [-48.56350256097775, -2.1553480647025394]], [[-48.571274573161084, -2.1606929412072424], [-48.57131799538904, -2.160605922610709], [-48.57205712247775, -2.1585278734827456], [-48.571995890224244, -2.158473344792146], [-48.56923456662987, -2.1574492467447612], [-48.56914004404988, -2.1575513722292663], [-48.56911179130193, -2.1575361376653426], [-48.568967368381756, -2.1576266224298135], [-48.568863003075954, -2.1577199785181023], [-48.56878373563435, -2.15783918168382], [-48.56869448862189, -2.1580180340965405], [-48.56864471726124, -2.1582367268594025], [-48.56865425423544, -2.1584555150226623], [-48.56869352441893, -2.1586246299316953], [-48.56879216623002, -2.1587540634988818], [-48.56875984478207, -2.1588382673995286], [-48.56882142518456, -2.159002716083631], [-48.56880148178959, -2.1591120704136766], [-48.568781649069926, -2.1591518153781704], [-48.56887039032865, -2.159291177273631], [-48.56890978696594, -2.1593807386632213], [-48.568909581391175, -2.1595100132043594], [-48.568899538508425, -2.1596094392491083], [-48.56888952724802, -2.159688976901606], [-48.56893138114837, -2.159843687516547], [-48.571274573161084, -2.1606929412072424]]]}}, {"type": "Feature", "properties": {"id": 103, "Parcela": "E-181", "ANO": 1985, "Ha": 25.03, "PLANTAS": 3858, "VARIEDADE": "PB-121", "Rot_labels": -15}, "geometry": {"type": "Polygon", "coordinates": [[[-48.57045766851399, -2.162910566517545], [-48.57125824079297, -2.1607564169256106], [-48.56918543917579, -2.1599910579804154], [-48.569121012064564, -2.160196504826086], [-48.56910577366255, -2.1604550300740653], [-48.56912037139293, -2.1605992448010283], [-48.56916956573271, -2.160743515238565], [-48.56920897024891, -2.1608281045826088], [-48.56924341656787, -2.160922630169682], [-48.5692481928076, -2.161027052205013], [-48.569262853792345, -2.161131490159655], [-48.56923298590888, -2.1612656890715214], [-48.56919324116686, -2.1613948999568726], [-48.569158438784065, -2.161524118794469], [-48.56907423635388, -2.161638341711837], [-48.56906666449957, -2.1617377717325703], [-48.56910359778191, -2.1618223571197457], [-48.56914295476298, -2.1619367790825668], [-48.569152649553025, -2.1620561253711914], [-48.56914756469202, -2.1621456151800897], [-48.56911779959304, -2.162215176775747], [-48.56910781983869, -2.162274826027568], [-48.56915219833993, -2.1623395349831522], [-48.56920153505662, -2.1623943077086767], [-48.5692283512881, -2.16249128746507], [-48.57038914155385, -2.1629068274391576], [-48.57045766851399, -2.162910566517545]], [[-48.56882102820522, -2.1623237118049263], [-48.56890765351851, -2.16228756461896], [-48.568904237206425, -2.1621678127087884], [-48.56885393592278, -2.162044356571512], [-48.5688000738763, -2.1618918652747907], [-48.56871581907261, -2.16169742960025], [-48.56872589379319, -2.1615781152007925], [-48.56876560692489, -2.1614687927667164], [-48.568765749384845, -2.1613792950194317], [-48.568716673851625, -2.161160443136328], [-48.56874654966961, -2.1610212721867534], [-48.56877646503041, -2.1608572407444564], [-48.56874702441843, -2.160722946364474], [-48.56868313436812, -2.1605780952748486], [-48.56867593196419, -2.1605708263193195], [-48.568694064998674, -2.16050916798732], [-48.56875929655078, -2.1603169530645734], [-48.568842574483455, -2.160117509816217], [-48.568792215366656, -2.160030340450577], [-48.56879250396556, -2.159848906979258], [-48.56864834620454, -2.159772472664472], [-48.562920259715966, -2.15764047280942], [-48.56269485571047, -2.1575595239554293], [-48.561925073651395, -2.159692689887717], [-48.561971854111206, -2.1597617099464412], [-48.56203669250532, -2.159816244516783], [-48.56882102820522, -2.1623237118049263]]]}}, {"type": "Feature", "properties": {"id": 241, "Parcela": "K-122", "ANO": 1982, "Ha": 25.65, "PLANTAS": 3876, "VARIEDADE": "PB-121", "Rot_labels": -15}, "geometry": {"type": "Polygon", "coordinates": [[[-48.64251900631798, -2.126645948195767], [-48.643306794925095, -2.124507935129538], [-48.64179759903403, -2.1239311495274213], [-48.63786089602064, -2.122459038748239], [-48.634842179531425, -2.121336000248402], [-48.63480247429955, -2.121354083456237], [-48.634020095843866, -2.123492089210177], [-48.64251900631798, -2.126645948195767]]]}}, {"type": "Feature", "properties": {"id": 240, "Parcela": "K-121", "ANO": 1982, "Ha": 26.41, "PLANTAS": 3841, "VARIEDADE": "PB-121", "Rot_labels": -15}, "geometry": {"type": "Polygon", "coordinates": [[[-48.641576764393456, -2.1288098146156016], [-48.641718585132416, -2.1287857533718997], [-48.64250812993387, -2.1266822202392195], [-48.637244722266374, -2.1247435666769223], [-48.63513912062279, -2.123936930603921], [-48.63400740761686, -2.123533801486561], [-48.6331996889071, -2.125728012436134], [-48.63441813138746, -2.1262197866514536], [-48.641469623851634, -2.1288325455454227], [-48.641576764393456, -2.1288098146156016]]]}}, {"type": "Feature", "properties": {"id": 250, "Parcela": "K-143", "ANO": 1985, "Ha": 25.79, "PLANTAS": 3955, "VARIEDADE": "PB-121", "Rot_labels": -15}, "geometry": {"type": "Polygon", "coordinates": [[[-48.62608164709204, -2.1180279001497224], [-48.62688926172438, -2.115895389625531], [-48.62678117236196, -2.1158153888612743], [-48.61989930479536, -2.113228319717093], [-48.619834939310174, -2.1133530459703596], [-48.619716351830085, -2.113332973898395], [-48.61964718843317, -2.1133129780422117], [-48.61964732480299, -2.113223476876937], [-48.61958792500757, -2.113283052855841], [-48.61951859493316, -2.1133724473010433], [-48.61945925574406, -2.113392244972697], [-48.619421255486536, -2.1133074164617955], [-48.619415994284644, -2.1132094303212705], [-48.619331086571485, -2.1131732661950022], [-48.61939462874597, -2.1130279565836583], [-48.619153059296934, -2.1129622653608866], [-48.61880340714765, -2.112812944692067], [-48.61840680887771, -2.1126998397369605], [-48.61764610733928, -2.114817891812183], [-48.61770007942676, -2.114905066643313], [-48.62608164709204, -2.1180279001497224]]]}}, {"type": "Feature", "properties": {"id": 249, "Parcela": "K-142", "ANO": 1985, "Ha": 26.2, "PLANTAS": 4039, "VARIEDADE": "PB-121", "Rot_labels": -15}, "geometry": {"type": "Polygon", "coordinates": [[[-48.626042097608796, -2.118120374430218], [-48.625984495680605, -2.1180477089759284], [-48.62025618909425, -2.1159087520301534], [-48.61765339350938, -2.114946725858696], [-48.61757762989939, -2.1149574952603047], [-48.61679518130526, -2.1171408292608676], [-48.625079408586366, -2.120230869477512], [-48.62525977124843, -2.1202238902274093], [-48.626042097608796, -2.118120374430218]]]}}, {"type": "Feature", "properties": {"id": 248, "Parcela": "K-141", "ANO": 1984, "Ha": 25.9, "PLANTAS": 3733, "VARIEDADE": "PB-121", "Rot_labels": -15}, "geometry": {"type": "Polygon", "coordinates": [[[-48.62522345228661, -2.1203868611595276], [-48.62518028966303, -2.1203069602528344], [-48.6168798492333, -2.1172041939873023], [-48.61676262995862, -2.1171985694540663], [-48.61606193060273, -2.1189919303188507], [-48.616003979754886, -2.1191478792532044], [-48.61596408056797, -2.119292969713647], [-48.61601446202343, -2.1193692526875405], [-48.62443209481611, -2.12249580323134], [-48.62448990159217, -2.1224342024950174], [-48.62522345228661, -2.1203868611595276]]]}}, {"type": "Feature", "properties": {"id": 245, "Parcela": "K-132", "ANO": 1985, "Ha": 25.84, "PLANTAS": 4010, "VARIEDADE": "PB-121", "Rot_labels": -15}, "geometry": {"type": "Polygon", "coordinates": [[[-48.6339055671091, -2.1234539195851982], [-48.63471318672286, -2.121321396154215], [-48.62624143487403, -2.11815125639056], [-48.62541933163601, -2.1203200301459835], [-48.63384420839332, -2.123479227048827], [-48.6339055671091, -2.1234539195851982]]]}}, {"type": "Feature", "properties": {"id": 244, "Parcela": "K-131", "ANO": 1985, "Ha": 25.78, "PLANTAS": 3904, "VARIEDADE": "PB-121", "Rot_labels": -15}, "geometry": {"type": "Polygon", "coordinates": [[[-48.63307971914235, -2.125709792877776], [-48.63388731641152, -2.123595416761372], [-48.633808104635285, -2.1235009445565964], [-48.62543004758492, -2.1203889944825676], [-48.62535424455076, -2.1204251657854325], [-48.62460081362593, -2.122499692848033], [-48.62460792240328, -2.12256865158909], [-48.63116181316298, -2.1250173526262572], [-48.63127368731378, -2.1249812367995533], [-48.63123777163724, -2.1248795736759303], [-48.63108301114274, -2.1246543464079677], [-48.63103993667279, -2.12451638379659], [-48.630809466749966, -2.124265637853162], [-48.63075201937857, -2.1240913646458157], [-48.63061505084898, -2.1240258341182168], [-48.630618801723905, -2.1239314899375543], [-48.63057921262508, -2.123873367343684], [-48.63056136541462, -2.123749959087962], [-48.63050014505529, -2.1236845454413555], [-48.630485849583074, -2.123597431118561], [-48.630446337917824, -2.12348850483308], [-48.63045726415805, -2.1234195736417325], [-48.6304969528039, -2.123412377171467], [-48.6305401987314, -2.12343784578911], [-48.63058045107518, -2.123556084667412], [-48.63063950316569, -2.123725235240357], [-48.63075784986028, -2.123904421973159], [-48.63084661746964, -2.1240338397098486], [-48.63091556968372, -2.124193060920797], [-48.63097463693138, -2.1243522668934935], [-48.6310930442994, -2.1244916750749048], [-48.6312312064639, -2.124641058429799], [-48.63131997411698, -2.124770476229914], [-48.63143836637543, -2.124919829112719], [-48.63150742474387, -2.125009437799769], [-48.63159449431138, -2.125126885698379], [-48.6316953702908, -2.1252068759948743], [-48.63307971914235, -2.125709792877776]]]}}, {"type": "Feature", "properties": {"id": 231, "Parcela": "J-154", "ANO": 1984, "Ha": 25.36, "PLANTAS": 3615, "VARIEDADE": "PB-121", "Rot_labels": -15}, "geometry": {"type": "Polygon", "coordinates": [[[-48.61576694169428, -2.119365344557963], [-48.615426101370396, -2.119211720346144], [-48.61383805393647, -2.118597669189307], [-48.611180499317484, -2.117643845085786], [-48.607433822160985, -2.116255743417052], [-48.60736959420144, -2.1162407269559473], [-48.60725722843047, -2.116364039108247], [-48.60657556359743, -2.1183576730970897], [-48.61500619122179, -2.1215051601460675], [-48.61576694169428, -2.119365344557963]]]}}, {"type": "Feature", "properties": {"id": 230, "Parcela": "J-153", "ANO": 1984, "Ha": 25.92, "PLANTAS": 3635, "VARIEDADE": "PB-121", "Rot_labels": -15}, "geometry": {"type": "Polygon", "coordinates": [[[-48.615004293684784, -2.1215724937226], [-48.6065615364798, -2.118416849281678], [-48.60574300173252, -2.1206001018634444], [-48.605988142568265, -2.120687574131621], [-48.6140920213581, -2.1237265863079626], [-48.61424351581955, -2.1237268216293956], [-48.615004293684784, -2.1215724937226]]]}}, {"type": "Feature", "properties": {"id": 229, "Parcela": "J-152", "ANO": 1984, "Ha": 26.41, "PLANTAS": 3649, "VARIEDADE": "PB-121", "Rot_labels": -15}, "geometry": {"type": "Polygon", "coordinates": [[[-48.614160125702185, -2.1240061098108907], [-48.614135199669136, -2.1237956006063485], [-48.605707412536745, -2.120631389789964], [-48.604855956964634, -2.122765100668936], [-48.60498923096982, -2.122885058043299], [-48.613305810764295, -2.1259969930925475], [-48.613394387187775, -2.1259912953955284], [-48.614160125702185, -2.1240061098108907]]]}}, {"type": "Feature", "properties": {"id": 228, "Parcela": "J-151", "ANO": 1984, "Ha": 25.74, "PLANTAS": 3648, "VARIEDADE": "PB-121", "Rot_labels": -15}, "geometry": {"type": "Polygon", "coordinates": [[[-48.6133055151576, -2.1261893189854337], [-48.613304828849905, -2.1260287111858824], [-48.60489903958798, -2.1228958037901777], [-48.60427616661243, -2.1244987514001177], [-48.6041891513402, -2.1247889176201564], [-48.60414558771235, -2.1249702883749992], [-48.60415983658859, -2.1250864314099047], [-48.61257376128816, -2.1282275644097077], [-48.6133055151576, -2.1261893189854337]]]}}, {"type": "Feature", "properties": {"id": 204, "Parcela": "I-154", "ANO": 1983, "Ha": 21.35, "PLANTAS": 3054, "VARIEDADE": "PB-121", "Rot_labels": -15}, "geometry": {"type": "Polygon", "coordinates": [[[-48.611824258548644, -2.130077082236856], [-48.611914534680295, -2.1300119047052197], [-48.612519427040844, -2.128376260448845], [-48.612508762374475, -2.1282746375219084], [-48.60406238636412, -2.1251261958218524], [-48.603428441942455, -2.1268887897571234], [-48.60343559429271, -2.1269287174352587], [-48.611824258548644, -2.130077082236856]]]}}, {"type": "Feature", "properties": {"id": 203, "Parcela": "I-153", "ANO": 1983, "Ha": 24.73, "PLANTAS": 3432, "VARIEDADE": "PB-121", "Rot_labels": -15}, "geometry": {"type": "Polygon", "coordinates": [[[-48.61100566987409, -2.1322821114567914], [-48.611077888710646, -2.1322314211341227], [-48.61182763631263, -2.1302258681007924], [-48.61183861393816, -2.130124278959892], [-48.603489581487004, -2.1270050060319874], [-48.60338014595576, -2.1270032562334737], [-48.60254846692549, -2.129137252094345], [-48.60649587162841, -2.130605822911323], [-48.60657645967164, -2.1306117860329765], [-48.60659645972826, -2.130462649789635], [-48.60665596836119, -2.1303334642982183], [-48.606685868561776, -2.130174399012674], [-48.60674537715309, -2.13004521349627], [-48.606804885724955, -2.129916027966094], [-48.606844593919234, -2.129806700488365], [-48.6068744172746, -2.1296973575584843], [-48.60693392579541, -2.1295681719953494], [-48.60696371842338, -2.1294787180099584], [-48.607052681851414, -2.1294788569897314], [-48.60717119232312, -2.129548653654869], [-48.60722044761874, -2.1296581201568014], [-48.6073388506708, -2.129797528208111], [-48.607407937034075, -2.12986724768176], [-48.607496777717245, -2.1299469425274533], [-48.60752626336303, -2.1300563781729758], [-48.60752606380165, -2.130185656458249], [-48.60752583352344, -2.1303348237101583], [-48.607525710701786, -2.130414379577745], [-48.607505802850824, -2.130503849035925], [-48.60750566466402, -2.130593349385447], [-48.60748574912068, -2.130687791080851], [-48.607485641632366, -2.1307574024626037], [-48.6074855264624, -2.1308319860858296], [-48.6073915283676, -2.13089150621261], [-48.60748360905628, -2.1309847602761574], [-48.61100566987409, -2.1322821114567914]]]}}, {"type": "Feature", "properties": {"id": 180, "Parcela": "H-164", "ANO": 1983, "Ha": 16.71, "PLANTAS": 2449, "VARIEDADE": "PB-121", "Rot_labels": -15}, "geometry": {"type": "Polygon", "coordinates": [[[-48.60073654162443, -2.1337076013339993], [-48.60069298198255, -2.1335904712621288], [-48.59528155310283, -2.131583556379177], [-48.595212213143114, -2.1316779193805084], [-48.59519228922005, -2.1317773322417928], [-48.59514264925168, -2.131916476061971], [-48.59508315539631, -2.132035715547952], [-48.595023630632284, -2.1321748438044024], [-48.595023460722565, -2.1322842321130473], [-48.59500364486976, -2.1323140342076967], [-48.594864624864634, -2.132721536647923], [-48.594775353004316, -2.132920284544072], [-48.59475536713791, -2.133059474906437], [-48.59471565037285, -2.1331737731938913], [-48.594700630037394, -2.1332980547361915], [-48.59468560968845, -2.1334223362753924], [-48.59467554716485, -2.1335366811982577], [-48.594586336967296, -2.1336956514469216], [-48.594576297603474, -2.133795079776033], [-48.60000420615324, -2.135810193385091], [-48.60073654162443, -2.1337076013339993]]]}}, {"type": "Feature", "properties": {"id": 179, "Parcela": "H-163", "ANO": 1983, "Ha": 16.38, "PLANTAS": 2364, "VARIEDADE": "PB-121", "Rot_labels": -15}, "geometry": {"type": "Polygon", "coordinates": [[[-48.59991730003626, -2.136027782603475], [-48.599903165037006, -2.135839064706587], [-48.594647192562064, -2.133885786232183], [-48.594521745875205, -2.1339143268827323], [-48.5944918673811, -2.134058473837029], [-48.59445215049544, -2.1341727720648462], [-48.59442229516217, -2.1343020024237442], [-48.59435283888547, -2.1344709480830035], [-48.59431309874659, -2.1346001628621205], [-48.59425357358845, -2.134739290892842], [-48.59422374911975, -2.1348486324446316], [-48.594144469860794, -2.134977784936031], [-48.59406514416066, -2.135136770560851], [-48.59401551915862, -2.1352659697164094], [-48.59394606269626, -2.1354349152552143], [-48.593876575244984, -2.1356237495388934], [-48.593747500476454, -2.1359914892308765], [-48.59914226631823, -2.138044155454634], [-48.59991730003626, -2.136027782603475]]]}}, {"type": "Feature", "properties": {"id": 178, "Parcela": "H-162", "ANO": 1983, "Ha": 16.53, "PLANTAS": 2441, "VARIEDADE": "PB-121", "Rot_labels": -15}, "geometry": {"type": "Polygon", "coordinates": [[[-48.598338089524, -2.1402419175902043], [-48.599127725455105, -2.138116707791484], [-48.593693050769524, -2.136045017244727], [-48.593588686073744, -2.1364138761973956], [-48.59351434895725, -2.136543036291771], [-48.593444884506575, -2.1367169538671145], [-48.59342987921771, -2.1368312908565943], [-48.59335548781699, -2.136995256230523], [-48.593305870293264, -2.137119483035287], [-48.593241138935625, -2.1374276574399014], [-48.593191498108666, -2.13756680078036], [-48.593131848495496, -2.137785483533878], [-48.59303267522145, -2.1379941595115066], [-48.59292704412008, -2.1382702306273043], [-48.594902561489945, -2.138988210183486], [-48.59828393356267, -2.1402744910784475], [-48.598338089524, -2.1402419175902043]]]}}, {"type": "Feature", "properties": {"id": 177, "Parcela": "H-161", "ANO": 1983, "Ha": 17.29, "PLANTAS": 2490, "VARIEDADE": "PB-121", "Rot_labels": -15}, "geometry": {"type": "Polygon", "coordinates": [[[-48.594788168113254, -2.1405625866842923], [-48.594817651941945, -2.14067202176935], [-48.59478788895257, -2.140741585684058], [-48.59476801076627, -2.140811165198802], [-48.59469875506414, -2.1408508335241465], [-48.59461964557601, -2.140870597461847], [-48.59439226398552, -2.140890127299704], [-48.59414501972649, -2.140969292184966], [-48.59396710876214, -2.140959066831801], [-48.5938585621255, -2.140839562534063], [-48.59370028115857, -2.14091886781596], [-48.59357171666887, -2.1409584423819346], [-48.59340364402395, -2.1409780657170843], [-48.59737156364699, -2.1424575642462593], [-48.597529853755596, -2.142436948678209], [-48.598309092213974, -2.1403325908633435], [-48.59500538216796, -2.139077716790705], [-48.59488927953516, -2.1391108618001473], [-48.594819899970524, -2.139230085336537], [-48.59475044288884, -2.139399030801223], [-48.59472044746718, -2.1396177605680156], [-48.59463115869691, -2.139826452352396], [-48.59451215344531, -2.1400748748524343], [-48.59443282690922, -2.140233860231811], [-48.59436336963616, -2.1404028055772297], [-48.59438293760994, -2.1405321138008415], [-48.594590409944374, -2.1406020521861535], [-48.594788168113254, -2.1405625866842923]], [[-48.59441435974754, -2.1393985005845457], [-48.59459887257716, -2.1394376960527097], [-48.594649551516426, -2.13932165603914], [-48.5946966291004, -2.139201981585166], [-48.59473302140549, -2.1389952002868218], [-48.59292694228663, -2.1383355478656547], [-48.59281839880745, -2.1385494724885277], [-48.59249683459436, -2.139315918838571], [-48.59242731529933, -2.139524641390082], [-48.59241722880165, -2.13965390261145], [-48.592407111254104, -2.13980305257362], [-48.59243654835146, -2.1399423206122328], [-48.59249563980255, -2.1400816354957115], [-48.5925746560274, -2.1401215378893235], [-48.5926834042211, -2.140111765253749], [-48.592782190042186, -2.140151698868539], [-48.59285125942913, -2.1402313631470364], [-48.592890612371185, -2.1403507580940064], [-48.59295965072826, -2.140450311134864], [-48.593008966060715, -2.1405199998288698], [-48.59316713829187, -2.140510305251342], [-48.59328577135537, -2.1405005482114725], [-48.59336474110385, -2.1405702837468477], [-48.593532751628416, -2.1405904378846037], [-48.5936909239251, -2.14058074325714], [-48.59378983398089, -2.140541121817711], [-48.59389862883796, -2.1405015159731646], [-48.59395793764134, -2.1405016096144727], [-48.59403710912464, -2.1404420681656533], [-48.59433497352777, -2.139814669491458], [-48.594425606684986, -2.139520883901438], [-48.59441435974754, -2.1393985005845457]], [[-48.5905831175856, -2.13989492658633], [-48.590622877682954, -2.1398201223454585], [-48.59062796759782, -2.13972565875203], [-48.59064792348229, -2.139606357694049], [-48.590657971292664, -2.1395019575495415], [-48.59063831820508, -2.1394273436187126], [-48.59057914156662, -2.1393427228512754], [-48.59052985746289, -2.1392531455298536], [-48.59053001272134, -2.1391537019520146], [-48.590500505910946, -2.1390591836974813], [-48.59046601014168, -2.138994490709378], [-48.590411775892456, -2.1389098777735267], [-48.59041188456199, -2.1388402672748277], [-48.590416989941446, -2.138735859335013], [-48.590402279218594, -2.138661253232967], [-48.5903777147754, -2.138566742802947], [-48.59037786999377, -2.1384672992354035], [-48.5904028069495, -2.138323145097019], [-48.59046236382494, -2.1381641290603395], [-48.59042293341549, -2.138094456110688], [-48.59033898279674, -2.138049573801665], [-48.59025013636423, -2.1379748506196505], [-48.59018599407401, -2.137905138650495], [-48.59014988464595, -2.1378367478973117], [-48.59008741808753, -2.1377309563179527], [-48.59004306859455, -2.137646359052886], [-48.589973875318954, -2.1376462497727102], [-48.5898651430359, -2.1376460780403947], [-48.589756403001836, -2.1376508784764945], [-48.58970197478764, -2.1376905700109528], [-48.58968208888004, -2.137765121421366], [-48.58959438150856, -2.1378540141151703], [-48.58910163355929, -2.139171333022421], [-48.58909078439307, -2.139279310973462], [-48.58917356921178, -2.1393919326304265], [-48.5905831175856, -2.13989492658633]]]}}, {"type": "Feature", "properties": {"id": 149, "Parcela": "G-164", "ANO": 1983, "Ha": 19.79, "PLANTAS": 2911, "VARIEDADE": "PB-121", "Rot_labels": -15}, "geometry": {"type": "Polygon", "coordinates": [[[-48.59668219234416, -2.144756199209817], [-48.59747009196633, -2.142594705278568], [-48.59739985710669, -2.1425292768290185], [-48.593272235999635, -2.1409859839076515], [-48.59312672219606, -2.141072100084787], [-48.59288846230098, -2.141728054015684], [-48.59279901764566, -2.142036189007486], [-48.5927095262871, -2.1423741570724046], [-48.59263015267579, -2.142562975125964], [-48.59257050201795, -2.142781657534104], [-48.59249120602251, -2.142920753677715], [-48.59241187891968, -2.1430797385428946], [-48.59241578912157, -2.143156433381677], [-48.59668219234416, -2.144756199209817]], [[-48.59044933624245, -2.1424094303180503], [-48.59052152146685, -2.1423805146520576], [-48.591119175850984, -2.140781186233815], [-48.591091123238, -2.1406412742289316], [-48.59100713367061, -2.1406212526808877], [-48.59088358946012, -2.14061111298201], [-48.59081448921279, -2.140551337430293], [-48.5907503779614, -2.1404617366175165], [-48.59074559867163, -2.1403573130321694], [-48.59083497191809, -2.140301743391165], [-48.59087480747007, -2.140200201673922], [-48.59081725435424, -2.1400985060178366], [-48.588978741219755, -2.139424283163531], [-48.588236013678255, -2.141531401633992], [-48.58828642629531, -2.1415859124330883], [-48.59044933624245, -2.1424094303180503]]]}}, {"type": "Feature", "properties": {"id": 148, "Parcela": "G-163", "ANO": 1983, "Ha": 17.78, "PLANTAS": 2591, "VARIEDADE": "PB-121", "Rot_labels": -15}, "geometry": {"type": "Polygon", "coordinates": [[[-48.596633259689874, -2.144908529555402], [-48.59662256896833, -2.144825051318221], [-48.596550525020255, -2.1447632486515493], [-48.59228230749462, -2.1431707372009634], [-48.59212004400943, -2.1432284428017323], [-48.59199138609251, -2.143327683175859], [-48.59192197479995, -2.1434667948385147], [-48.59187230199658, -2.143625826503515], [-48.591812713258285, -2.1438047312436463], [-48.59169373787851, -2.1440332639144453], [-48.59164398720056, -2.144242017349976], [-48.591604121288036, -2.1444507864188203], [-48.59143188753042, -2.1449438456067984], [-48.59127637615333, -2.1452500461285897], [-48.59138802425991, -2.1453139076171555], [-48.59573556182127, -2.1469283252621296], [-48.59589796265876, -2.1468741509595075], [-48.596633259689874, -2.144908529555402]], [[-48.5873866364094, -2.143790754928146], [-48.58770745361777, -2.1439218978706753], [-48.587834037856155, -2.143828262077459], [-48.58804677084829, -2.1436943504071557], [-48.58819485170076, -2.143632372035288], [-48.58833206500494, -2.1435382424766978], [-48.588458394836074, -2.1434840116947558], [-48.588555857393914, -2.1434369926152956], [-48.58861728414708, -2.1433681440285843], [-48.58872197203951, -2.143313878906786], [-48.58888064548635, -2.1433359026966214], [-48.588956409309084, -2.143325136525441], [-48.5890681975959, -2.1433434572886987], [-48.589143955748604, -2.1433363198322044], [-48.58919820826774, -2.1432420586834326], [-48.58921633408515, -2.1431840276462997], [-48.589270535478214, -2.1431224250125136], [-48.589367424342, -2.1430351423714664], [-48.589505889118406, -2.1429856397857105], [-48.58972350219058, -2.1428915128133967], [-48.58986967065073, -2.1428838772689494], [-48.58995107005071, -2.142752651840237], [-48.59003017167272, -2.142737860500528], [-48.59006485397441, -2.1426832213233125], [-48.590169544726045, -2.142568651924551], [-48.590151611923055, -2.1425033062766436], [-48.59022395036027, -2.142376414979574], [-48.590008369830485, -2.142329566272943], [-48.589050129534776, -2.141955135350313], [-48.58820881937194, -2.141622076866046], [-48.5873866364094, -2.143790754928146]]]}}, {"type": "Feature", "properties": {"id": 147, "Parcela": "G-162", "ANO": 1983, "Ha": 20.05, "PLANTAS": 2896, "VARIEDADE": "PB-121", "Rot_labels": -15}, "geometry": {"type": "Polygon", "coordinates": [[[-48.59576429313065, -2.1470082032626956], [-48.59037313115269, -2.145007485660859], [-48.59023909205253, -2.1450403151220643], [-48.590099687993586, -2.145049940043475], [-48.58975830091514, -2.145392303323195], [-48.58949721171244, -2.1454722576026835], [-48.589284155285945, -2.14548799343128], [-48.589101389858875, -2.145645118481933], [-48.58890360040748, -2.1457044710242874], [-48.58867620333509, -2.1457339434557956], [-48.5884587534328, -2.1457236541573312], [-48.58803760401358, -2.1456896155674228], [-48.58776494766422, -2.1463535591093144], [-48.58780984990758, -2.1464803151702703], [-48.58801890761863, -2.1465749939996814], [-48.58825317451633, -2.1466951139614836], [-48.59504123538867, -2.1492169674243127], [-48.59582553298055, -2.1470591026960317], [-48.59576429313065, -2.1470082032626956]]]}}, {"type": "Feature", "properties": {"id": 146, "Parcela": "G-161", "ANO": 1984, "Ha": 24.63, "PLANTAS": 3586, "VARIEDADE": "PB-121", "Rot_labels": -15}, "geometry": {"type": "Polygon", "coordinates": [[[-48.59500502883509, -2.149304000040851], [-48.58792325396495, -2.1466183869393953], [-48.58755795865097, -2.146537662439618], [-48.5873800791917, -2.1465075469670993], [-48.58722196934175, -2.146477462869817], [-48.5870737443044, -2.1464473944579274], [-48.586945195253435, -2.1464770234118005], [-48.586826374964325, -2.146606111341798], [-48.58672738664915, -2.1466954533226925], [-48.586628335898766, -2.1468245725962847], [-48.586568824278864, -2.1469537546518613], [-48.586440072292376, -2.147112659750309], [-48.58630148231981, -2.1472417161246296], [-48.586251808580926, -2.1474007467997622], [-48.58618230277729, -2.1475995233428082], [-48.586132566511004, -2.147798331283426], [-48.586122463078645, -2.147937536111757], [-48.58603325005749, -2.148096503879212], [-48.58592431428535, -2.1482256072211814], [-48.58595832656869, -2.148349797400528], [-48.59420453979956, -2.151432806022636], [-48.59500502883509, -2.149304000040851]]]}}, {"type": "Feature", "properties": {"id": 121, "Parcela": "F-164", "ANO": 1984, "Ha": 25.07, "PLANTAS": 3635, "VARIEDADE": "PB-121", "Rot_labels": -15}, "geometry": {"type": "Polygon", "coordinates": [[[-48.59417240591018, -2.151508980338672], [-48.585924032130066, -2.1484192880999315], [-48.585825122675466, -2.1484442251488964], [-48.58574089101371, -2.148578339885834], [-48.58572089485789, -2.1487225011045132], [-48.58565138876092, -2.1489212774740816], [-48.58562650486178, -2.149030625693245], [-48.585596616032895, -2.1491797433265587], [-48.585537041531104, -2.149348702414636], [-48.585487273626704, -2.1495673988093236], [-48.585447468650294, -2.1497363893204953], [-48.58540761673485, -2.149935212776381], [-48.58534807337492, -2.1500842831621267], [-48.58529839914982, -2.150243313584002], [-48.585169662136586, -2.1503922737888175], [-48.585091017642775, -2.150584311009265], [-48.58771180085182, -2.1515464660874963], [-48.593342624286905, -2.1536782307099043], [-48.59336675913485, -2.153578758220062], [-48.59417240591018, -2.151508980338672]]]}}, {"type": "Feature", "properties": {"id": 118, "Parcela": "F-161", "ANO": 1984, "Ha": 24.86, "PLANTAS": 3604, "VARIEDADE": "PB-121", "Rot_labels": -15}, "geometry": {"type": "Polygon", "coordinates": [[[-48.59092014321471, -2.1603361652106576], [-48.59169846734263, -2.158173892824645], [-48.58379596757908, -2.1552487816747234], [-48.58362745210045, -2.155210331954415], [-48.583490321655965, -2.155246165428407], [-48.5833797197219, -2.1555977652195044], [-48.583276402297955, -2.155808398522397], [-48.583169514369054, -2.156043973350252], [-48.58326008174134, -2.156243955420751], [-48.58325981488482, -2.1564130085550715], [-48.583249678880755, -2.156572101593311], [-48.58321991450563, -2.156641664323591], [-48.58313087257075, -2.156691243676063], [-48.58302188825732, -2.1568501787261383], [-48.5829622966343, -2.157029081336776], [-48.582942244286485, -2.1572080471310757], [-48.58295571139069, -2.1574210414977464], [-48.59087207948485, -2.1603802112158563], [-48.59092014321471, -2.1603361652106576]]]}}, {"type": "Feature", "properties": {"id": 227, "Parcela": "J-144", "ANO": 1984, "Ha": 26.24, "PLANTAS": 3616, "VARIEDADE": "PB-121", "Rot_labels": -15}, "geometry": {"type": "Polygon", "coordinates": [[[-48.62443883463928, -2.122630350705357], [-48.624406520964335, -2.1225323223810997], [-48.61593121504975, -2.119380280551768], [-48.61513794599275, -2.1215563340716574], [-48.61532535474058, -2.1216582312829066], [-48.623541089358824, -2.1247227954293084], [-48.62362765827356, -2.1247229294310572], [-48.62438817540515, -2.1227355084211483], [-48.62443883463928, -2.122630350705357]]]}}, {"type": "Feature", "properties": {"id": 226, "Parcela": "J-143", "ANO": 1984, "Ha": 26.08, "PLANTAS": 3757, "VARIEDADE": "PB-121", "Rot_labels": -15}, "geometry": {"type": "Polygon", "coordinates": [[[-48.623515767941534, -2.1247699309729318], [-48.615101809170724, -2.1215998236672493], [-48.61432290716842, -2.123812184439014], [-48.62276933543079, -2.126978729220917], [-48.622816254755094, -2.1269606578283744], [-48.62356603336413, -2.1249224194871017], [-48.623515767941534, -2.1247699309729318]]]}}, {"type": "Feature", "properties": {"id": 223, "Parcela": "J-134", "ANO": 1984, "Ha": 25.0, "PLANTAS": 3680, "VARIEDADE": "PB-111", "Rot_labels": -15}, "geometry": {"type": "Polygon", "coordinates": [[[-48.631630304890365, -2.1252974967867657], [-48.63191160958751, -2.1257310510226937], [-48.63204963541758, -2.125969936473928], [-48.63209546113038, -2.1259784494756815], [-48.632158370243715, -2.125970104280874], [-48.632306629858114, -2.12598027776012], [-48.63237571862436, -2.1260499971875846], [-48.632484347347734, -2.1261197776345653], [-48.632672086324035, -2.126169790778384], [-48.63278312665911, -2.1262427763989824], [-48.63291664342005, -2.126206693903856], [-48.63306875968525, -2.1258004972554256], [-48.631630304890365, -2.1252974967867657]], [[-48.6321997845186, -2.1279492496067247], [-48.632337207522326, -2.127717215515779], [-48.6323915599374, -2.127555815656307], [-48.632395344175066, -2.127439698317853], [-48.63241710837809, -2.1273598972356274], [-48.63236465027911, -2.1272484522343706], [-48.63238144459178, -2.1270931217354496], [-48.632410611097185, -2.1268899511931645], [-48.632317369776146, -2.1265341800221558], [-48.632040555390766, -2.1264247039391133], [-48.631971611807856, -2.1261925345457793], [-48.63189968083599, -2.12605452728619], [-48.63182054680952, -2.1259092512241113], [-48.631719947486744, -2.1256478189180603], [-48.631611992943036, -2.125478910902978], [-48.63151129126161, -2.1252846121680835], [-48.6314114031338, -2.1252235766552245], [-48.62849765308381, -2.124060668687919], [-48.62456096720507, -2.122610310543736], [-48.62376408038798, -2.1247936323199066], [-48.6321997845186, -2.1279492496067247]]]}}, {"type": "Feature", "properties": {"id": 222, "Parcela": "J-133", "ANO": 1984, "Ha": 25.83, "PLANTAS": 3754, "VARIEDADE": "PB-111", "Rot_labels": -15}, "geometry": {"type": "Polygon", "coordinates": [[[-48.63141902768603, -2.130196114022106], [-48.63145519267753, -2.13013447956416], [-48.63220858342411, -2.128092602730833], [-48.63219067546629, -2.1280091115433075], [-48.6239532362835, -2.124933634945762], [-48.62367531110167, -2.1250529560158657], [-48.62294009386911, -2.1270041252804326], [-48.62301935987304, -2.1270623093368264], [-48.63141902768603, -2.130196114022106]]]}}, {"type": "Feature", "properties": {"id": 221, "Parcela": "J-132", "ANO": 1984, "Ha": 26.25, "PLANTAS": 3769, "VARIEDADE": "PB-121", "Rot_labels": -15}, "geometry": {"type": "Polygon", "coordinates": [[[-48.63060762471326, -2.1324302270161892], [-48.631408112190265, -2.1302577875328277], [-48.631328867542145, -2.1301850880221984], [-48.623069752874, -2.1271313351176233], [-48.62290749155506, -2.127094795358184], [-48.62214670899076, -2.1292491364048467], [-48.622193489272995, -2.129321785464089], [-48.63060762471326, -2.1324302270161892]]]}}, {"type": "Feature", "properties": {"id": 220, "Parcela": "J-131", "ANO": 1984, "Ha": 25.83, "PLANTAS": 3674, "VARIEDADE": "PB-121", "Rot_labels": -15}, "geometry": {"type": "Polygon", "coordinates": [[[-48.62979267039002, -2.1346244141220736], [-48.630589483820216, -2.1324991469625596], [-48.62215017134023, -2.1293434911607365], [-48.622077963654, -2.129386924943252], [-48.62134270368744, -2.1313598616173555], [-48.62131729274611, -2.131465057905978], [-48.62137130372707, -2.131526831798699], [-48.62974212125422, -2.13465699529653], [-48.62979267039002, -2.1346244141220736]]]}}, {"type": "Feature", "properties": {"id": 196, "Parcela": "I-134", "ANO": 1983, "Ha": 21.38, "PLANTAS": 3019, "VARIEDADE": "PB-121", "Rot_labels": -15}, "geometry": {"type": "Polygon", "coordinates": [[[-48.62908031300772, -2.136506162154038], [-48.629111668324626, -2.136495839392605], [-48.62976355237957, -2.1347949245434688], [-48.62976369142003, -2.1347042037032287], [-48.62132796620692, -2.131561238229008], [-48.62125221819959, -2.1315611204867944], [-48.62062552211216, -2.133301978961153], [-48.620667331924444, -2.1333422788006113], [-48.62908031300772, -2.136506162154038]]]}}, {"type": "Feature", "properties": {"id": 225, "Parcela": "J-142", "ANO": 1984, "Ha": 23.61, "PLANTAS": 3388, "VARIEDADE": "PB-121", "Rot_labels": -15}, "geometry": {"type": "Polygon", "coordinates": [[[-48.621986436033914, -2.129267302132385], [-48.62279418812004, -2.127062230700518], [-48.622736569942305, -2.1270004513750944], [-48.618525939990334, -2.12543715783178], [-48.6184382538726, -2.125431510483382], [-48.61839936578554, -2.125651061360671], [-48.618384831952625, -2.1257199862432485], [-48.61843886501522, -2.125767244668878], [-48.61854715950212, -2.125785602438257], [-48.618601799243216, -2.125840741921715], [-48.61867988617338, -2.125899850274903], [-48.618695352805375, -2.1260099836554387], [-48.618703001691216, -2.126120104904081], [-48.618757557012344, -2.1262302989610773], [-48.61884343154779, -2.12630908181326], [-48.61895269901207, -2.1264272257646137], [-48.61908546797028, -2.1265139463748963], [-48.61914780487535, -2.126647747416791], [-48.61924925463596, -2.126765879264235], [-48.61925954807992, -2.126889821970888], [-48.61933878590372, -2.1269661500871644], [-48.61943660313589, -2.1269470641337938], [-48.61949120675177, -2.127025798490572], [-48.619514575561226, -2.127080889485616], [-48.619639623368336, -2.127104678473583], [-48.61974120587607, -2.1271362959948705], [-48.61983493445859, -2.1271914962093765], [-48.61992080911492, -2.1272702791224014], [-48.61994410556921, -2.127372559794943], [-48.62013921168333, -2.1275930816123947], [-48.62021717211674, -2.127734771978053], [-48.62031857376454, -2.1278843637092923], [-48.62038876470429, -2.127994582178948], [-48.62050587427166, -2.1280970085275617], [-48.620552660199024, -2.1281757308159706], [-48.62060734833468, -2.128199410612212], [-48.62066791741627, -2.1281838669608506], [-48.620736540197434, -2.1281259123862757], [-48.62074833341036, -2.1280266001945787], [-48.62083429260027, -2.1280503285185173], [-48.620896617587576, -2.1281919946764614], [-48.62094336735903, -2.128294311826835], [-48.62098232349167, -2.1283808869478986], [-48.62101341360768, -2.1284989097363978], [-48.62103671008058, -2.1286011904931765], [-48.621044358952986, -2.12871131192924], [-48.621067667480546, -2.1288057277410957], [-48.6210948380493, -2.1289306832740844], [-48.621986436033914, -2.129267302132385]], [[-48.6199065151447, -2.1283895273553792], [-48.619942746982545, -2.128284347941588], [-48.6199809877513, -2.1280782683283346], [-48.61982826387163, -2.1278922502189728], [-48.6197167091027, -2.1278165771154773], [-48.61964655443534, -2.1276827638517655], [-48.61960368348057, -2.127600115202118], [-48.61950997904408, -2.127529185072518], [-48.619427983147006, -2.1274700705651393], [-48.619342060285526, -2.127422747401805], [-48.61924052606596, -2.127359670083124], [-48.61914685786991, -2.127265145148664], [-48.6191331291648, -2.127031270703765], [-48.61893626131658, -2.1269502198774712], [-48.61886959792195, -2.1268503887339563], [-48.61872193057087, -2.1268076952797377], [-48.61867072344786, -2.12677677857149], [-48.618616071640666, -2.1267295039872125], [-48.61857704325588, -2.1266901186166693], [-48.61858466795048, -2.1268159697313878], [-48.6185142720704, -2.126839455288812], [-48.6184517301335, -2.1268393581743723], [-48.61838918819945, -2.1268392610573885], [-48.61827981222591, -2.1267919014908148], [-48.61827209102188, -2.1267289698767287], [-48.61827218755568, -2.126666050402676], [-48.61827229615279, -2.126595265994292], [-48.618311469312275, -2.12654027214726], [-48.61833503111918, -2.1264695241507527], [-48.61836641065994, -2.126398788288795], [-48.61839774193862, -2.126359512162972], [-48.61844474488472, -2.126296665501976], [-48.61846825841913, -2.126257377233866], [-48.61847618472518, -2.1261866049506164], [-48.618445058522546, -2.126092177184152], [-48.61835146279285, -2.1259504627323946], [-48.61828124790869, -2.125855974303979], [-48.618226716746804, -2.1257300504145564], [-48.618255134811044, -2.125618178200574], [-48.6181686774817, -2.125545467772161], [-48.618133314009164, -2.125462497058947], [-48.61821578026467, -2.1254076460163733], [-48.61821950970061, -2.1253278179369484], [-48.61812215896789, -2.125302265175982], [-48.61788065524673, -2.1251930260287], [-48.61444509302232, -2.1239321246978], [-48.61430452537233, -2.1238629591122846], [-48.61348242856809, -2.126013560068769], [-48.61354008503328, -2.126049937746758], [-48.61988123804547, -2.1284076321822267], [-48.6199065151447, -2.1283895273553792]]]}}, {"type": "Feature", "properties": {"id": 224, "Parcela": "J-141", "ANO": 1984, "Ha": 24.37, "PLANTAS": 3621, "VARIEDADE": "PB-121", "Rot_labels": -15}, "geometry": {"type": "Polygon", "coordinates": [[[-48.62060350437821, -2.1311990445644584], [-48.621151429861484, -2.1314248830790383], [-48.62120202326398, -2.1313632717833224], [-48.62195897570156, -2.129357709659048], [-48.621959053622035, -2.1293069062737726], [-48.6213162714739, -2.1290605438309234], [-48.62114355654079, -2.129532173824936], [-48.62115120535214, -2.1296422952730327], [-48.62112764341543, -2.1297130434010096], [-48.621057126561816, -2.1298151784687835], [-48.62104130392194, -2.1299370609049353], [-48.621037189820626, -2.1300707589796133], [-48.62101747034024, -2.130184770388044], [-48.62096257690254, -2.130294794659772], [-48.62089204790277, -2.130404794625956], [-48.62085283828507, -2.130483383375711], [-48.62082921590534, -2.130593456211276], [-48.62082128944585, -2.1306642285990107], [-48.62077420164485, -2.130782129926432], [-48.620680098469585, -2.1309707428662694], [-48.620656512272824, -2.1310572208337746], [-48.62060952106051, -2.1311122025500717], [-48.62060350437821, -2.1311990445644584]], [[-48.62030439573053, -2.1286692937641862], [-48.620156629652755, -2.128589230309226], [-48.61995835950931, -2.128512717239658], [-48.6134694157584, -2.1260912886256236], [-48.61266168308531, -2.1282800111781235], [-48.620019425184225, -2.131027582071822], [-48.620121934668404, -2.131033994381039], [-48.62018920706871, -2.130864549274344], [-48.620211055555494, -2.1307303170036365], [-48.62023893782698, -2.1306161337028144], [-48.620312353710865, -2.130534518324156], [-48.62031745976302, -2.1303921042695904], [-48.62036684941718, -2.130280585791271], [-48.62043201576351, -2.1301246478969724], [-48.62051162696342, -2.129957845974423], [-48.62058400176602, -2.12980554805877], [-48.62064568351564, -2.129569770689497], [-48.62056507783239, -2.1295076804334467], [-48.620518304010105, -2.129421093153623], [-48.62059561933039, -2.129286645095767], [-48.62062101896959, -2.129188706450802], [-48.62065179743392, -2.1290359171542423], [-48.62059729029682, -2.128894263114955], [-48.620448873458166, -2.1288153829776784], [-48.62030439573053, -2.1286692937641862]]]}}, {"type": "Feature", "properties": {"id": 195, "Parcela": "I-133", "ANO": 1983, "Ha": 25.7, "PLANTAS": 3681, "VARIEDADE": "PB-121", "Rot_labels": -15}, "geometry": {"type": "Polygon", "coordinates": [[[-48.628274997597636, -2.138731718687427], [-48.62830754497575, -2.13867733672546], [-48.62903923996806, -2.13668261219337], [-48.629060932564244, -2.1366499863198665], [-48.62903937917408, -2.1365918914031616], [-48.629004955867785, -2.136565201715104], [-48.62323537893222, -2.134380170141943], [-48.62056764750261, -2.1334071246247954], [-48.61989946245874, -2.1353109881748735], [-48.61987588800305, -2.135389601059391], [-48.61992268579192, -2.13546045863006], [-48.61998510706383, -2.13553920550975], [-48.62006320025587, -2.1355943819257517], [-48.62019596959749, -2.1356811033881926], [-48.62030537032277, -2.135712733698109], [-48.62040692904794, -2.135760081716162], [-48.62054057757005, -2.1358666440578102], [-48.628274997597636, -2.138731718687427]]]}}, {"type": "Feature", "properties": {"id": 194, "Parcela": "I-132", "ANO": 1983, "Ha": 21.49, "PLANTAS": 3014, "VARIEDADE": "PB-121", "Rot_labels": -15}, "geometry": {"type": "Polygon", "coordinates": [[[-48.62743830182154, -2.1409802956391206], [-48.62746364075572, -2.140922273721949], [-48.628184407895745, -2.139000111821117], [-48.62818641775812, -2.1388658479439844], [-48.62819912897643, -2.1388096207238734], [-48.62819200681143, -2.1387497338219], [-48.62187239789087, -2.1364065610327163], [-48.62061765851232, -2.135988494028201], [-48.620590169077694, -2.136071033335406], [-48.62063300957515, -2.1361733446404565], [-48.620718835876374, -2.1362835878978483], [-48.620765591332784, -2.136381972832544], [-48.62085928994206, -2.136456836021623], [-48.62099202309914, -2.1365671523942784], [-48.62114037978419, -2.136685358090075], [-48.62124963534749, -2.136811367837712], [-48.62126519830961, -2.1368585819041708], [-48.62126500455663, -2.1369844211106086], [-48.62124129680866, -2.1371495485169145], [-48.62118618455759, -2.1374011416251673], [-48.62110770361045, -2.1375976435019997], [-48.621068457063146, -2.137699826904881], [-48.62104485824394, -2.137794169729292], [-48.620974195023855, -2.137990683745381], [-48.620934912078745, -2.1381164619683197], [-48.62088776282731, -2.1382736877832307], [-48.62082329879029, -2.1383862615930482], [-48.62079787039789, -2.1385023441234026], [-48.62743830182154, -2.1409802956391206]], [[-48.619270025097215, -2.1379152746557604], [-48.61942447532959, -2.1379195909539424], [-48.61947149014975, -2.137839830378616], [-48.61950095035032, -2.1377209772235326], [-48.61951675567364, -2.1376108924518005], [-48.61956943443591, -2.1374807304757018], [-48.61955156692719, -2.137371838149409], [-48.619512040296286, -2.137273798489108], [-48.619458779746004, -2.1371841279908907], [-48.61946183229618, -2.1370850217995954], [-48.61943313241947, -2.13698337022144], [-48.61941522015695, -2.1369035083593095], [-48.61934322443017, -2.1368090468980636], [-48.61897736248342, -2.1378136576863693], [-48.619270025097215, -2.1379152746557604]]]}}, {"type": "Feature", "properties": {"id": 193, "Parcela": "I-131", "ANO": 1983, "Ha": 21.26, "PLANTAS": 2954, "VARIEDADE": "PB-121", "Rot_labels": -15}, "geometry": {"type": "Polygon", "coordinates": [[[-48.62665763336345, -2.1431491223691093], [-48.627382079299025, -2.1411834228879774], [-48.627364552028546, -2.1410109649828626], [-48.62104112907102, -2.138644247475727], [-48.6209184371673, -2.1386610852534003], [-48.620894717040755, -2.1388340775283745], [-48.620855409747044, -2.1389755856122568], [-48.620761329213344, -2.1391484680931594], [-48.62070632560597, -2.139329276487235], [-48.620667018237256, -2.139470784531776], [-48.620643455635914, -2.139541532450183], [-48.620611990312284, -2.1396673227891183], [-48.620588367050864, -2.1397773954314485], [-48.62057247668716, -2.1399425348953316], [-48.62054108410063, -2.1400211355409415], [-48.62047839596168, -2.1401154172547723], [-48.62041571994405, -2.1402018340121174], [-48.620337408275546, -2.1402882263459304], [-48.62025904805991, -2.1404060784428225], [-48.620204201966125, -2.1404846424281843], [-48.620125878129784, -2.1405788996648103], [-48.62006409894374, -2.140667602863634], [-48.620035152816136, -2.1407256187160444], [-48.62008560134158, -2.1407583568584836], [-48.620215382935264, -2.140805734174782], [-48.62225568030182, -2.141654434974379], [-48.62658902039685, -2.1431998190491846], [-48.62665763336345, -2.1431491223691093]], [[-48.61910163623278, -2.1403731146600586], [-48.61933414281911, -2.1396974353004645], [-48.61925175115324, -2.1396258744168075], [-48.619122860429655, -2.1395588210027334], [-48.61900186034831, -2.139444590176301], [-48.618919955391526, -2.139326487934063], [-48.618873254841546, -2.139192710764306], [-48.61885389234077, -2.1390747061998368], [-48.61886972209072, -2.1389488916312995], [-48.61889487356101, -2.1388817426474946], [-48.61885428060761, -2.13882302823675], [-48.61879575626792, -2.1387521522681276], [-48.61873463823564, -2.1386899471496514], [-48.618618779273234, -2.1387723936431486], [-48.61855100778307, -2.1389400471862907], [-48.61834513749944, -2.139493077921966], [-48.618313553448026, -2.139663733797465], [-48.61821767277771, -2.139838411395421], [-48.618165099604056, -2.1400373860631086], [-48.61910163623278, -2.1403731146600586]]]}}, {"type": "Feature", "properties": {"id": 200, "Parcela": "I-144", "ANO": 1983, "Ha": 18.1, "PLANTAS": 2575, "VARIEDADE": "PB-121", "Rot_labels": -15}, "geometry": {"type": "Polygon", "coordinates": [[[-48.61970927524276, -2.1309908116494096], [-48.61956124853848, -2.1309229793045956], [-48.61265071682568, -2.128374342825988], [-48.61203486371728, -2.1301006900905266], [-48.612154718062165, -2.1301764546902664], [-48.61898971924778, -2.132741782678336], [-48.6190357638233, -2.13266111807206], [-48.61912963808826, -2.132622876632274], [-48.61915152590887, -2.132463242871741], [-48.61925514531849, -2.1323468612354106], [-48.61934909163713, -2.132260492895326], [-48.61938834980236, -2.13215044456235], [-48.61946687818358, -2.1319224829334864], [-48.619521832301125, -2.1317731341981543], [-48.619584604166675, -2.1316237976096017], [-48.61962922329378, -2.131444289121125], [-48.61963190967574, -2.1313643275026304], [-48.61971026867667, -2.1312464749624516], [-48.61971823146747, -2.131152107815349], [-48.61970927524276, -2.1309908116494096]], [[-48.62080712963525, -2.13248577734333], [-48.62086133016938, -2.132424171724453], [-48.62119097641358, -2.1315102218135205], [-48.62085931201321, -2.131389955208152], [-48.620830333016706, -2.131469744172372], [-48.62081937809817, -2.1315568187921996], [-48.620790387938676, -2.131643865369723], [-48.620779455305126, -2.1317164247451714], [-48.620779360533035, -2.131778114515092], [-48.620804537389304, -2.1318253283054776], [-48.62077187325596, -2.1319559149865093], [-48.62073206191941, -2.132042944723262], [-48.620699470245526, -2.1321263568633855], [-48.620652400185215, -2.1322424058456613], [-48.62062341554074, -2.1323258235846616], [-48.620515170643294, -2.132347428125851], [-48.62044293487648, -2.1324090056651075], [-48.62036710879035, -2.1324596911564804], [-48.620320127926455, -2.1325176791486324], [-48.62032724161792, -2.1325830089294366], [-48.62035241285967, -2.1326338515348575], [-48.620384798198046, -2.1326847053654174], [-48.62045332095945, -2.132692069607401], [-48.62054345812714, -2.132717611562957], [-48.62058662557582, -2.132793883899391], [-48.620608195355494, -2.132841092092652], [-48.62061891051798, -2.132910056308677], [-48.62063685093393, -2.132971774130617], [-48.620672999524764, -2.1329210269152], [-48.62080712963525, -2.13248577734333]]]}}, {"type": "Feature", "properties": {"id": 199, "Parcela": "I-143", "ANO": 1983, "Ha": 22.32, "PLANTAS": 3179, "VARIEDADE": "PB-121", "Rot_labels": -15}, "geometry": {"type": "Polygon", "coordinates": [[[-48.61885153736022, -2.1351989012940846], [-48.61895264093761, -2.135130111414438], [-48.61899970022151, -2.135021320341802], [-48.618954185025544, -2.1348710438002665], [-48.618935209136744, -2.1347381723706875], [-48.61891372327513, -2.1346365321089333], [-48.61888436986584, -2.134517011991211], [-48.61890321497398, -2.1344333021736186], [-48.61886900066709, -2.1343439590173365], [-48.61886915805584, -2.134241714837494], [-48.61886936386048, -2.1341080109098045], [-48.61888522942267, -2.133958601463757], [-48.618915041487, -2.1337801341439895], [-48.61882869574594, -2.1336348471152804], [-48.618784227700864, -2.13354946645141], [-48.61880015371439, -2.133360732325023], [-48.61883164264576, -2.133219212161903], [-48.618855277481764, -2.1331012746292766], [-48.61894509829967, -2.132999986002623], [-48.61896680755828, -2.132956474037354], [-48.618988600544704, -2.132858529992451], [-48.61887339742321, -2.1327539755013816], [-48.6183515390178, -2.132567550855567], [-48.612028465298394, -2.130180831391965], [-48.611951712150756, -2.130223939465481], [-48.61115491658276, -2.132331025486065], [-48.61874694409094, -2.1351914806410104], [-48.61885153736022, -2.1351989012940846]]]}}, {"type": "Feature", "properties": {"id": 218, "Parcela": "J-123", "ANO": 1981, "Ha": 23.42, "PLANTAS": 2932, "VARIEDADE": "PB-111", "Rot_labels": -15}, "geometry": {"type": "Polygon", "coordinates": [[[-48.64049979509599, -2.1320698194654524], [-48.64084201752516, -2.1311830881311353], [-48.64087107877944, -2.1310488646766337], [-48.64092540075277, -2.1309074224014295], [-48.6410049668635, -2.130769647884311], [-48.64123327455481, -2.1300732561481635], [-48.64118826868495, -2.1300187537399267], [-48.633311392069054, -2.1269873963283317], [-48.63318511146279, -2.127008974554038], [-48.63286050299601, -2.1269903292931596], [-48.63286392743195, -2.1271100866516703], [-48.632889116029375, -2.1271500428908294], [-48.632925015140216, -2.127262592680906], [-48.63306566314806, -2.127280954044395], [-48.63304758352742, -2.127309956946097], [-48.632975187543316, -2.127476772336996], [-48.632909472004435, -2.1274022794432184], [-48.63283535826531, -2.1275128449694884], [-48.632822628346226, -2.127581773476331], [-48.63284422370639, -2.127612652048969], [-48.63295438047277, -2.127520286426029], [-48.63290280259896, -2.1276363300222156], [-48.632776012601774, -2.127991761601431], [-48.632700253063085, -2.127998902305041], [-48.632689354332776, -2.128049689376311], [-48.63273979240041, -2.128089684625327], [-48.63271790079071, -2.128252949077858], [-48.63284794123894, -2.128261400941752], [-48.63289465619644, -2.1283873136722575], [-48.63291791765329, -2.1285131901840875], [-48.63291777361631, -2.1286075703999563], [-48.63293331325529, -2.1286705146960214], [-48.63287069856319, -2.128717608192414], [-48.63279972543228, -2.128733228626173], [-48.632854018079314, -2.1290164537983403], [-48.63285370945355, -2.129078722343355], [-48.632868021410836, -2.1291549503187857], [-48.63293284900772, -2.129220369795198], [-48.635247263364, -2.1300948696504713], [-48.64049979509599, -2.1320698194654524]], [[-48.632529048029454, -2.129094550520981], [-48.632597892633235, -2.1288914413064517], [-48.632565761069415, -2.12874466472839], [-48.63257315829123, -2.128553920052919], [-48.63253720390205, -2.1284776586636514], [-48.63246463949084, -2.128410244551922], [-48.63240616783072, -2.1283039762697404], [-48.632410184781186, -2.12823319717202], [-48.63241807463147, -2.1281860191572246], [-48.6324455750664, -2.1280956137464777], [-48.63241824267611, -2.1280759089447128], [-48.63236727075239, -2.1281780756478312], [-48.63234370923249, -2.128248824551852], [-48.632312275856876, -2.1283549539413102], [-48.63225345005396, -2.128480703586662], [-48.63208207597064, -2.1288942730996445], [-48.632529048029454, -2.129094550520981]]]}}, {"type": "Feature", "properties": {"id": 217, "Parcela": "J-122", "ANO": 1981, "Ha": 23.7, "PLANTAS": 3080, "VARIEDADE": "PB-121", "Rot_labels": -15}, "geometry": {"type": "Polygon", "coordinates": [[[-48.63969935288859, -2.1342150604751837], [-48.6397463282722, -2.134160699989827], [-48.64048526992997, -2.132133302298408], [-48.633094970651854, -2.1293494444957033], [-48.63300120335545, -2.1293384130630186], [-48.63292552129357, -2.1292947499139454], [-48.63282790316197, -2.1294433819479672], [-48.63286024492832, -2.1295232666386563], [-48.63293959500955, -2.1295270181108896], [-48.63293217031277, -2.1296649029668484], [-48.63295722589507, -2.129791951466792], [-48.633064391471464, -2.129866202834926], [-48.63307207720284, -2.129952730123155], [-48.633095362580804, -2.130062876634857], [-48.63312644177373, -2.130188765271435], [-48.63313319675102, -2.130300262595649], [-48.63312577199033, -2.130438147466476], [-48.633149366769885, -2.130534862364012], [-48.63322735300654, -2.130660823530244], [-48.633234966618936, -2.1307945409489073], [-48.633187927383204, -2.130880983641038], [-48.633156583908075, -2.1309281254061756], [-48.63316418547368, -2.131069707838543], [-48.63320309446751, -2.1311877435708837], [-48.63327333493674, -2.1312665025674526], [-48.63330445011485, -2.131368796182253], [-48.63328086437635, -2.1314552751311377], [-48.63325721853877, -2.1315810791747065], [-48.63325708633361, -2.1316675943904677], [-48.63324635023393, -2.131788266628462], [-48.63969935288859, -2.1342150604751837]], [[-48.63277056520318, -2.131558913073941], [-48.63281951516375, -2.1315174818836744], [-48.632900708398246, -2.1313704141523977], [-48.63292978683089, -2.1312253050985657], [-48.6328830667152, -2.1311127384755215], [-48.63290139041845, -2.1309240665796647], [-48.63280416567493, -2.1308150507228842], [-48.63281872703915, -2.13072798082906], [-48.632766148271465, -2.1306286503277394], [-48.63275068080052, -2.1305185159160147], [-48.6327903915277, -2.1303868250810356], [-48.63276537480663, -2.1302343746916494], [-48.6327583657351, -2.1301000963952728], [-48.63270440926293, -2.1300020340324597], [-48.63263444635182, -2.129841943205956], [-48.63261119703386, -2.1297082016791418], [-48.632622111594095, -2.129566444820797], [-48.632596005743586, -2.1294171719181456], [-48.63273420791034, -2.1293851755526325], [-48.63276326395032, -2.1292545818413156], [-48.63200262068888, -2.128959469577701], [-48.63122402296996, -2.130972275735182], [-48.63277056520318, -2.131558913073941]]]}}, {"type": "Feature", "properties": {"id": 216, "Parcela": "J-121", "ANO": 1981, "Ha": 23.38, "PLANTAS": 3108, "VARIEDADE": "PB-121", "Rot_labels": -15}, "geometry": {"type": "Polygon", "coordinates": [[[-48.638894563079134, -2.1362514258265044], [-48.6389993021802, -2.136164494982766], [-48.63906083361488, -2.136026693186314], [-48.63910798094953, -2.135859838205272], [-48.63926374591912, -2.1354282437939083], [-48.63931806303221, -2.1352904307784146], [-48.639336225982746, -2.1352069948961043], [-48.63935428366302, -2.135192507329447], [-48.63941219676412, -2.1350619575832623], [-48.63970196685491, -2.1342749408396244], [-48.63359142596439, -2.1319865727871097], [-48.63354561368966, -2.13214780804078], [-48.63348289054204, -2.132265686610882], [-48.6334573483265, -2.1323891679872347], [-48.633403092329104, -2.1324870630517254], [-48.6334065052538, -2.1326140781486127], [-48.63348573902177, -2.1326940354857125], [-48.63355413490608, -2.132784862615817], [-48.63355035029429, -2.1329009800326935], [-48.633755409486184, -2.132989691921347], [-48.63380212426438, -2.1331156048600914], [-48.63376259678919, -2.1332750802762943], [-48.63381739923982, -2.1333515797331937], [-48.633780360331876, -2.133452921554671], [-48.63389536140465, -2.1334932711275187], [-48.633910816738414, -2.1336112706716834], [-48.63391064836243, -2.1337213809956226], [-48.633918333926026, -2.1338079083501915], [-48.6340041620604, -2.1339181517807337], [-48.634043095029284, -2.134020457592223], [-48.634031851931965, -2.1341101332235155], [-48.63411317918168, -2.1342014620549397], [-48.63413648843866, -2.13429587865137], [-48.63417538531275, -2.134421779553209], [-48.634204270616124, -2.134582151111953], [-48.63720001801588, -2.1357298774438647], [-48.63870336988977, -2.136262016776198], [-48.63878273728201, -2.136254881775977], [-48.638894563079134, -2.1362514258265044]], [[-48.63044781772659, -2.133186483734384], [-48.63057394871534, -2.1332628849123796], [-48.63356969516324, -2.1344033548133416], [-48.63359302784301, -2.1343727045635235], [-48.63362022213808, -2.1343852887874513], [-48.633685221872604, -2.134338214346485], [-48.633692547071384, -2.1342656486363163], [-48.633634861439525, -2.134247415061966], [-48.63364582702768, -2.1341530818753767], [-48.63360623789297, -2.134094958945624], [-48.63351616621011, -2.1340258713061044], [-48.633429657215245, -2.133985820001215], [-48.633363024995525, -2.133964349537525], [-48.633308456364176, -2.133862019553556], [-48.63334769004115, -2.1337676998321378], [-48.63338672189267, -2.133757135864444], [-48.63342654968515, -2.133659218518556], [-48.63343750414058, -2.133572143029073], [-48.633397931659964, -2.1335031335892043], [-48.633344129970546, -2.1335396082035434], [-48.63334124037419, -2.1335120760958035], [-48.63336188301724, -2.1334885623828614], [-48.63332464546439, -2.133500252850432], [-48.63335833698147, -2.133448639524836], [-48.63337289295991, -2.1333651984644786], [-48.63324674352642, -2.1333192363883424], [-48.63324682772321, -2.1332641812526467], [-48.633239130142414, -2.133185518958642], [-48.633176647417486, -2.1331460970614966], [-48.63316109589541, -2.1330910177286295], [-48.63314550829069, -2.1330595334532934], [-48.633122138910934, -2.1330044420225955], [-48.63311441727029, -2.132941509773596], [-48.63317880966876, -2.132907662789454], [-48.633225884841856, -2.132787983545079], [-48.63311040273019, -2.132824093346388], [-48.63305210292949, -2.1327919776294357], [-48.633045697205354, -2.1326788391704645], [-48.63305674593044, -2.1325300733782053], [-48.63299192943518, -2.132457396063632], [-48.632888493207616, -2.1324220677270396], [-48.63292357798867, -2.1323375382248417], [-48.632904381426385, -2.1322569265540916], [-48.6329124517716, -2.132091773281273], [-48.63296737886014, -2.1320001228782206], [-48.63300349403178, -2.131971147943617], [-48.6330252529894, -2.131894975735729], [-48.63302893771944, -2.131844177522731], [-48.63302186776405, -2.1317498164620945], [-48.6329714185721, -2.1317170787665156], [-48.631208568070015, -2.131053900858176], [-48.63044781772659, -2.133186483734384]]]}}, {"type": "Feature", "properties": {"id": 192, "Parcela": "I-124", "ANO": 1982, "Ha": 29.18, "PLANTAS": 4118, "VARIEDADE": "PB-121", "Rot_labels": -15}, "geometry": {"type": "Polygon", "coordinates": [[[-48.6379118534973, -2.1396392645086832], [-48.63848458611501, -2.1378039460833533], [-48.638637105453256, -2.13713647088209], [-48.638559061009914, -2.137119395745705], [-48.638473100091666, -2.1370956675498642], [-48.63839884199494, -2.1370876875925635], [-48.63826788303884, -2.1370933837677146], [-48.63799422026521, -2.1371165555031575], [-48.6378221301537, -2.1371792096970577], [-48.63770471726232, -2.137273408736232], [-48.637626429966765, -2.1373440731256554], [-48.63757153622955, -2.1374540990270923], [-48.63746594640481, -2.1374853958168503], [-48.637422863719536, -2.1375403845500593], [-48.637438343123776, -2.1376426543139697], [-48.6373523341453, -2.1376503862112464], [-48.63725065326684, -2.137681689018295], [-48.6372271273596, -2.1377288429528165], [-48.63712548258146, -2.13773655061969], [-48.63705504925086, -2.1377836319079253], [-48.63689841438529, -2.137964285681543], [-48.636827969004734, -2.138019231979132], [-48.636507398906964, -2.13804233058351], [-48.636358870830605, -2.1380342354323707], [-48.63627291004765, -2.138010507093591], [-48.636171325513814, -2.1379788894927563], [-48.63606189901245, -2.1379629898471104], [-48.63600131331202, -2.1379609297135294], [-48.63590542064358, -2.1380413979250896], [-48.63581935151857, -2.1380884548703105], [-48.635704028502296, -2.138094174948936], [-48.63562381979065, -2.138143207217701], [-48.63551416448719, -2.138276743130747], [-48.635396739447735, -2.138378806771286], [-48.63531064621548, -2.1384415937104664], [-48.635224709592, -2.1384021352450007], [-48.63509765373199, -2.1384117695843914], [-48.63500764553122, -2.1384784829449437], [-48.634966466033546, -2.1385669008813215], [-48.63487253079668, -2.1386454056984014], [-48.634841174864434, -2.1387004124028515], [-48.63483993356369, -2.138763576614289], [-48.63781799640824, -2.139686294309257], [-48.6379118534973, -2.1396392645086832]], [[-48.63438561695123, -2.1386467486835934], [-48.63511532924654, -2.1366139815367373], [-48.62986623386739, -2.134762389667633], [-48.62907882442542, -2.136784171457703], [-48.62915809110643, -2.1368423560127088], [-48.631670899100925, -2.1377135510009695], [-48.63438561695123, -2.1386467486835934]], [[-48.63511747386935, -2.1365431469892666], [-48.63517524294004, -2.136506947905777], [-48.63521868913661, -2.1364017783596663], [-48.635197157623516, -2.1363291678827103], [-48.63511427217115, -2.1362782355246024], [-48.63505296821282, -2.136267254009835], [-48.634988068269664, -2.1362490092121744], [-48.63491336602167, -2.136228933285111], [-48.63486653094226, -2.136181670461604], [-48.63481193816414, -2.1360950703909314], [-48.634718219876305, -2.136032004865327], [-48.634686948352986, -2.1360319564302848], [-48.63459327822488, -2.1359374307997716], [-48.63450748616689, -2.1358035921533363], [-48.634476419259194, -2.1356698382745263], [-48.63438273712047, -2.135583177695316], [-48.634332676829615, -2.1355294808525778], [-48.6343653183397, -2.135413408067363], [-48.634203311102176, -2.1353312184161766], [-48.63426457520619, -2.1352463247641684], [-48.634189048399065, -2.1351010536492425], [-48.634062972373414, -2.134988363953683], [-48.63394770097888, -2.1348865775589827], [-48.63379634761359, -2.134791993003955], [-48.633727929535965, -2.1347156811476404], [-48.633724500114894, -2.134599552552045], [-48.63368139272367, -2.1344833625198927], [-48.633598418614106, -2.1344904917449563], [-48.63349394078984, -2.1344068663640945], [-48.630433289414356, -2.1332517804146023], [-48.629929710072425, -2.134684392834468], [-48.63511747386935, -2.1365431469892666]]]}}, {"type": "Feature", "properties": {"id": 191, "Parcela": "I-123", "ANO": 1982, "Ha": 23.95, "PLANTAS": 3184, "VARIEDADE": "PB-121", "Rot_labels": -15}, "geometry": {"type": "Polygon", "coordinates": [[[-48.637241046710045, -2.1419171501568317], [-48.63789359572742, -2.1397843907568928], [-48.63449891600808, -2.1388473512128394], [-48.63441266604381, -2.139012383361857], [-48.634365505520556, -2.1391774761270965], [-48.63431834496929, -2.139342568879213], [-48.63431034621625, -2.139460532122181], [-48.63427109998309, -2.139562716790449], [-48.634200630389095, -2.139633392827686], [-48.63412233083265, -2.139711921745611], [-48.63405181298212, -2.139814057853849], [-48.63399687060231, -2.139955543332043], [-48.63395752780561, -2.140120648136288], [-48.633894731288564, -2.1402857165189397], [-48.63383204332941, -2.140379999685681], [-48.63373814409754, -2.140434909178715], [-48.63365974792242, -2.1405763581682433], [-48.63359240668333, -2.140768396728874], [-48.637241046710045, -2.1419171501568317]], [[-48.63321742408609, -2.140666206499873], [-48.63324282414596, -2.1405682669694075], [-48.6331790740131, -2.1404930287996673], [-48.63319248066246, -2.1404665809514993], [-48.633210544004555, -2.1404484647493858], [-48.63325738062226, -2.140484825999405], [-48.63329705594101, -2.140486702041373], [-48.633304434401026, -2.140379662386017], [-48.63328103248424, -2.140280831131339], [-48.63335135733312, -2.1403045354486174], [-48.63339464531258, -2.1403580293642492], [-48.633470539172926, -2.1402637970678016], [-48.633557399057004, -2.140075231630947], [-48.633586497439246, -2.13991164859633], [-48.63367689533437, -2.1397742224052787], [-48.633759958803154, -2.1397090319912744], [-48.63385325865543, -2.139290724459359], [-48.63389246870306, -2.139212134892146], [-48.6339161273618, -2.1390784659004556], [-48.63393188371606, -2.1389998399334127], [-48.63396331201538, -2.1388976431535474], [-48.63401225521182, -2.138844630051316], [-48.63404159942845, -2.1388269792292447], [-48.6340806406643, -2.138858499962968], [-48.63411192428617, -2.1388506834507335], [-48.63413344759846, -2.1388349867541603], [-48.63412768061751, -2.1387720574676896], [-48.63411803783772, -2.1386874933028843], [-48.63403780309596, -2.1386266434614516], [-48.62904824608183, -2.136887938867326], [-48.62832884852202, -2.1389385364679523], [-48.63321742408609, -2.140666206499873]]]}}, {"type": "Feature", "properties": {"id": 190, "Parcela": "I-122", "ANO": 1982, "Ha": 25.35, "PLANTAS": 3281, "VARIEDADE": "PB-121", "Rot_labels": -15}, "geometry": {"type": "Polygon", "coordinates": [[[-48.63723194826446, -2.1419697545340664], [-48.63352253041905, -2.1408396238913814], [-48.63346774478242, -2.140878863995392], [-48.63342071367282, -2.140959407590207], [-48.633393224284205, -2.1410419477925906], [-48.63337360409155, -2.1410910738034876], [-48.63335785964799, -2.141161834687848], [-48.63333428522766, -2.141240448444222], [-48.63327939090914, -2.1413504736887194], [-48.63324793820201, -2.1414684003819797], [-48.63323216958157, -2.141554891290887], [-48.63320851060002, -2.141688560159213], [-48.63317702162383, -2.1418300818910967], [-48.63313772680382, -2.141963726447341], [-48.633106286103136, -2.1420737880930316], [-48.63308267537185, -2.142175996867315], [-48.633082554578735, -2.1422546470426167], [-48.63303546595912, -2.1423725493866863], [-48.63301183103552, -2.142490488183353], [-48.63303511560767, -2.1426006348864224], [-48.6330428126932, -2.1426792972135167], [-48.63305824310207, -2.1428130268180765], [-48.633065891844794, -2.1429231492168133], [-48.63318673505295, -2.1430339840856623], [-48.63648928329275, -2.144058825239061], [-48.63658306833874, -2.1440589709301032], [-48.63723194826446, -2.1419697545340664]], [[-48.63289449147981, -2.1429675285317398], [-48.63290208594133, -2.1428303258431183], [-48.6328336203112, -2.142720263388762], [-48.632819418022336, -2.1426378682477356], [-48.63277136103582, -2.142535338268318], [-48.632783625724045, -2.142456370101148], [-48.63274819730265, -2.1423465414272775], [-48.63279826596541, -2.142318496566333], [-48.63275237808136, -2.142169584652686], [-48.63285271251758, -2.142097221356865], [-48.63288527676451, -2.1420319526734724], [-48.632830895324, -2.1419494857351262], [-48.63283867423084, -2.1418431800319833], [-48.6329145849854, -2.1417380613599155], [-48.63296530730254, -2.141592986174212], [-48.632990824455995, -2.141418841006154], [-48.63294919034318, -2.141281141578699], [-48.63297282514972, -2.1411632027659446], [-48.63302739685509, -2.141092301283895], [-48.633081547934104, -2.1410633546073], [-48.63312956941592, -2.140911765118645], [-48.633145325923344, -2.1408331392272393], [-48.63326242652561, -2.1407225235900125], [-48.633114602232716, -2.1406787477730207], [-48.628316159605255, -2.138980248374869], [-48.62750857686821, -2.1410619441405117], [-48.627557217183956, -2.1411412195784005], [-48.63289449147981, -2.1429675285317398]]]}}, {"type": "Feature", "properties": {"id": 99, "Parcela": "E-171", "ANO": 1985, "Ha": 25.92, "PLANTAS": 4010, "VARIEDADE": "PB-121", "Rot_labels": -15}, "geometry": {"type": "Polygon", "coordinates": [[[-48.57908418606018, -2.1660922993689673], [-48.57985943980658, -2.1639816372117835], [-48.57967204779639, -2.1638724751048595], [-48.571452896777245, -2.160832932483376], [-48.571294224101784, -2.160810905097515], [-48.570533340140514, -2.1629578613022287], [-48.578911106903796, -2.1660557340620423], [-48.57908418606018, -2.1660922993689673]]]}}, {"type": "Feature", "properties": {"id": 95, "Parcela": "E-161", "ANO": 1985, "Ha": 21.11, "PLANTAS": 3135, "VARIEDADE": "PB-121", "Rot_labels": -15}, "geometry": {"type": "Polygon", "coordinates": [[[-48.57991895237299, -2.1640349484744297], [-48.57914007425618, -2.166156491016056], [-48.587496245570144, -2.169276092970124], [-48.587601016742774, -2.1691710279164935], [-48.5876516764458, -2.169069504769846], [-48.58761010790868, -2.169005134939708], [-48.58761812512677, -2.1688793114387925], [-48.58763191218566, -2.1688124829852704], [-48.5875869911232, -2.1687927490041323], [-48.58751651894227, -2.168863418918176], [-48.58744412347476, -2.1689144238074793], [-48.587408968408035, -2.1688986378717208], [-48.58739143450532, -2.168863218274362], [-48.58737593607193, -2.168776680930231], [-48.58737816208496, -2.1686771633427004], [-48.58729902563401, -2.16853914473789], [-48.58719823542208, -2.1684083488703365], [-48.587039709524454, -2.1682919753234016], [-48.586868591016085, -2.168264657099084], [-48.586765861819075, -2.168110099731861], [-48.586643475437974, -2.1679502394608834], [-48.58649398628247, -2.167855088343043], [-48.58643161865426, -2.167744881585639], [-48.58644921279345, -2.1676233425332856], [-48.58639282895868, -2.1675560649960284], [-48.5863616576074, -2.1674930968797126], [-48.586299252592035, -2.1674064843789687], [-48.586182036003606, -2.16737483732972], [-48.58613129533035, -2.167327567365903], [-48.5861078981303, -2.1672921384032837], [-48.58611974317074, -2.1672174421421757], [-48.586127710481215, -2.167123077750891], [-48.58616688651798, -2.1670680872255175], [-48.586198319556466, -2.166965895692816], [-48.5862217728376, -2.1669659333000055], [-48.58622194728407, -2.1668558268748734], [-48.58615952980892, -2.16677707915034], [-48.58605008118578, -2.1667769036577695], [-48.58593287711905, -2.166737391906293], [-48.58575308116818, -2.1667292388291552], [-48.585674903605295, -2.166729113459802], [-48.58565934286638, -2.1666818999370676], [-48.58560471827457, -2.1666188942487867], [-48.58555004383869, -2.166587347526663], [-48.585440570353235, -2.166602901485437], [-48.58538584607596, -2.1666028137210773], [-48.58533892709107, -2.166610603232436], [-48.58512804718714, -2.1664844288733196], [-48.58513595218296, -2.166429388243263], [-48.585210381641275, -2.166365817138242], [-48.58513124540098, -2.1662277987720264], [-48.585097212386586, -2.1662091128832537], [-48.58509739931485, -2.166091141810574], [-48.585097474083305, -2.166043953381443], [-48.58500203616982, -2.165821174684012], [-48.580027174317586, -2.1640278648040736], [-48.57991895237299, -2.1640349484744297]]]}}, {"type": "Feature", "properties": {"id": 100, "Parcela": "E-172", "ANO": 1985, "Ha": 24.16, "PLANTAS": 3729, "VARIEDADE": "PB-121", "Rot_labels": -15}, "geometry": {"type": "Polygon", "coordinates": [[[-48.579924492696556, -2.1639019100653782], [-48.579965574447655, -2.1638023305153395], [-48.579939496312114, -2.1635390632930274], [-48.579891469822485, -2.1634491774154774], [-48.57981697205404, -2.1633438987385896], [-48.57970886334076, -2.1632460774860305], [-48.579600796336514, -2.1631219665375045], [-48.57948144032837, -2.1630541726997548], [-48.5793657877809, -2.1630051632132736], [-48.579306187225335, -2.162922442570809], [-48.57924659263012, -2.1628359662622225], [-48.5791495288044, -2.162835810465233], [-48.57909672565327, -2.1627429321752643], [-48.57916910370802, -2.162587105403119], [-48.57925593660585, -2.1624203242487225], [-48.57933560147758, -2.162224501909703], [-48.5794658219425, -2.161992473577429], [-48.57950560822331, -2.1619387741484775], [-48.57945881499672, -2.161861828870855], [-48.579442262955936, -2.1617603960571685], [-48.57953828420283, -2.161789382201816], [-48.57956568504496, -2.161721040998365], [-48.57954342261474, -2.161634624615829], [-48.57958816175895, -2.1616722531913526], [-48.579637917225284, -2.1616270095459766], [-48.57968887543641, -2.1617249942760917], [-48.57977080558221, -2.1616350874088117], [-48.579856762849246, -2.16165881945129], [-48.57987227361065, -2.1617374916086702], [-48.579972439700526, -2.1618268525029287], [-48.580020872171374, -2.161698406284251], [-48.58013816256258, -2.161682864920066], [-48.580239705412595, -2.1617380808648425], [-48.58025516634661, -2.161848211882996], [-48.580247149247974, -2.161974034711213], [-48.58036789368295, -2.1619964924618396], [-48.58040902462274, -2.1619552459009608], [-48.5804427413063, -2.1618799716046095], [-48.580544533407306, -2.161777893314727], [-48.58061478638501, -2.1616814108941234], [-48.57216710945648, -2.158544379283409], [-48.572109265278314, -2.1586277461687065], [-48.571344923754616, -2.160683982669225], [-48.57135925940079, -2.1607420647009214], [-48.579924492696556, -2.1639019100653782]]]}}, {"type": "Feature", "properties": {"id": 78, "Parcela": "COPAR2-AVM", "ANO": 1982, "Ha": 5.93, "PLANTAS": 985, "VARIEDADE": "AVM", "Rot_labels": -15}, "geometry": {"type": "Polygon", "coordinates": [[[-48.611140410223314, -2.1593349706649114], [-48.61174938680803, -2.157423559250228], [-48.61169910851347, -2.1572819568817936], [-48.610314793927664, -2.1567644815978433], [-48.610220742502776, -2.156893890325459], [-48.610204922608794, -2.1570118388889794], [-48.61015776990333, -2.1571690624512714], [-48.6101263634103, -2.1572555267559483], [-48.61011050662673, -2.157397069957943], [-48.61005560971373, -2.15750709183167], [-48.61003974061125, -2.1576564999058845], [-48.60982899444517, -2.158029924930653], [-48.609741396608804, -2.15846611308139], [-48.60963613986291, -2.1587475862873386], [-48.609806292528376, -2.158924668065074], [-48.610037676124755, -2.158977800350289], [-48.61012352504546, -2.1590723149855617], [-48.61106461038287, -2.1593675099248317], [-48.611140410223314, -2.1593349706649114]], [[-48.61182561124095, -2.1571188609546987], [-48.611912385066944, -2.1569883613995735], [-48.61218419550465, -2.156168682937127], [-48.61213944786794, -2.156014084231223], [-48.61159240676109, -2.1558795172597613], [-48.61142826872641, -2.1558556634235893], [-48.611326612159765, -2.1558712327662604], [-48.61120539257588, -2.155898568579284], [-48.611080282478696, -2.155914100871207], [-48.611013701943406, -2.1559965772902276], [-48.610966604661336, -2.156118409006577], [-48.610765588128345, -2.156823254445508], [-48.61110442142196, -2.15697257015317], [-48.611486596464694, -2.1570856663861098], [-48.61177506111848, -2.1571514402664826], [-48.61182561124095, -2.1571188609546987]]]}}, {"type": "Feature", "properties": {"id": 122, "Parcela": "F-171", "ANO": 1984, "Ha": 17.23, "PLANTAS": 2540, "VARIEDADE": "PB-121", "Rot_labels": -15}, "geometry": {"type": "Polygon", "coordinates": [[[-48.58043409535294, -2.156427585373939], [-48.58053576792743, -2.155999560161532], [-48.58052156927834, -2.155854389037221], [-48.580521706874116, -2.155767300206046], [-48.58052104756711, -2.1556217365429053], [-48.58053646735784, -2.1555568585980844], [-48.58039979132589, -2.155309887780879], [-48.58014035140811, -2.1551425523491905], [-48.57984196673939, -2.154952148698351], [-48.57985227346314, -2.154837280218704], [-48.57971544851454, -2.154684655714515], [-48.57953772404232, -2.154542696441485], [-48.57950667702972, -2.154401081725965], [-48.57943670321567, -2.1541571633474668], [-48.57944480656104, -2.1539762875956847], [-48.57951478668632, -2.1538424746847467], [-48.57945018177341, -2.1536391638005834], [-48.5746773150891, -2.1518752403572976], [-48.574612378129416, -2.1518823938484832], [-48.573837236933834, -2.153934993424473], [-48.57392368943851, -2.1540077057790246], [-48.58043409535294, -2.156427585373939]]]}}, {"type": "Feature", "properties": {"id": 98, "Parcela": "E-164", "ANO": 1984, "Ha": 19.9, "PLANTAS": 2949, "VARIEDADE": "PB-121", "Rot_labels": -15}, "geometry": {"type": "Polygon", "coordinates": [[[-48.59005606403557, -2.162627673568584], [-48.590867463662384, -2.1604589844445306], [-48.590845972519716, -2.1604279719472843], [-48.582907600177236, -2.157474971204675], [-48.58269305656835, -2.1576023469564802], [-48.58269870150928, -2.1578273453891508], [-48.58260180690482, -2.1580522605467687], [-48.58269039915499, -2.1581340571628007], [-48.582768339970706, -2.1582836119725237], [-48.582791544481154, -2.15844094399319], [-48.58286170488587, -2.158566892143581], [-48.582955467547656, -2.1585985011002378], [-48.58301022872675, -2.1585749944480885], [-48.58310411568685, -2.15852795612629], [-48.583143092329195, -2.158598801188938], [-48.583282442557305, -2.1587284385094807], [-48.58350074970153, -2.158760934770858], [-48.583744819256516, -2.158749193706721], [-48.58384635000574, -2.1588122740691063], [-48.583893107123124, -2.158906725856228], [-48.584018078586745, -2.1589777084626016], [-48.58415868548568, -2.159048716072868], [-48.58422888332442, -2.1591510701163514], [-48.58428338361668, -2.1592927228356826], [-48.58468939515199, -2.1596158270466113], [-48.584728260044116, -2.1597574548121954], [-48.584774955073286, -2.1598912303500577], [-48.58486073868369, -2.160025068408868], [-48.58489186041682, -2.160119495270221], [-48.58500892733956, -2.160245518622706], [-48.58511032155377, -2.1603951111977815], [-48.58513355099367, -2.160536714009566], [-48.5851177539646, -2.160638930606619], [-48.58574366560755, -2.160968345630446], [-48.59005606403557, -2.162627673568584]]]}}, {"type": "Feature", "properties": {"id": 96, "Parcela": "E-162", "ANO": 1985, "Ha": 12.04, "PLANTAS": 1740, "VARIEDADE": "PB-121", "Rot_labels": -15}, "geometry": {"type": "Polygon", "coordinates": [[[-48.58392586041606, -2.1654133028227434], [-48.58423010491528, -2.165423179994956], [-48.5843210321239, -2.1651441600058736], [-48.58440261956772, -2.1649277049300393], [-48.58446246449931, -2.1648564426673023], [-48.58443654000499, -2.164724951786267], [-48.58435324990846, -2.164546490363393], [-48.58438101723148, -2.1644244072013086], [-48.584366328123224, -2.164270400173597], [-48.5843254646794, -2.1641426410633064], [-48.584213628022596, -2.1640410580767444], [-48.58413172867217, -2.163894454748506], [-48.584109436278574, -2.1638268165299794], [-48.584041761131324, -2.1637752453178263], [-48.58391650306924, -2.1638851510978725], [-48.583788538255924, -2.1637248985194217], [-48.58369526081469, -2.1636909477840756], [-48.58363021616064, -2.1637018141100093], [-48.58333326706925, -2.1636226906506613], [-48.58318037141811, -2.163502337886944], [-48.5830984067699, -2.1633970471451205], [-48.583106230122546, -2.1631717182095564], [-48.58317005196473, -2.1629464790118402], [-48.58294877395758, -2.1628297238155385], [-48.58277675921279, -2.162845177624141], [-48.58265155115202, -2.162923624386513], [-48.58252629325712, -2.1630335300179055], [-48.582401060263756, -2.1631277061728], [-48.582150768691925, -2.163205952300443], [-48.5819785546109, -2.1633472414854267], [-48.58171267746883, -2.1633940035255135], [-48.58137387115453, -2.1633117010519722], [-48.580977787430534, -2.1634085541679], [-48.58067621551821, -2.1632945083173314], [-48.58041506193686, -2.1633132744855006], [-48.580196091303385, -2.163360111479075], [-48.58003663431734, -2.163598878916073], [-48.57996691442614, -2.1639041639044057], [-48.580136976825614, -2.1640082293021408], [-48.58392586041606, -2.1654133028227434]], [[-48.58857171436542, -2.166651698335713], [-48.589201634429806, -2.164925081429737], [-48.5891435090187, -2.1648540808356027], [-48.586680999990016, -2.16394125917176], [-48.586605871597456, -2.164234083566886], [-48.58647109434574, -2.1644742325894857], [-48.586448540333855, -2.1645718446822224], [-48.586440919306824, -2.1646694806886884], [-48.586507951362975, -2.1647747476667845], [-48.58662728457968, -2.1648575642167915], [-48.58674670102425, -2.1648878010869446], [-48.58688107425781, -2.1649030391001287], [-48.586978067455675, -2.1649482628572594], [-48.5870301427887, -2.1650685287212887], [-48.587059830498674, -2.1651812473320637], [-48.58708951820443, -2.165293965947048], [-48.587134269679034, -2.16532408324253], [-48.587201420670326, -2.1653542364149034], [-48.58729827126748, -2.1654895968331336], [-48.58733540170748, -2.1656173502025853], [-48.58736512507756, -2.1657075346833006], [-48.58738732249359, -2.165835264142296], [-48.58740214850832, -2.1659028905470636], [-48.587431871870585, -2.1659930750368908], [-48.58746166657007, -2.1660381912054434], [-48.58756612637195, -2.166083426986278], [-48.587633301188475, -2.1660985574096667], [-48.58769292627438, -2.166166255592042], [-48.587715230694315, -2.1662263825846413], [-48.58777496279065, -2.1662264782710965], [-48.58787200367529, -2.166241656535931], [-48.58788684158983, -2.1663017715745196], [-48.58790164383491, -2.166384420783735], [-48.5879837041529, -2.166429620693196], [-48.58809571376159, -2.1664222887093105], [-48.588244901410086, -2.166512664605806], [-48.58857171436542, -2.166651698335713]]]}}, {"type": "Feature", "properties": {"id": 364, "Parcela": "COPAR2-AVB", "ANO": 1984, "Ha": 1.34, "PLANTAS": null, "VARIEDADE": "", "Rot_labels": -15}, "geometry": {"type": "Polygon", "coordinates": [[[-48.60944610606751, -2.1563675709626033], [-48.60953319708897, -2.1560338601001043], [-48.60955861088914, -2.1559286654013934], [-48.609548144910775, -2.1558094373376444], [-48.60960319508936, -2.1556011044357306], [-48.6096502187241, -2.155526462154824], [-48.6096620620866, -2.155451764301296], [-48.60966222164758, -2.155349520838849], [-48.60959198386219, -2.155270760896498], [-48.609482589405516, -2.155235196065754], [-48.60888486893638, -2.1550140347805087], [-48.60876349615094, -2.1551396813823915], [-48.608606537894126, -2.155524813262431], [-48.60857115502551, -2.1556545281136037], [-48.60853186936466, -2.1557803043415307], [-48.608480844655844, -2.155913926900752], [-48.608440237033975, -2.1560430191993527], [-48.60944610606751, -2.1563675709626033]]]}}, {"type": "Feature", "properties": {"id": 79, "Parcela": "COPAR-3", "ANO": 1985, "Ha": 9.57, "PLANTAS": 1404, "VARIEDADE": "AVC", "Rot_labels": -15}, "geometry": {"type": "Polygon", "coordinates": [[[-48.60946033976118, -2.163411070154113], [-48.61034802449047, -2.1608904683097663], [-48.6102579664935, -2.160814121162635], [-48.60775605892916, -2.1599102203736176], [-48.60684674853357, -2.162419895922464], [-48.60681780086274, -2.162477910485854], [-48.60684298786589, -2.162517867030698], [-48.60702317135163, -2.1626270163136665], [-48.60742333582233, -2.1627691736116437], [-48.60818039242353, -2.1630456505923865], [-48.60938451774117, -2.1634576128286818], [-48.60946033976118, -2.163411070154113]]]}}, {"type": "Feature", "properties": {"id": 102, "Parcela": "E-174", "ANO": 1985, "Ha": 22.67, "PLANTAS": 3462, "VARIEDADE": "PB-121", "Rot_labels": -15}, "geometry": {"type": "Polygon", "coordinates": [[[-48.57303100320447, -2.156257877746713], [-48.58078511290568, -2.1591297222094443], [-48.580832222132265, -2.158991906620183], [-48.58085406508463, -2.1588649367009785], [-48.58093013936506, -2.1586582219459878], [-48.58099175114738, -2.158473256283662], [-48.58096626896589, -2.158339714247173], [-48.581037208845096, -2.1582392771381653], [-48.581059040226954, -2.1581195645886337], [-48.58104480730217, -2.1579961656099607], [-48.580985667563624, -2.1577583903561357], [-48.58080925149309, -2.1575512715165535], [-48.58075650976723, -2.157505716729328], [-48.58069406780223, -2.157442698947194], [-48.58061134835607, -2.1572461431412266], [-48.58053035661068, -2.157151441884845], [-48.58049147959183, -2.157017679234412], [-48.58044474759493, -2.15690749821928], [-48.58041368824293, -2.156773748088536], [-48.580405101727116, -2.156514628040457], [-48.5737919917918, -2.1540347099808392], [-48.57300586940368, -2.1561852636195913], [-48.57303100320447, -2.156257877746713]]]}}, {"type": "Feature", "properties": {"id": 107, "Parcela": "F-114", "ANO": 2010, "Ha": 8.06, "PLANTAS": 1257, "VARIEDADE": "PB-121", "Rot_labels": -15}, "geometry": {"type": "Polygon", "coordinates": [[[-48.628652062935025, -2.1643963763123386], [-48.62830041168456, -2.1654015689167427], [-48.62853844606376, -2.1655108691901286], [-48.628621433905074, -2.1655255232347086], [-48.62870077872013, -2.165561956657837], [-48.628812560715225, -2.16562748796257], [-48.628945986335054, -2.165700315044054], [-48.629057779658055, -2.165758584663991], [-48.62915872860159, -2.165827729777708], [-48.62932462535323, -2.1659078696821883], [-48.62941844072391, -2.165922540756894], [-48.62950498133409, -2.1659735089257315], [-48.6295986386249, -2.16608984368611], [-48.62980784531275, -2.1661700517609646], [-48.63000983374047, -2.166250248471364], [-48.630110844908955, -2.1662794542828996], [-48.630201006039705, -2.1663231664440454], [-48.630327371644476, -2.166294318439705], [-48.63043200329044, -2.1663162682223276], [-48.63054032313052, -2.166287391799867], [-48.63065581048726, -2.166291204361568], [-48.63076045909554, -2.1663022615789123], [-48.63091925071391, -2.166309773109411], [-48.63100580840791, -2.1663498487222097], [-48.63109596962491, -2.1663935608626455], [-48.63118608005891, -2.166469950655756], [-48.63126175951272, -2.166542686892543], [-48.6313627425926, -2.166590046921495], [-48.63149985678221, -2.1666120477662565], [-48.631586437109185, -2.166637599976113], [-48.63175599426939, -2.1666850678619576], [-48.63192557402974, -2.1667180123315166], [-48.63207710801107, -2.1667509284091784], [-48.632159977667484, -2.166841830279796], [-48.632264530517254, -2.1669146119487652], [-48.63252063436708, -2.1670094171332157], [-48.63274419939825, -2.167140479773234], [-48.63330692449362, -2.1673374312788014], [-48.63336459217748, -2.167388354057775], [-48.63350168409199, -2.167424878256413], [-48.63362439576169, -2.167425071186034], [-48.63377956738787, -2.167439838599187], [-48.634152839535695, -2.1664564604325762], [-48.6286662165293, -2.164398143277173], [-48.628652062935025, -2.1643963763123386]]]}}, {"type": "Feature", "properties": {"id": 81, "Parcela": "COPAR5-GOA", "ANO": 1983, "Ha": 9.83, "PLANTAS": 1574, "VARIEDADE": "GRL", "Rot_labels": -15}, "geometry": {"type": "Polygon", "coordinates": [[[-48.60213274447723, -2.1746345164385543], [-48.60239388396527, -2.1738216386278952], [-48.602770828969646, -2.1728092523059646], [-48.60275644413409, -2.1727765522870928], [-48.60268800303168, -2.1726929349907054], [-48.601025127169386, -2.172109354307963], [-48.600314671396646, -2.1740543155952676], [-48.60052028652276, -2.1741199984159674], [-48.601393183080454, -2.1744409027274303], [-48.601786425722345, -2.174535931720724], [-48.60213274447723, -2.1746345164385543]], [[-48.602944185970166, -2.1727332826468717], [-48.60301675167064, -2.172490135975895], [-48.603611299511115, -2.1708064004524816], [-48.60168509156928, -2.170138894589267], [-48.601036132093725, -2.171996817746632], [-48.60121637465896, -2.1721314444727513], [-48.60291176709311, -2.1726932922659747], [-48.602944185970166, -2.1727332826468717]]]}}, {"type": "Feature", "properties": {"id": 361, "Parcela": "COPAR5-GPF", "ANO": 1987, "Ha": 1.0, "PLANTAS": null, "VARIEDADE": "", "Rot_labels": -15}, "geometry": {"type": "Polygon", "coordinates": [[[-48.602962268692124, -2.1727097114225558], [-48.603312179454136, -2.172819193579893], [-48.60335010649763, -2.1727992848098174], [-48.60364553632632, -2.1719828296207178], [-48.60369993609971, -2.1718159002703024], [-48.60393194839618, -2.1711627288444793], [-48.6039718487037, -2.171035714945662], [-48.60391431482678, -2.1709012840989987], [-48.60361491003685, -2.170805498513909], [-48.602962268692124, -2.1727097114225558]]]}}, {"type": "Feature", "properties": {"id": 92, "Parcela": "E-152", "ANO": 1984, "Ha": 25.6, "PLANTAS": 2900, "VARIEDADE": "PB-121", "Rot_labels": -15}, "geometry": {"type": "Polygon", "coordinates": [[[-48.59223031484427, -2.170630269857533], [-48.592273623621956, -2.1706303392457458], [-48.59236786161642, -2.1703763373315517], [-48.59280994830144, -2.169251510822822], [-48.592875072228814, -2.1691499538733376], [-48.59294362719997, -2.169160955877346], [-48.59308434621899, -2.1691829656558146], [-48.59318924447105, -2.169034272473467], [-48.593366398591726, -2.168838495023333], [-48.5934062590164, -2.1687368975660815], [-48.59351131788244, -2.168486543301696], [-48.59392453523845, -2.167358037958534], [-48.594055103702544, -2.166951601533242], [-48.594048046123255, -2.1668499289653087], [-48.594012230719606, -2.1666755952354397], [-48.589340505695304, -2.1649159984587003], [-48.588695270299866, -2.1667012930441745], [-48.58882936600947, -2.1668343179625116], [-48.58904558707021, -2.1670379860848783], [-48.58923286684991, -2.1672851768546835], [-48.58944885817147, -2.16763407460071], [-48.58960712770125, -2.1679683569637183], [-48.58973686965812, -2.1680847487599983], [-48.589895277160934, -2.168331893456782], [-48.58999603178812, -2.168520853835473], [-48.59035645445418, -2.1688264142622256], [-48.59064490306197, -2.1690011524133204], [-48.5907745072593, -2.169204682120277], [-48.59073528892374, -2.1693841848166087], [-48.59126000370753, -2.169675904918902], [-48.59150142163011, -2.170002789093897], [-48.591760551576655, -2.1703237654072423], [-48.591896393354254, -2.1702468109197603], [-48.59238052641488, -2.170081369514658], [-48.59223065969938, -2.170412425093034], [-48.59223031484427, -2.170630269857533]], [[-48.597089514282814, -2.170316011859179], [-48.59717316505813, -2.170227931565816], [-48.59791542386259, -2.168212796256918], [-48.59786964503241, -2.1681161077519095], [-48.59615867775104, -2.1674706733541433], [-48.59610849146427, -2.1675210011698547], [-48.59548365947277, -2.169212870067855], [-48.59541677745034, -2.1692589704108283], [-48.59539996900076, -2.169326154132037], [-48.5953873029223, -2.1694143477877037], [-48.59536628570881, -2.1695025280858364], [-48.59533679122879, -2.1696705074050255], [-48.597089514282814, -2.170316011859179]]]}}, {"type": "Feature", "properties": {"id": 170, "Parcela": "H-142", "ANO": 1984, "Ha": 3.6, "PLANTAS": 508, "VARIEDADE": "PB-121", "Rot_labels": -15}, "geometry": {"type": "Polygon", "coordinates": [[[-48.60786345602382, -2.1413371783801383], [-48.607608557456906, -2.142005303336806], [-48.60781015306456, -2.142005620028171], [-48.60791463749963, -2.1420358302402156], [-48.60804152146426, -2.1420660756339056], [-48.60817581366512, -2.1421338902725418], [-48.608317572395954, -2.1422017166400535], [-48.60844443310254, -2.142246985036312], [-48.60849668701129, -2.14225457863086], [-48.60860126477233, -2.1422246967754446], [-48.60869832940496, -2.142224849212162], [-48.60879534742439, -2.1422550476742295], [-48.608892365453855, -2.142285246134391], [-48.609049034014234, -2.1423681189542187], [-48.60915353023928, -2.142390817626362], [-48.60921316911887, -2.1424510035012463], [-48.60928028617224, -2.142503689592872], [-48.60936984939409, -2.142526364815341], [-48.60948934860849, -2.1425040178599906], [-48.609571480288665, -2.142504146814237], [-48.60972076402076, -2.1425344273169875], [-48.60983268022681, -2.1425871837430237], [-48.60990727550345, -2.142632370045878], [-48.60998183583198, -2.142700090893122], [-48.61004895295083, -2.1427527769925723], [-48.61016837067797, -2.1427830106003762], [-48.61034756719912, -2.142783291906129], [-48.610429631957516, -2.142826612052651], [-48.61052662394622, -2.1428737113991594], [-48.61063105043346, -2.1429414791404575], [-48.61078029938685, -2.1429942941665523], [-48.61095943776948, -2.1430321330266504], [-48.61110871298407, -2.143068047121833], [-48.611168384054935, -2.143107576352905], [-48.61129522185953, -2.1431678677326467], [-48.61139967174036, -2.143220612437264], [-48.6114817802791, -2.143235764376762], [-48.61159369671407, -2.1432885207982153], [-48.611720581168754, -2.143318766082365], [-48.61185493217273, -2.1433490230778847], [-48.61196681371708, -2.143424314071172], [-48.612056249087864, -2.143529616022996], [-48.61219061179089, -2.1435523614904595], [-48.61233247598262, -2.143552584084107], [-48.61249677473424, -2.1435303072232093], [-48.612676029863295, -2.1434930307073587], [-48.61281789410001, -2.1434932532495883], [-48.612944918403436, -2.143433360110285], [-48.613034598366276, -2.1433809199273246], [-48.61307014009261, -2.1433321505993557], [-48.61304967112915, -2.143290804974317], [-48.61305716094851, -2.1432757936219753], [-48.60786345602382, -2.1413371783801383]]]}}, {"type": "Feature", "properties": {"id": 171, "Parcela": "H-143", "ANO": 1984, "Ha": 10.26, "PLANTAS": 1481, "VARIEDADE": "PB-121", "Rot_labels": -15}, "geometry": {"type": "Polygon", "coordinates": [[[-48.60999598928179, -2.139590338505309], [-48.60869754263902, -2.1391207099511154], [-48.60788779790786, -2.141288391716573], [-48.612536748281165, -2.143030852084866], [-48.612577785124, -2.1430496953178104], [-48.612682217682085, -2.143113707268658], [-48.61308517793121, -2.143264570237284], [-48.6131112817207, -2.143283390050383], [-48.613189674570684, -2.143287268767446], [-48.61324572599861, -2.1432535546920475], [-48.613279401081236, -2.143204782421086], [-48.61329811980421, -2.1431710097957684], [-48.61331689089586, -2.1431034352721716], [-48.61332445635455, -2.143039598951732], [-48.61329844565662, -2.1429606868831614], [-48.61317172978512, -2.1428215245161293], [-48.61310085586304, -2.142783855640315], [-48.61310467058966, -2.142731280772975], [-48.61309359878608, -2.142648636366138], [-48.613045188480726, -2.142569689195442], [-48.6129930158199, -2.142509515003109], [-48.61293703426032, -2.142498159909813], [-48.61290346394419, -2.142479328404509], [-48.61286247364038, -2.1424304390718483], [-48.61285133202007, -2.142392863861239], [-48.61282151824705, -2.1423590151508733], [-48.612791663748816, -2.14235145679594], [-48.61273193730045, -2.1423476073795986], [-48.61267229812914, -2.142287421492127], [-48.612605134248085, -2.142264781545305], [-48.61250808097197, -2.1422571178263206], [-48.61236642635372, -2.142121687887573], [-48.612291958884406, -2.141993874852862], [-48.612217421601, -2.141911130988836], [-48.612172668979284, -2.141881014641894], [-48.6121317194431, -2.1418058349912306], [-48.61207209777341, -2.141734381840916], [-48.612031078423676, -2.141704271351872], [-48.61196395532715, -2.141655341076997], [-48.61190435112505, -2.141572620647721], [-48.6118671464996, -2.1414899353417667], [-48.61176281297851, -2.14136207553935], [-48.61165845619958, -2.1412492387965805], [-48.61150927703873, -2.1411513548746703], [-48.61139730250617, -2.1411361562355786], [-48.61135264302295, -2.1410459477310537], [-48.61130050538607, -2.140963239046855], [-48.61120353955514, -2.140899238934714], [-48.61109903740153, -2.1408802962433944], [-48.61096469828505, -2.140842527919738], [-48.610897522915316, -2.1408273995160534], [-48.61083037082465, -2.1407972480724147], [-48.61071096477488, -2.1407595031562563], [-48.6106289145843, -2.140706793741444], [-48.61062904259715, -2.1406241670419393], [-48.6105731833966, -2.140533941020999], [-48.61048364925468, -2.14049248718616], [-48.61040156999592, -2.1404585565759984], [-48.61033441212854, -2.1404321608977015], [-48.61022256576552, -2.140334335568874], [-48.610133060756304, -2.140274102948439], [-48.61000611847272, -2.140281415422461], [-48.60993882678863, -2.1403414021582616], [-48.609789496633866, -2.140341167965245], [-48.60977846564728, -2.140232233454594], [-48.60999598928179, -2.139590338505309]]]}}, {"type": "Feature", "properties": {"id": 124, "Parcela": "F-173", "ANO": 1984, "Ha": 7.98, "PLANTAS": 1076, "VARIEDADE": "PB-121", "Rot_labels": -15}, "geometry": {"type": "Polygon", "coordinates": [[[-48.57704937725372, -2.1473313599034323], [-48.577129540014255, -2.147395334243304], [-48.577252581097454, -2.14749317805822], [-48.577315885372876, -2.1475946822748533], [-48.57745385921591, -2.1476925499244266], [-48.57756201497115, -2.147760324608991], [-48.57769988823784, -2.147922038616893], [-48.577759512636725, -2.1479897359053064], [-48.57779675569204, -2.1480461304661884], [-48.577889961001894, -2.1481251483569794], [-48.57796075537492, -2.1482116418610375], [-48.57802216647727, -2.1483300436643], [-48.578079879912224, -2.148425905509817], [-48.578154318694175, -2.1485687400175455], [-48.57817665861687, -2.1486063324359965], [-48.5782063820369, -2.1486965161290903], [-48.57822500653266, -2.148722835588234], [-48.57827725339221, -2.1487341859713145], [-48.578344350128106, -2.148798139543035], [-48.57840771368211, -2.148862087162673], [-48.57844866627288, -2.148933510391594], [-48.57847098844306, -2.148982369828333], [-48.578552958750585, -2.1490839039326715], [-48.57864993286376, -2.1491403938277633], [-48.5787134207604, -2.149125472391147], [-48.57879929595648, -2.149118098022468], [-48.57886276609946, -2.1491144435887133], [-48.578963479356396, -2.149167183763218], [-48.57904178164435, -2.1492273995519913], [-48.57911257612376, -2.1493138931329527], [-48.57913487464033, -2.149377775275456], [-48.57916837273014, -2.1494416752852605], [-48.579171987529016, -2.1495167946693274], [-48.57917189281205, -2.1495768854123924], [-48.57917921119533, -2.1496707891098983], [-48.57917909871092, -2.149742146867511], [-48.57919384202468, -2.1498623521790505], [-48.57928697053932, -2.149990193922391], [-48.579316770955614, -2.1500315539633696], [-48.579365243260696, -2.150069188115902], [-48.57940246862133, -2.1501368497767617], [-48.57940981066849, -2.150215730803345], [-48.579424666469805, -2.150264578367626], [-48.57944322585828, -2.1503322102505367], [-48.57949540768149, -2.150384873059393], [-48.579521439380535, -2.150448761188383], [-48.579543761570434, -2.15049762067243], [-48.579610805122435, -2.150595375388121], [-48.57963681905697, -2.1506705305425555], [-48.57966656026441, -2.1507494473297046], [-48.579737437692344, -2.1507833615785183], [-48.5798528647663, -2.1509750855933514], [-48.57997578785903, -2.151148043179702], [-48.58008385516614, -2.151272153194125], [-48.58016587893182, -2.1513398864019972], [-48.58018458045904, -2.151317382146683], [-48.58039763334747, -2.151152472040115], [-48.58049106989998, -2.151085018808653], [-48.58081536482213, -2.1502142171843905], [-48.5808005148774, -2.150161613907927], [-48.58075953846742, -2.150105213285093], [-48.5807185502245, -2.1500563240159702], [-48.580670213936195, -2.149932309330644], [-48.58064044895524, -2.1498684152237946], [-48.58067779275441, -2.149860963399443], [-48.58069653565674, -2.149812169378623], [-48.58071156902649, -2.1497483467010285], [-48.58069300954276, -2.1496807147776074], [-48.580655760412476, -2.1496280757982347], [-48.580640928206925, -2.1495642055059125], [-48.58064473831315, -2.149515387675664], [-48.58066720256316, -2.1494741109542446], [-48.58065980124711, -2.1494327866195078], [-48.580656133125586, -2.149391468236568], [-48.58065621594514, -2.149338888778311], [-48.580630148650634, -2.1492975346887393], [-48.58058159345311, -2.149312480024152], [-48.58053685427223, -2.149274851854772], [-48.5805070774505, -2.1492184691159943], [-48.5805446046037, -2.1490945913436508], [-48.58057831573853, -2.149023287068375], [-48.580656754222716, -2.148997122298645], [-48.58070159395781, -2.1489709039712572], [-48.580720319074075, -2.1489333769637735], [-48.580761431526795, -2.14890339700545], [-48.58082123360673, -2.1488584240876887], [-48.58090714439225, -2.148828515513168], [-48.580929496251876, -2.1488585966192417], [-48.58097058504941, -2.1488436393542547], [-48.5810079879587, -2.1487986307255205], [-48.58104910040799, -2.148768650748848], [-48.58110890248255, -2.1487236778041057], [-48.58114260175265, -2.1486598848308383], [-48.58115764095599, -2.1485923064369508], [-48.58107940941404, -2.1484870225776436], [-48.58048617462333, -2.1482682475966866], [-48.579814578724935, -2.1480268135933627], [-48.57894527821944, -2.147687416691803], [-48.577176767008694, -2.147038620405227], [-48.57704937725372, -2.1473313599034323]]]}}, {"type": "Feature", "properties": {"id": 123, "Parcela": "F-172", "ANO": 1984, "Ha": 10.67, "PLANTAS": 1584, "VARIEDADE": "PB-121", "Rot_labels": -15}, "geometry": {"type": "Polygon", "coordinates": [[[-48.57466430653762, -2.151783654249281], [-48.57949219886202, -2.1536016092953743], [-48.57955965741781, -2.1534364670976633], [-48.579657408411364, -2.1530009641684833], [-48.579627720642684, -2.152888246281226], [-48.57953087082665, -2.152752887022738], [-48.57946380363317, -2.1526701548929448], [-48.57938923447987, -2.1526099448730434], [-48.57929967325849, -2.1525872677188214], [-48.579217578443455, -2.1525646024897283], [-48.579195285952814, -2.152496964622881], [-48.57915068911323, -2.152369200237258], [-48.5790986140198, -2.152248935274594], [-48.57902415159547, -2.1521211231998096], [-48.57899440456087, -2.1520459620795083], [-48.57891988287169, -2.151955706726575], [-48.57884532562724, -2.151887985402344], [-48.578711096526625, -2.1517826119764356], [-48.578606626322276, -2.151744888317398], [-48.57845739335572, -2.151684559083209], [-48.5783081367041, -2.151639252523352], [-48.57821113293457, -2.1516015407858635], [-48.578121678553075, -2.151511261617073], [-48.57797249309533, -2.1514208870385105], [-48.577942722399364, -2.1513607486427064], [-48.57789058811612, -2.1512780404616243], [-48.57781599540697, -2.1512328531808422], [-48.57776381371035, -2.1511801903474397], [-48.57771160830625, -2.151142550185464], [-48.57760722121994, -2.1510522471967866], [-48.577391039988406, -2.1508340726484865], [-48.57692133397905, -2.1504051753649174], [-48.57684674136568, -2.1503599881167648], [-48.57663778960917, -2.1502920521925284], [-48.576510967986884, -2.1502242474680013], [-48.576391672037495, -2.1501188980370576], [-48.57621263329637, -2.150020964518325], [-48.576070973860645, -2.1498930453439185], [-48.57596663442688, -2.149772697147866], [-48.575765208546926, -2.149667216546653], [-48.57542928146096, -2.149629123124674], [-48.57466430653762, -2.151783654249281]]]}}, {"type": "Feature", "properties": {"id": 362, "Parcela": "COPAR5-GRL", "ANO": 1983, "Ha": 1.21, "PLANTAS": null, "VARIEDADE": "", "Rot_labels": -15}, "geometry": {"type": "Polygon", "coordinates": [[[-48.60294533934995, -2.1696778216096675], [-48.6027164062751, -2.170439872874025], [-48.6033581580567, -2.170680325241655], [-48.60377237060104, -2.170798352904332], [-48.604008693300294, -2.1700851374643904], [-48.60404620976518, -2.1699687690473026], [-48.60405378284861, -2.1699011776369863], [-48.60400530305171, -2.169867298631102], [-48.603538692657466, -2.1698327531544854], [-48.60325883063184, -2.169745924833751], [-48.60294533934995, -2.1696778216096675]]]}}, {"type": "Feature", "properties": {"id": 363, "Parcela": "COPAR5-GPY", "ANO": 1983, "Ha": 1.8, "PLANTAS": null, "VARIEDADE": "", "Rot_labels": -15}, "geometry": {"type": "Polygon", "coordinates": [[[-48.602708009292705, -2.170437981607643], [-48.602941614918585, -2.1696721820527807], [-48.602949430594684, -2.169450605506035], [-48.60293668643439, -2.169245897039765], [-48.60294425656428, -2.169180183553695], [-48.6029797466242, -2.1691652171400553], [-48.60298539981801, -2.169131424436892], [-48.60293139702678, -2.1690487119505777], [-48.60252097315342, -2.168895950058207], [-48.60235490920132, -2.1688524942737044], [-48.60222419924134, -2.1688804539775304], [-48.6020336114911, -2.1690003339100925], [-48.60195503462543, -2.1691128809154088], [-48.60193245727917, -2.169225517206668], [-48.60186502702346, -2.169371883648177], [-48.60180881440802, -2.1695070007357757], [-48.60171877117361, -2.1697885378029595], [-48.60167375840525, -2.169923672720816], [-48.60165493203054, -2.1700250477278193], [-48.601647388451894, -2.170073860341975], [-48.602708009292705, -2.170437981607643]]]}}, {"type": "Feature", "properties": {"id": 108, "Parcela": "F-124", "ANO": 2010, "Ha": 9.81, "PLANTAS": 1567, "VARIEDADE": "PB-121", "Rot_labels": -15}, "geometry": {"type": "Polygon", "coordinates": [[[-48.62827214165065, -2.165384818449521], [-48.62862867376847, -2.1643882369232674], [-48.625656502042524, -2.1632315557695208], [-48.62560425263661, -2.163220206074755], [-48.62558922573216, -2.1632802753452762], [-48.625566644461884, -2.1633966698408917], [-48.62554784328531, -2.1634830238203957], [-48.62550296123, -2.1635355344511003], [-48.6254356615193, -2.1635992771938377], [-48.625394395907236, -2.163726909662466], [-48.62536430110968, -2.163873338756272], [-48.625445996449464, -2.1641551530259124], [-48.62559142774145, -2.164264300562429], [-48.62575554337752, -2.1643622101156654], [-48.625833867852236, -2.1644111590131963], [-48.62596805822578, -2.164546579526509], [-48.62615469099993, -2.1645694083746854], [-48.62624420974089, -2.1646221307200646], [-48.6263187132223, -2.1647274107577834], [-48.62638577337586, -2.164817655836863], [-48.626520092452196, -2.164870448761801], [-48.62670469207427, -2.1650003150110573], [-48.626876461705976, -2.164978050691484], [-48.62703512075777, -2.1649839342898507], [-48.627258407168846, -2.165063209163396], [-48.62783901137373, -2.1652403624845618], [-48.62827214165065, -2.165384818449521]], [[-48.620070358952724, -2.1611630394085743], [-48.61966847562209, -2.162158756837884], [-48.61971699139634, -2.162170100759028], [-48.61976173285469, -2.1622077292711164], [-48.619784050890146, -2.1622603455760596], [-48.6197989315321, -2.1622941711857093], [-48.619899760838315, -2.1622755513023786], [-48.6199706532155, -2.162301953695962], [-48.620063957318294, -2.162320879859462], [-48.62013111051822, -2.162351032145332], [-48.62025802051243, -2.1623662555245327], [-48.62039232694628, -2.1624265600918684], [-48.620526668523915, -2.162464329947843], [-48.62067596688323, -2.162487100211597], [-48.62084755993236, -2.1625775099444966], [-48.62093707810234, -2.162630232273035], [-48.62111616129629, -2.162705630640339], [-48.62123555791652, -2.1627508885014666], [-48.62139976633673, -2.16278870543867], [-48.621541574740895, -2.1628264870427136], [-48.6216610182324, -2.162841698588356], [-48.62172064635203, -2.162909396973722], [-48.6217355211964, -2.1629469784072417], [-48.62181767811408, -2.1629320847699383], [-48.62191472158879, -2.16294726098516], [-48.621993086659, -2.162969919341451], [-48.62204157914619, -2.1629962863928216], [-48.622101242406536, -2.163041450051605], [-48.62218710928652, -2.1630415854412575], [-48.622269266232934, -2.163026691780088], [-48.622433568434204, -2.16300441601977], [-48.62252309262179, -2.163053382551925], [-48.62263134789214, -2.1630610648123914], [-48.62269480889128, -2.163064920653203], [-48.62279926648391, -2.1631139107234842], [-48.62287012398512, -2.1631628478289495], [-48.622948454033036, -2.163208040914307], [-48.62301934079647, -2.16323819906296], [-48.62312760781944, -2.163238369720511], [-48.62322466896363, -2.163242278509771], [-48.62335155594339, -2.1632725249165063], [-48.623429903581794, -2.1633064506195465], [-48.62350262196266, -2.163359146462948], [-48.6235884538563, -2.163381816553918], [-48.62365565411066, -2.1633819224618867], [-48.62370031391706, -2.163472132117696], [-48.623715165426965, -2.1635247367672155], [-48.62380491784236, -2.1634272273317583], [-48.62390963872409, -2.1633072066433328], [-48.624006811029936, -2.1632397552902565], [-48.62411892841753, -2.163164815859293], [-48.62420114393371, -2.1631123641269463], [-48.62436553988312, -2.1630299954039462], [-48.6245523593035, -2.1629326387403416], [-48.62462017614774, -2.1628885336460897], [-48.620070358952724, -2.1611630394085743]]]}}, {"type": "Feature", "properties": {"id": 109, "Parcela": "F-134", "ANO": 2010, "Ha": 7.12, "PLANTAS": 1068, "VARIEDADE": "PB-121", "Rot_labels": -15}, "geometry": {"type": "Polygon", "coordinates": [[[-48.62005686213047, -2.161160107489462], [-48.61496478386471, -2.159244134066247], [-48.614635009856336, -2.1600398384276573], [-48.61466846900951, -2.160130029960731], [-48.61475049643368, -2.1601977635438487], [-48.6148475567783, -2.160201672633524], [-48.614944599546256, -2.1602168490274303], [-48.61504531116591, -2.160273344786437], [-48.615168399255104, -2.1603448990077316], [-48.61523186564541, -2.160344999245372], [-48.615287859543145, -2.1603488434590394], [-48.615373702401605, -2.160364002152101], [-48.61548191587184, -2.1603979750739373], [-48.6155639961264, -2.1604319067238875], [-48.615619949019184, -2.160462041332459], [-48.61565359576814, -2.1604320482173116], [-48.61573575221816, -2.1604171548264013], [-48.61581035999623, -2.1604548304521263], [-48.615869993484786, -2.160518772905533], [-48.61586991144508, -2.1605713537205866], [-48.61589224104133, -2.160616458362916], [-48.61592202555707, -2.1606690863425086], [-48.61597422171439, -2.160714238151046], [-48.61601885747021, -2.1608194705367563], [-48.61604864198932, -2.160872098523003], [-48.61613811276158, -2.1609548670273897], [-48.61622023410839, -2.1609625082769552], [-48.61629112033534, -2.160992666478851], [-48.61632472609057, -2.160988963763363], [-48.61645533961894, -2.161022972060324], [-48.61647765751412, -2.1610755882687256], [-48.616544851458315, -2.16107945015454], [-48.61662325123397, -2.161079573947768], [-48.61666058446207, -2.1610796328954875], [-48.61673899010365, -2.1610760009078507], [-48.61682858400108, -2.161079898148827], [-48.61689942340225, -2.1611401025439467], [-48.616906825599465, -2.161181427861077], [-48.61703930001125, -2.1612191948630763], [-48.61709156655154, -2.1612192773805563], [-48.617188586119916, -2.1612494768312507], [-48.617322892081845, -2.161309781428432], [-48.61740499008949, -2.161332445748043], [-48.617554217672776, -2.161400285471317], [-48.61762513915418, -2.161407908998648], [-48.61771092950942, -2.161456869648352], [-48.61781910812039, -2.1615133772132085], [-48.61788990660828, -2.1615998720734058], [-48.61795329702577, -2.1616487973711065], [-48.617994381205165, -2.1616375948595845], [-48.61805421402962, -2.1615738409119394], [-48.61814374947181, -2.161615295898017], [-48.61825937136634, -2.1616868383628858], [-48.61838624597881, -2.161724596493689], [-48.61851683051067, -2.161777383631611], [-48.61862128175145, -2.1618301295250397], [-48.61884519958526, -2.1618830639523905], [-48.61896087428382, -2.1619208043941445], [-48.61905787062699, -2.161966026939881], [-48.619192194445425, -2.1620150641778206], [-48.61928175928396, -2.1620377402503412], [-48.61933402008237, -2.1620415785033464], [-48.61941610655701, -2.1620717543546535], [-48.61946268831504, -2.162126286829811], [-48.61958022097666, -2.1621696638807415], [-48.61962127008011, -2.1621809960235865], [-48.6196511484597, -2.16217353158093], [-48.61965849073846, -2.1621688019577956], [-48.62005686213047, -2.161160107489462]]]}}, {"type": "Feature", "properties": {"id": 215, "Parcela": "J-114", "ANO": 1982, "Ha": 18.26, "PLANTAS": 2671, "VARIEDADE": "PB-121", "Rot_labels": -15}, "geometry": {"type": "Polygon", "coordinates": [[[-48.64173963781407, -2.129080301810584], [-48.64096729425653, -2.131234971797049], [-48.64359741007348, -2.1322017614112587], [-48.644567521033366, -2.1325675737753356], [-48.64601645306962, -2.1331042018817468], [-48.646489008918465, -2.1332469068283255], [-48.646586649789434, -2.1332379871910567], [-48.6466614421621, -2.133155473215097], [-48.646732444087334, -2.133110512066457], [-48.64677368209344, -2.1329978995002783], [-48.64681863058457, -2.132900316104836], [-48.64683371237276, -2.1328026867531023], [-48.64687870651279, -2.1326750564741386], [-48.64693120155667, -2.1325249025166078], [-48.6470061308368, -2.1323522478425887], [-48.647043692485276, -2.1322020708882983], [-48.64709619886573, -2.1320444051695095], [-48.64719348241824, -2.1319018317594653], [-48.64723476021331, -2.1317629280867116], [-48.64726853708901, -2.131646548085502], [-48.64700740907139, -2.131510935369461], [-48.64696271176169, -2.131443261027593], [-48.64690310394177, -2.131360540294418], [-48.6469705207217, -2.131217920955682], [-48.64700055851676, -2.1311052910891277], [-48.64701566296864, -2.130992638263895], [-48.64181804882751, -2.129072910783644], [-48.64173963781407, -2.129080301810584]], [[-48.64795971176367, -2.131313338018601], [-48.64790183650455, -2.1313188828889613], [-48.647901665422204, -2.131431558740228], [-48.647953738227606, -2.131559338364307], [-48.64800589087752, -2.1316345359283337], [-48.64811027603212, -2.1317323489962567], [-48.64822937782468, -2.131972907799708], [-48.64843805695013, -2.1322286278040337], [-48.64854260756747, -2.1322175208782332], [-48.64865835821086, -2.132206431156255], [-48.64880771462727, -2.1321916371942935], [-48.64888247837725, -2.1321279022416997], [-48.64896843644143, -2.132067940352372], [-48.64905445151766, -2.131970419802709], [-48.64911245227578, -2.131882245882093], [-48.64914055779751, -2.131812805395296], [-48.64901000491635, -2.131737487360019], [-48.64874694417676, -2.131645064322306], [-48.64854544367702, -2.131579026964621], [-48.648344031601084, -2.1314547737245113], [-48.648172420694216, -2.1313737588031456], [-48.64813885202683, -2.131353049931412], [-48.648011989871854, -2.131305906609523], [-48.64795971176367, -2.131313338018601]], [[-48.64939972570062, -2.1344686067527667], [-48.64942956965065, -2.13448367614983], [-48.64975577443429, -2.1335602324669987], [-48.6496438139846, -2.133533769243406], [-48.649580347107694, -2.133533671684027], [-48.649531807910954, -2.1335373529440425], [-48.64949073540645, -2.1335410456804893], [-48.64941604568106, -2.133555954359434], [-48.64937127121155, -2.1335389840917514], [-48.649292776830805, -2.133600835341184], [-48.64918441283341, -2.1336645185909644], [-48.64913578234956, -2.1337282936717874], [-48.649124473897594, -2.133799637883535], [-48.64915044753527, -2.1339048422873623], [-48.64913539431466, -2.133983692487105], [-48.64909795813561, -2.13405124064182], [-48.649011714492, -2.1342989956487397], [-48.64930646621738, -2.1344196369546844], [-48.649353127348476, -2.134423464593423], [-48.64939972570062, -2.1344686067527667]]]}}, {"type": "Feature", "properties": {"id": 214, "Parcela": "J-113", "ANO": 1982, "Ha": 20.13, "PLANTAS": 2939, "VARIEDADE": "PB-121", "Rot_labels": -15}, "geometry": {"type": "Polygon", "coordinates": [[[-48.64914305232392, -2.1350860531940854], [-48.64921960880164, -2.1350711474859674], [-48.64942302487776, -2.1344911778330573], [-48.64935497404615, -2.1344366129935812], [-48.64932697679627, -2.134434691996798], [-48.64918331714106, -2.1343856446812475], [-48.64900982498741, -2.1343140162358694], [-48.64898743347378, -2.134308347984821], [-48.648946321004786, -2.134338331733105], [-48.64891638003063, -2.1343871120282536], [-48.64887519334685, -2.1344659220052637], [-48.64885641814993, -2.134537254708419], [-48.64885631538816, -2.1346048602629177], [-48.6488412564003, -2.134687466298885], [-48.64881878780862, -2.134732502204483], [-48.64878139724805, -2.1347700034038093], [-48.64874768293277, -2.1348450689828633], [-48.64871776476988, -2.134878825800926], [-48.648755035424514, -2.134920197748693], [-48.64914305232392, -2.1350860531940854]], [[-48.649150334878804, -2.1352071913255646], [-48.64914297096009, -2.135139574268786], [-48.647516300880554, -2.1344985013928133], [-48.647307216063865, -2.1344456687689948], [-48.647150415721704, -2.134445427392561], [-48.64705336027816, -2.134437766242503], [-48.64694884958738, -2.1344225818740123], [-48.64681439219384, -2.134459933537759], [-48.64673959968128, -2.1345424474586743], [-48.646672239553936, -2.1346475080140768], [-48.64661992707111, -2.134677474392313], [-48.64653766785456, -2.1347599767810275], [-48.64641058568306, -2.1348574335846155], [-48.646276105414714, -2.1349098085725937], [-48.64615655850761, -2.134962206542897], [-48.646036977298444, -2.135037139633592], [-48.645924851328, -2.135119595918343], [-48.64583512538691, -2.1352020866966024], [-48.645842454831275, -2.135292238744012], [-48.64583488522153, -2.135359832644918], [-48.64578254984006, -2.135404822372323], [-48.64571524678273, -2.1354723242141853], [-48.645730042883635, -2.1355624877629853], [-48.64586430587833, -2.1356528354346067], [-48.646064878597, -2.135715116312235], [-48.64613296918909, -2.13574339023393], [-48.646312123853505, -2.1357737132358556], [-48.64858069926949, -2.1366307292372464], [-48.6486403485794, -2.136686220216041], [-48.649150334878804, -2.1352071913255646]], [[-48.64379728429767, -2.1348308711373996], [-48.644025212161004, -2.134703523330526], [-48.64413731514211, -2.1346360906696464], [-48.64417109819685, -2.1345159552195385], [-48.64432803548173, -2.1344260564647426], [-48.64459702424725, -2.13430252759974], [-48.64472027574034, -2.1342689147705722], [-48.644839696699044, -2.134299145678604], [-48.644888264357945, -2.134276685339932], [-48.644955521561435, -2.134239230344412], [-48.645067515894254, -2.134243158755748], [-48.645213224593576, -2.134172021837338], [-48.64524687034555, -2.1341420267631666], [-48.64528056754391, -2.1340782289965854], [-48.64534782474299, -2.1340407739634606], [-48.64546732006082, -2.1340221787018248], [-48.64553454868299, -2.134003502928481], [-48.64559061730579, -2.1339585189137567], [-48.64562058686517, -2.133890959514262], [-48.64569528215737, -2.1338722952242506], [-48.64578864984677, -2.1338499038177328], [-48.645829767974355, -2.133816164352118], [-48.6458783184882, -2.133804971517164], [-48.64595293378987, -2.133838889194669], [-48.64604998911659, -2.133846550366741], [-48.64607625960297, -2.133756450045425], [-48.64610626341758, -2.1336663554678696], [-48.6461474386683, -2.1335950574120277], [-48.64620356439652, -2.1335125147682], [-48.646274652022775, -2.133411215816228], [-48.646285954848544, -2.1333436276258557], [-48.64624130332365, -2.133245906383575], [-48.645771160148385, -2.1330761687723863], [-48.644196579896246, -2.132491585762786], [-48.64106981034826, -2.1313337209029792], [-48.64094294619718, -2.1312884551581606], [-48.6401257403633, -2.1334806114770246], [-48.64088691414206, -2.13375971904309], [-48.64379728429767, -2.1348308711373996]]]}}, {"type": "Feature", "properties": {"id": 101, "Parcela": "E-173", "ANO": 1985, "Ha": 25.8, "PLANTAS": 3941, "VARIEDADE": "PB-121", "Rot_labels": -15}, "geometry": {"type": "Polygon", "coordinates": [[[-48.580683886749554, -2.1616589875737313], [-48.581246332291514, -2.16010503512066], [-48.58107682134433, -2.15988317814275], [-48.58106241145828, -2.159552654718674], [-48.580950830812824, -2.159289578045685], [-48.580883739812435, -2.1592218682761923], [-48.57992855894082, -2.1588898383700514], [-48.578548054487975, -2.1583918769985773], [-48.57742130317453, -2.1579619242302512], [-48.57612289736308, -2.157486628083063], [-48.57572742785616, -2.1573282558444906], [-48.575152860174256, -2.1571095056970293], [-48.57422755098086, -2.1567775229685133], [-48.57324258311216, -2.156400376448281], [-48.57295903322334, -2.1562910072944037], [-48.572164099303755, -2.1584943047419536], [-48.580683886749554, -2.1616589875737313]]]}}, {"type": "Feature", "properties": {"id": 97, "Parcela": "E-163", "ANO": 1984, "Ha": 13.43, "PLANTAS": 1928, "VARIEDADE": "PB-121", "Rot_labels": -15}, "geometry": {"type": "Polygon", "coordinates": [[[-48.5900264916783, -2.162696691938247], [-48.59002852527274, -2.162639157963195], [-48.58591693224418, -2.161085234970235], [-48.58575231361944, -2.1613103136009015], [-48.58570743165082, -2.161362821586004], [-48.585736965113, -2.161573187953891], [-48.58572183029739, -2.161700857492846], [-48.585706731092934, -2.1618059928943496], [-48.585646702363746, -2.16199368176478], [-48.585616646414955, -2.1621138160141085], [-48.58560149965678, -2.1622489969110683], [-48.58557891015915, -2.162369143099701], [-48.58558605589848, -2.162571962238286], [-48.58562321010991, -2.162684692657498], [-48.5856901946118, -2.1628200050240083], [-48.58575726228258, -2.162902737752957], [-48.58583183208722, -2.162962948303464], [-48.58592122794356, -2.163090785173633], [-48.58601070697733, -2.163166042397745], [-48.58603294010252, -2.1632712375717076], [-48.586122407268334, -2.1633540061874297], [-48.58613717390173, -2.163459189417813], [-48.58629762026803, -2.163512026077876], [-48.586353416962105, -2.1636398092098994], [-48.586409302772836, -2.163711256986681], [-48.58653241078982, -2.163767789583671], [-48.58656599218761, -2.163779110446875], [-48.58659584925095, -2.1637847917962505], [-48.58662381889901, -2.1638036150773035], [-48.58662376840203, -2.1638355384549897], [-48.5866778113735, -2.163891960489072], [-48.58922404684101, -2.1648394598802883], [-48.5900264916783, -2.162696691938247]], [[-48.58125192023849, -2.1601125554434812], [-48.58068667328218, -2.161667442331626], [-48.580833095298466, -2.1617352794050992], [-48.58089837915982, -2.1617654295481885], [-48.581000971494525, -2.161810662244106], [-48.58131068359661, -2.161903173040173], [-48.58141143018524, -2.161935257870341], [-48.58146742860641, -2.161935347632674], [-48.58154583234807, -2.161931717619006], [-48.58164287249744, -2.1619468959077217], [-48.58168765339875, -2.1619582347447914], [-48.581732514595934, -2.1619188719287203], [-48.58184495748787, -2.1616373755544367], [-48.58180230484336, -2.1614607898824785], [-48.581601537039326, -2.160938427652147], [-48.581633364582785, -2.1608783876463913], [-48.58166703792815, -2.160831495499785], [-48.581678350554796, -2.160760155561757], [-48.58168030930713, -2.1607019455447163], [-48.58169721581977, -2.1606343702525006], [-48.581721565003015, -2.160581829629727], [-48.581725387386754, -2.160525500439174], [-48.58170502404262, -2.1604184307295196], [-48.58125192023849, -2.1601125554434812]]]}}, {"type": "Feature", "properties": {"id": 212, "Parcela": "J-111", "ANO": 1982, "Ha": 16.38, "PLANTAS": 2127, "VARIEDADE": "PB-121", "Rot_labels": -15}, "geometry": {"type": "Polygon", "coordinates": [[[-48.64774469591442, -2.1389054985928606], [-48.64500223329513, -2.1378853057762415], [-48.64497978741404, -2.1379153180332064], [-48.644949826159944, -2.1379772435185456], [-48.644983340341156, -2.1380336331794063], [-48.64500187532363, -2.138120046621189], [-48.64500552847709, -2.1381726343328835], [-48.644926899109834, -2.13832274744997], [-48.64489316151762, -2.1384128360584183], [-48.64489302402092, -2.13850297653527], [-48.644896682886205, -2.138551808390633], [-48.644937646556244, -2.1386194771517424], [-48.64497865606299, -2.138657099088283], [-48.64499350923394, -2.138709704092287], [-48.64497103467507, -2.1387584956023074], [-48.64494482103775, -2.138811037199316], [-48.644967146624914, -2.138859897879517], [-48.64504912553392, -2.1389614327429434], [-48.645105005403295, -2.1390403921388303], [-48.645000408661225, -2.1390815451139735], [-48.64495916419689, -2.1391979131523273], [-48.64500386693553, -2.139261831845397], [-48.64497023242577, -2.1392843150760634], [-48.64488800135971, -2.1393480377339684], [-48.644902608042045, -2.1395621444289863], [-48.64497713742959, -2.139652400238556], [-48.64509276231694, -2.1397239402182087], [-48.64518240280491, -2.139697787633907], [-48.64519364297202, -2.1396715139547937], [-48.64522347537219, -2.139694095207549], [-48.64523836291492, -2.139724165104448], [-48.6452457837598, -2.139754223469486], [-48.64524941393763, -2.139821834609527], [-48.64530540844401, -2.1398256769583344], [-48.64530544856562, -2.1397993859785673], [-48.64533534974887, -2.1397768969816595], [-48.64538012701501, -2.1397919895913136], [-48.64540620314703, -2.139829588498178], [-48.64543601262954, -2.1398671931720226], [-48.64546958412048, -2.1398860243394595], [-48.64551065096974, -2.13988608776499], [-48.64554426831382, -2.139874872093068], [-48.64558165912589, -2.139837371200537], [-48.64562271451526, -2.139844946331813], [-48.645652518276584, -2.139886306862813], [-48.645667365712384, -2.139942667753457], [-48.645704647638624, -2.139976528107696], [-48.64593226170768, -2.1400557527717354], [-48.646185980647644, -2.140153797065468], [-48.64645465026314, -2.1402405968390554], [-48.64685016806815, -2.140383930450034], [-48.64719344197471, -2.140512159914104], [-48.647744489869275, -2.139040709585652], [-48.64774469591442, -2.1389054985928606]], [[-48.63887707266891, -2.1370626997673026], [-48.63872716558969, -2.1374380524297365], [-48.63880911503888, -2.1375583662721342], [-48.63960769122405, -2.1377924641426973], [-48.63972719219543, -2.137770113893299], [-48.63976468619476, -2.137665008135852], [-48.639794656133596, -2.1375974492183545], [-48.639824671977735, -2.1374998435814767], [-48.63986208560754, -2.1374473195607093], [-48.63994423032116, -2.137439934888127], [-48.640026237321344, -2.1375226903709152], [-48.64008582139735, -2.137620434581706], [-48.64010062846895, -2.1377030861587447], [-48.64005562190643, -2.1378382271223373], [-48.640048109332355, -2.1378682622954064], [-48.64019727038443, -2.137981168455381], [-48.64020851629037, -2.1379511390526584], [-48.64026819506744, -2.1379869119163364], [-48.64057789518165, -2.1380963104981725], [-48.64068236823856, -2.1381359084814497], [-48.640732773969496, -2.1381322305742354], [-48.64088017750728, -2.1381737728608705], [-48.64109657889332, -2.138260492044184], [-48.641421229837995, -2.1383586461401043], [-48.641734612043045, -2.138501853034435], [-48.641917425074915, -2.138581008570214], [-48.642081617347195, -2.138630088485565], [-48.642467802768664, -2.1387715299737255], [-48.642829713038715, -2.138918567710219], [-48.64320654535448, -2.1390731402119245], [-48.643262591359544, -2.139043179961262], [-48.64350509804808, -2.139148718719084], [-48.643781210631936, -2.1392505535412942], [-48.6447028481656, -2.1395787372438906], [-48.64481148780876, -2.139334774044175], [-48.64481167694539, -2.139210830897164], [-48.64475203510413, -2.1391506449986917], [-48.64472223711005, -2.1391055286397043], [-48.64467754012068, -2.1390378541037225], [-48.644744820576996, -2.13898537594532], [-48.64478973533856, -2.138910328070962], [-48.64482722924326, -2.138805221836865], [-48.6447451185652, -2.138790071600859], [-48.64470784241617, -2.1387524554253052], [-48.64471534348769, -2.138729931838695], [-48.6447752489066, -2.1386173484871995], [-48.64476794264612, -2.138512173078635], [-48.644708232051215, -2.138497057442342], [-48.64469342472263, -2.1384144056272514], [-48.64472150501425, -2.138361866918174], [-48.64480176905184, -2.138363868762779], [-48.644827959751716, -2.138326350577031], [-48.64483736185772, -2.138281294748746], [-48.6448113172424, -2.138223038684568], [-48.644759150677395, -2.1381572305748797], [-48.644710654445205, -2.138132742611277], [-48.64467145433805, -2.1381326820978006], [-48.64466029154413, -2.138108251766249], [-48.64466597175925, -2.13805567847459], [-48.64469031009559, -2.1380087677757778], [-48.64470532652764, -2.137954330962757], [-48.64471474294212, -2.1378998855046505], [-48.6446607526684, -2.1378059056323933], [-48.644638409891066, -2.1377683125325047], [-48.644211179977084, -2.1376117848528833], [-48.643673888370074, -2.137408138995849], [-48.64321121798943, -2.1372346551844825], [-48.642793273379276, -2.137110066546534], [-48.64258799722717, -2.1370721909837083], [-48.64260482875577, -2.137051559769352], [-48.64268924997538, -2.1367756347120777], [-48.642723039067114, -2.136651743627529], [-48.6426820984344, -2.1365690515825375], [-48.64261863175209, -2.136568953595186], [-48.64250295569495, -2.13653121643755], [-48.64239831921327, -2.1365986602731657], [-48.642196495710394, -2.1367448269609977], [-48.64198371291448, -2.13673323077396], [-48.64181568428697, -2.1367517505178184], [-48.641741029104374, -2.136744123496665], [-48.64173737028862, -2.1366952917486906], [-48.641673960965235, -2.136657635270854], [-48.641590024055496, -2.1366161912328367], [-48.64122594401898, -2.1366682107447135], [-48.64100926177986, -2.1367655281133033], [-48.64094200449478, -2.136802982704284], [-48.640852312820996, -2.136862937728059], [-48.640792533662555, -2.1368928921576344], [-48.64068798895593, -2.1369002422952277], [-48.64057603495033, -2.1368700224691537], [-48.640516232856015, -2.136915000247142], [-48.64044897557243, -2.1369524547956757], [-48.640292175753615, -2.136952212431802], [-48.64013541037174, -2.136929435009761], [-48.639694751470586, -2.137011382420021], [-48.63945584149519, -2.136995989615063], [-48.63887707266891, -2.1370626997673026]]]}}, {"type": "Feature", "properties": {"id": 213, "Parcela": "J-112", "ANO": 1982, "Ha": 17.33, "PLANTAS": 2440, "VARIEDADE": "PB-121", "Rot_labels": -15}, "geometry": {"type": "Polygon", "coordinates": [[[-48.639207223356635, -2.1360040616179834], [-48.6393115384455, -2.13614694504799], [-48.639415991220496, -2.136199688369955], [-48.639542821014395, -2.1362674896721363], [-48.63966969671564, -2.1363052442632706], [-48.639774275720555, -2.1362753591194865], [-48.6399609993729, -2.136238089218926], [-48.640103049280945, -2.1361181215691682], [-48.64018532007925, -2.1360281083116406], [-48.64026007834598, -2.135968130228605], [-48.64031986890287, -2.1359306641093547], [-48.640394718889716, -2.135810592550792], [-48.64046207927666, -2.1357055328067425], [-48.64053679166131, -2.135675601412503], [-48.64068618204219, -2.135638273654785], [-48.6407905432463, -2.1357511103719977], [-48.64089496178176, -2.135826388674235], [-48.641059239673694, -2.1358191306945162], [-48.64114888540013, -2.135789222326446], [-48.64137296534212, -2.1357369864289173], [-48.641589521348116, -2.1357222973968253], [-48.64167917854975, -2.1356848772906143], [-48.64171667226184, -2.1355797712777322], [-48.64178383781831, -2.1356024100899806], [-48.64183610443342, -2.135602490777706], [-48.64194066058364, -2.135587628766521], [-48.642164729134635, -2.135542904381874], [-48.64236632899444, -2.1355432155371923], [-48.642568043418876, -2.135468409725323], [-48.64268019224728, -2.1353709305262365], [-48.64272512964676, -2.135280859314254], [-48.64281479830791, -2.1352359273863932], [-48.64285956393425, -2.1352585315923482], [-48.64285193695567, -2.1353636838112724], [-48.64282945680315, -2.1354162311182647], [-48.64303107964489, -2.1354015187742705], [-48.64321780352916, -2.135364248269049], [-48.64331497322792, -2.1352967927252466], [-48.643397289724604, -2.1351767322414887], [-48.64346464997821, -2.1350716721053242], [-48.64355452467116, -2.1348915295057522], [-48.64349497447646, -2.1347712502022516], [-48.64025627914209, -2.133564380593194], [-48.64011444733387, -2.1335416265991944], [-48.639207223356635, -2.1360040616179834]], [[-48.648595466928, -2.136739672272221], [-48.64859553837005, -2.1366927239806377], [-48.648579703064364, -2.1366720422959644], [-48.64817019940931, -2.1365192987879147], [-48.64658072868074, -2.135902765552445], [-48.64580458529657, -2.135644292699739], [-48.645684872454254, -2.1358056103604683], [-48.64566604558633, -2.1359107455398414], [-48.64563974630555, -2.136019625061043], [-48.645609719392965, -2.1361247429666945], [-48.6455722372292, -2.136222337644963], [-48.645545983687704, -2.136301170310227], [-48.645530918720404, -2.1363875319513284], [-48.645493453695934, -2.1364738590499166], [-48.64544855631473, -2.136537639499862], [-48.64539986835792, -2.1366389727336355], [-48.64535482215695, -2.1368004053890006], [-48.645324858118826, -2.136864208850627], [-48.64528363680896, -2.136965553576719], [-48.64524984782574, -2.137089444938926], [-48.64518245874276, -2.1372132844589213], [-48.64513379933447, -2.1372958383706213], [-48.64508132641458, -2.1374309684673984], [-48.645096128090586, -2.1375173761461226], [-48.64510348025497, -2.1375925047435214], [-48.64508101720569, -2.13763378457029], [-48.64505486089645, -2.1376487676585447], [-48.64498378420547, -2.1377425545351367], [-48.64495753053376, -2.1378213871265674], [-48.64525974241305, -2.137945796983541], [-48.64551158572495, -2.1380494718598957], [-48.64589216944711, -2.138192781955389], [-48.646032072628046, -2.138256847521599], [-48.646379105096756, -2.138368180973327], [-48.64648730637501, -2.1384115403621595], [-48.64690894877678, -2.1385605475500253], [-48.64711976861935, -2.138635990098879], [-48.64761042683051, -2.1388189065134404], [-48.647804446743365, -2.1388943231332074], [-48.648010547957, -2.1383913543280144], [-48.6482429710875, -2.1377644821631363], [-48.648595466928, -2.136739672272221]], [[-48.64429155564503, -2.1375405475736913], [-48.644314116070795, -2.137435418302027], [-48.644306786851345, -2.137345266337652], [-48.644239781455894, -2.13721746366958], [-48.64419501573952, -2.137194859418816], [-48.64414652814054, -2.137164737703792], [-48.64407184989282, -2.137172134165826], [-48.64401212791676, -2.137164530269075], [-48.643911373580764, -2.1371343278805117], [-48.643762191822404, -2.1370345673468174], [-48.64369501464562, -2.1370194402202483], [-48.643624144232575, -2.1369780163806773], [-48.64354210245408, -2.136917796005672], [-48.64335186838096, -2.1368085824712164], [-48.64330332354742, -2.136816019250771], [-48.64320262084956, -2.1367520142177883], [-48.643116903064545, -2.1366542296038915], [-48.643079661364155, -2.1365940783990243], [-48.64303112800384, -2.1365940034795208], [-48.64297140036837, -2.1365901554206808], [-48.642922912842124, -2.136560033714313], [-48.642870634695846, -2.136567464723226], [-48.642825800304365, -2.1365899306476166], [-48.642766044032385, -2.136604861819043], [-48.642756644808735, -2.136648039655692], [-48.642751001836025, -2.1366761998658514], [-48.642732292190686, -2.136704339901378], [-48.64270038408611, -2.136818844249546], [-48.64269461504498, -2.1369296330984144], [-48.64272814056924, -2.1369785109976185], [-48.64278403745716, -2.1370462027255672], [-48.642895951582126, -2.1371027133868292], [-48.64308998194083, -2.137170618414826], [-48.643280290462265, -2.1372310059751176], [-48.64346685995458, -2.137295143613688], [-48.64389223143441, -2.1374460346633333], [-48.6441869820019, -2.1375666771774964], [-48.64429155564503, -2.1375405475736913]]]}}, {"type": "Feature", "properties": {"id": 172, "Parcela": "H-144(1)", "ANO": 1984, "Ha": 22.21, "PLANTAS": 3314, "VARIEDADE": "PB-111", "Rot_labels": -15}, "geometry": {"type": "Polygon", "coordinates": [[[-48.61797768358386, -2.1400789822736836], [-48.61799891970307, -2.140057684415378], [-48.60962849943458, -2.1369373773333877], [-48.60948011138117, -2.1369158140438107], [-48.60930964002146, -2.1374630404418706], [-48.60933749247396, -2.1377332756124057], [-48.60952797843151, -2.137953993483441], [-48.6097819524413, -2.138253024228458], [-48.60972527893455, -2.1383382590977047], [-48.60988769241167, -2.1384309475612295], [-48.610155834919226, -2.13870866968944], [-48.61027590844341, -2.138758629987563], [-48.61053041104198, -2.138716366878321], [-48.61065034152999, -2.1388587609720515], [-48.61145504532577, -2.1395141704182548], [-48.612059050625824, -2.1399830420682453], [-48.61216118619481, -2.140183017405325], [-48.61233020502415, -2.1403957174700112], [-48.61272305389282, -2.1405288420712596], [-48.61341470252978, -2.1407739106800827], [-48.613951648494066, -2.1410124269828255], [-48.61413985847133, -2.1409832752130424], [-48.614192223995, -2.140920257541047], [-48.6156402256383, -2.1414820085912027], [-48.61585336187213, -2.1415580619032206], [-48.61661815882378, -2.141822174571696], [-48.61681679682293, -2.141809865455398], [-48.617345859892175, -2.1417391801116303], [-48.61797768358386, -2.1400789822736836]], [[-48.61006283202152, -2.1394337753050863], [-48.61009848977281, -2.139227632281391], [-48.609971370590955, -2.1391634402780415], [-48.60945632189451, -2.1385866982877464], [-48.609343448279624, -2.13845142561108], [-48.60901875368037, -2.1381807252255487], [-48.6090607853428, -2.138422541372912], [-48.60902539191546, -2.138458037406138], [-48.608940645906934, -2.1384152427584096], [-48.60874183686941, -2.1390050860531185], [-48.60876290769965, -2.139090442699627], [-48.609977865642044, -2.1395331864139115], [-48.61000626852938, -2.1394479072549517], [-48.61006283202152, -2.1394337753050863]]]}}, {"type": "Feature", "properties": {"id": 350, "Parcela": "H-144(2)", "ANO": 2010, "Ha": 7.05, "PLANTAS": 1051, "VARIEDADE": "PB-141", "Rot_labels": -15}, "geometry": {"type": "Polygon", "coordinates": [[[-48.61741449608008, -2.1419706534930087], [-48.61724664233915, -2.142061625751476], [-48.617320585910235, -2.1418590302239258], [-48.617094866003114, -2.14180819722403], [-48.616521914118955, -2.141868297123794], [-48.61632338674311, -2.14180909329046], [-48.61424225473793, -2.1410149853945986], [-48.6139870702374, -2.1410903053743606], [-48.61332266878022, -2.1408011097015054], [-48.612411583267026, -2.1404989076295076], [-48.612252352077974, -2.1403828781743983], [-48.612153646447055, -2.1402262965262704], [-48.61197121470782, -2.1399997310154513], [-48.61192059955851, -2.140105056006483], [-48.61195568487136, -2.1402686482689224], [-48.61204739982352, -2.140375446733812], [-48.61216741860649, -2.1404609586019103], [-48.61228721724745, -2.1406886765054813], [-48.612400080300326, -2.1408310597387867], [-48.61252710079282, -2.1409592445318344], [-48.6127884187074, -2.141080529455032], [-48.61294373210787, -2.1411945379629946], [-48.61329682029546, -2.1413870699189435], [-48.613628650465614, -2.1416151202146643], [-48.61379801140488, -2.1417860333873096], [-48.614087369451056, -2.1420566791785287], [-48.61429204706865, -2.142241868402215], [-48.61451086018184, -2.142427079800274], [-48.614708360118144, -2.1426833611446323], [-48.61496940357862, -2.1429824040948184], [-48.61501154573673, -2.1431531181101597], [-48.61518078588321, -2.143402244968228], [-48.61538583808054, -2.1433456836006157], [-48.615838370909785, -2.1432184065211466], [-48.61622030349592, -2.143041246282837], [-48.616821368817824, -2.1428430979041835], [-48.61773400824244, -2.1422614779653806], [-48.6178240696311, -2.1421059072137534], [-48.61741449608008, -2.1419706534930087]]]}}, {"type": "Feature", "properties": {"id": 359, "Parcela": "COPAR1-(2)", "ANO": 2011, "Ha": 4.1, "PLANTAS": null, "VARIEDADE": "", "Rot_labels": -15}, "geometry": {"type": "Polygon", "coordinates": [[[-48.61475369445091, -2.1484071001698766], [-48.61459011024167, -2.148269035027319], [-48.61444740037582, -2.1482422161597654], [-48.61433104335318, -2.1482686280183976], [-48.61425621744752, -2.1482139921293877], [-48.614158944908546, -2.148137634485793], [-48.61398945779761, -2.148108337784448], [-48.61351726293647, -2.1479907648793386], [-48.613210786087436, -2.147878585723705], [-48.612983532820586, -2.147819720349768], [-48.61285378436261, -2.1477509308208367], [-48.61250041054036, -2.14767417064986], [-48.61231756018778, -2.147691019285687], [-48.61218003030022, -2.1477333544738855], [-48.61208465649242, -2.1478661776365215], [-48.611933600091426, -2.1479962422872827], [-48.611796441536065, -2.1480540873039065], [-48.611708911001486, -2.148099619402202], [-48.61154380063207, -2.148148038598391], [-48.61147521571673, -2.148180589860686], [-48.61152906219633, -2.1483475990605485], [-48.61144960531998, -2.148412792348662], [-48.611395409149466, -2.1484707677798176], [-48.61161831164796, -2.1485622231700474], [-48.61210446586425, -2.1487278745402816], [-48.614211039258024, -2.14943319815422], [-48.61427110144782, -2.1494174233271237], [-48.61441667050545, -2.14941537740169], [-48.61475369445091, -2.1484071001698766]]]}}, {"type": "Feature", "properties": {"id": 366, "Parcela": "K-123(EXP)", "ANO": 2020, "Ha": 25.61, "PLANTAS": 3905, "VARIEDADE": "PB-141", "Rot_labels": -15}, "geometry": {"type": "Polygon", "coordinates": [[[-48.63560358550949, -2.1191089609244416], [-48.63484195393241, -2.1212678912010685], [-48.64333809963325, -2.1244440002912706], [-48.64411583946313, -2.122302471283894], [-48.64129038624675, -2.1212227857872787], [-48.63560358550949, -2.1191089609244416]]]}}]}