{"type": "FeatureCollection", "features": [{"type": "Feature", "geometry": {"type": "Polygon", "coordinates": [[[-48.62885294201336, -2.1901393213064755], [-48.62887984938795, -2.190020795870778], [-48.62502774731146, -2.1886244569353437], [-48.62465102104678, -2.188522751031558], [-48.624262651590186, -2.1884827434219583], [-48.62403811351427, -2.1884206686499286], [-48.62364124727171, -2.1883442068938503], [-48.623443093407616, -2.188381983957389], [-48.62319603471234, -2.1883235758070003], [-48.62294893690359, -2.188290030816973], [-48.62236411981773, -2.18822279621935], [-48.6219564531774, -2.188139268555132], [-48.62178348097997, -2.1881182732814746], [-48.62165572814471, -2.1881553643106653], [-48.62151972392377, -2.1882007298962622], [-48.62140022248802, -2.1882295463153953], [-48.62125597341826, -2.1882790425742646], [-48.62111999534667, -2.188307832666375], [-48.62100053966951, -2.1883076420331764], [-48.62089759331983, -2.1882867584005896], [-48.620728792697044, -2.1882326187224774], [-48.62051600796055, -2.1880915136295855], [-48.620279707642545, -2.188166965402742], [-48.620114070021174, -2.1880453747006667], [-48.619917514515244, -2.188107007748268], [-48.619867908123595, -2.1882188128942994], [-48.61964451895917, -2.1888234603365855], [-48.619576366588596, -2.1890495651692885], [-48.62808746767292, -2.1922144650678264], [-48.628211702087256, -2.191895309507381], [-48.62831933611817, -2.1915556820698128], [-48.62885294201336, -2.1901393213064755]]]}, "properties": {"id": 85, "Parcela": "D-112", "ANO": 2001, "Ha": 22.26, "PLANTAS": 3479, "VARIEDADE": "PB-121", "Rot_labels": -20, "auxiliary_": null, "auxiliar_1": null, "auxiliar_2": null}}, {"type": "Feature", "geometry": {"type": "Polygon", "coordinates": [[[-48.6280403781099, -2.192267576496442], [-48.619558983133544, -2.189109870609148], [-48.618721651171086, -2.1912906687769174], [-48.62721084618638, -2.1944633936029945], [-48.62725305798326, -2.1944198739802006], [-48.6280403781099, -2.192267576496442]]]}, "properties": {"id": 84, "Parcela": "D-111", "ANO": 2001, "Ha": 26.12, "PLANTAS": 4029, "VARIEDADE": "PB-121", "Rot_labels": -20, "auxiliary_": null, "auxiliar_1": null, "auxiliar_2": null}}, {"type": "Feature", "geometry": {"type": "Polygon", "coordinates": [[[-48.62718613164417, -2.194637144528243], [-48.62722141945595, -2.1945664268287692], [-48.62718682287911, -2.1944960716996325], [-48.618730974467056, -2.1913497913969824], [-48.6179374631798, -2.1935675285781127], [-48.626424091425974, -2.1966883735241103], [-48.62718613164417, -2.194637144528243]]]}, "properties": {"id": 57, "Parcela": "C-114", "ANO": 2001, "Ha": 26.04, "PLANTAS": 4000, "VARIEDADE": "PB-121", "Rot_labels": -20, "auxiliary_": null, "auxiliar_1": null, "auxiliar_2": null}}, {"type": "Feature", "geometry": {"type": "Polygon", "coordinates": [[[-48.62637080405936, -2.196873322985779], [-48.62641142569811, -2.196753440071259], [-48.62385008446307, -2.195804007349663], [-48.61802432948538, -2.19363608460428], [-48.617908767471825, -2.1936257889886366], [-48.61711404018771, -2.195764449652427], [-48.62559549021529, -2.198924872696842], [-48.62637080405936, -2.196873322985779]]]}, "properties": {"id": 56, "Parcela": "C-113", "ANO": 2001, "Ha": 25.79, "PLANTAS": 4008, "VARIEDADE": "PB-121", "Rot_labels": -20, "auxiliary_": null, "auxiliar_1": null, "auxiliar_2": null}}, {"type": "Feature", "geometry": {"type": "Polygon", "coordinates": [[[-48.62555865864934, -2.198974504934896], [-48.61709620499499, -2.1958443740967923], [-48.6162774338489, -2.198013657441058], [-48.62185464150845, -2.200110801127791], [-48.62477199710808, -2.2011630498294164], [-48.62555865864934, -2.198974504934896]]]}, "properties": {"id": 55, "Parcela": "C-112", "ANO": 2001, "Ha": 25.98, "PLANTAS": 4027, "VARIEDADE": "PB-121", "Rot_labels": -20, "auxiliary_": null, "auxiliar_1": null, "auxiliar_2": null}}, {"type": "Feature", "geometry": {"type": "Polygon", "coordinates": [[[-48.62474603746829, -2.20122722633385], [-48.61626335862038, -2.198106870174909], [-48.615418337777236, -2.2002574376865303], [-48.6239410436558, -2.203419925415943], [-48.62474603746829, -2.20122722633385]]]}, "properties": {"id": 54, "Parcela": "C-111", "ANO": 2001, "Ha": 25.9, "PLANTAS": 3979, "VARIEDADE": "PB-121", "Rot_labels": -20, "auxiliary_": null, "auxiliar_1": null, "auxiliar_2": null}}, {"type": "Feature", "geometry": {"type": "Polygon", "coordinates": [[[-48.62393597838501, -2.203445193663139], [-48.6154170463418, -2.200279552302372], [-48.61461378730551, -2.2024864031488187], [-48.623108369826646, -2.2056353256808747], [-48.623543100100775, -2.2045909113063265], [-48.62393597838501, -2.203445193663139]]]}, "properties": {"id": 29, "Parcela": "B-114", "ANO": 2001, "Ha": 26.22, "PLANTAS": 4006, "VARIEDADE": "PB-121", "Rot_labels": -20, "auxiliary_": null, "auxiliar_1": null, "auxiliar_2": null}}, {"type": "Feature", "geometry": {"type": "Polygon", "coordinates": [[[-48.62311204238433, -2.205695994848332], [-48.61460816888457, -2.202540471482066], [-48.61379892048432, -2.204710257268181], [-48.622275286939576, -2.2079084676587946], [-48.62311204238433, -2.205695994848332]]]}, "properties": {"id": 28, "Parcela": "B-113", "ANO": 2001, "Ha": 26.1, "PLANTAS": 4029, "VARIEDADE": "PB-121", "Rot_labels": -20, "auxiliary_": null, "auxiliar_1": null, "auxiliar_2": null}}, {"type": "Feature", "geometry": {"type": "Polygon", "coordinates": [[[-48.622256725439726, -2.207926521242324], [-48.61377922141104, -2.204778606553634], [-48.61298005703198, -2.2069923121679405], [-48.62146851443528, -2.210122066759172], [-48.62159261948105, -2.209790404844516], [-48.62199807055898, -2.208680500867839], [-48.622256725439726, -2.207926521242324]]]}, "properties": {"id": 27, "Parcela": "B-112", "ANO": 2002, "Ha": 26.09, "PLANTAS": 3975, "VARIEDADE": "PB-132", "Rot_labels": -20, "auxiliary_": null, "auxiliar_1": null, "auxiliar_2": null}}, {"type": "Feature", "geometry": {"type": "Polygon", "coordinates": [[[-48.62146170528224, -2.21015714147674], [-48.61296909251292, -2.207029406872803], [-48.61215155798448, -2.2091865213107953], [-48.620656763688146, -2.212382739445488], [-48.62072372694806, -2.212209022468173], [-48.621120995376586, -2.211065956044718], [-48.62146170528224, -2.21015714147674]]]}, "properties": {"id": 26, "Parcela": "B-111", "ANO": 2002, "Ha": 26.05, "PLANTAS": 4031, "VARIEDADE": "PB-132", "Rot_labels": -20, "auxiliary_": null, "auxiliar_1": null, "auxiliar_2": null}}, {"type": "Feature", "geometry": {"type": "Polygon", "coordinates": [[[-48.620640244909325, -2.212420575187343], [-48.61213891591035, -2.2092435211783146], [-48.611817211156946, -2.2101061302465155], [-48.611703035193244, -2.210491381451337], [-48.61192150629909, -2.210538019769954], [-48.61175474071101, -2.2106583642794906], [-48.61164400920573, -2.21076940011541], [-48.611490370040094, -2.21099652659202], [-48.61146552892257, -2.2110752193008905], [-48.61141589970444, -2.2111994540911515], [-48.61132902532364, -2.211431368342065], [-48.61983094771975, -2.2145755482255334], [-48.62039684093895, -2.2131284330368595], [-48.620640244909325, -2.212420575187343]]]}, "properties": {"id": 2, "Parcela": "A-114", "ANO": 2002, "Ha": 25.82, "PLANTAS": 3999, "VARIEDADE": "PB-132", "Rot_labels": -20, "auxiliary_": null, "auxiliar_1": null, "auxiliar_2": null}}, {"type": "Feature", "geometry": {"type": "Polygon", "coordinates": [[[-48.61980374963084, -2.214654913638005], [-48.612722431525995, -2.2120147326917747], [-48.61260253821743, -2.2122953489960353], [-48.61251966354957, -2.212601859063732], [-48.61247002756184, -2.212730237757834], [-48.612387112959745, -2.2130616107404615], [-48.6123621854945, -2.2131941732657294], [-48.61228778776809, -2.213351518686434], [-48.6121887942057, -2.213434235113034], [-48.612089721017945, -2.2135666774699807], [-48.61200719097533, -2.213657708212969], [-48.611932886057254, -2.2137570399483444], [-48.61185854130814, -2.2138812346392527], [-48.61180064680736, -2.2140220313318952], [-48.61174694450005, -2.214117252579117], [-48.61901281284879, -2.2168767443960355], [-48.61915363250771, -2.2164953846236926], [-48.61943915750999, -2.215683649539105], [-48.619625350371535, -2.2151659677618727], [-48.61972874807531, -2.214905071527295], [-48.61976188058578, -2.2147932407726287], [-48.61980374963084, -2.214654913638005]]]}, "properties": {"id": 1, "Parcela": "A-113", "ANO": 2002, "Ha": 21.84, "PLANTAS": 3296, "VARIEDADE": "PB-132", "Rot_labels": -20, "auxiliary_": null, "auxiliar_1": null, "auxiliar_2": null}}, {"type": "Feature", "geometry": {"type": "Polygon", "coordinates": [[[-48.58996212907184, -2.215970451755942], [-48.590743512954994, -2.213942168853094], [-48.59069831767753, -2.213818365134216], [-48.58232508273542, -2.210676120073845], [-48.581483767938956, -2.2128450986703294], [-48.58697926013517, -2.2149180221423768], [-48.58996212907184, -2.215970451755942]]]}, "properties": {"id": 336, "Parcela": "Z-143", "ANO": 2002, "Ha": 25.79, "PLANTAS": 4023, "VARIEDADE": "PB-123", "Rot_labels": -20, "auxiliary_": null, "auxiliar_1": null, "auxiliar_2": null}}, {"type": "Feature", "geometry": {"type": "Polygon", "coordinates": [[[-48.58923585245493, -2.215788598840462], [-48.58146347301851, -2.212884808494157], [-48.581174985766935, -2.213682676888035], [-48.58329888460602, -2.214219126309536], [-48.58428189375707, -2.21478162666361], [-48.58521589526354, -2.215228569748923], [-48.586379479354896, -2.215675889238917], [-48.58690382312425, -2.215932448245735], [-48.5872725933395, -2.216056778287703], [-48.58771523801282, -2.216131739114463], [-48.58800237560761, -2.2160332291033944], [-48.58812449543191, -2.216018055121897], [-48.588240383860224, -2.215893396609494], [-48.58923676364204, -2.2159577205073933], [-48.58923681058019, -2.2159287141927457], [-48.58923585245493, -2.215788598840462]]]}, "properties": {"id": 335, "Parcela": "Z-142", "ANO": 2002, "Ha": 7.63, "PLANTAS": 1142, "VARIEDADE": "PB-123", "Rot_labels": -20, "auxiliary_": null, "auxiliar_1": null, "auxiliar_2": null}}, {"type": "Feature", "geometry": {"type": "Polygon", "coordinates": [[[-48.58142005803647, -2.212879580719375], [-48.57686216375426, -2.211141542431406], [-48.57659396157333, -2.211617122032407], [-48.576346049093345, -2.2120891000152962], [-48.576019836558835, -2.2126316665386825], [-48.57878628818416, -2.213609990882704], [-48.5788845589286, -2.213597378532626], [-48.58000784790114, -2.2136074718948064], [-48.58108999416978, -2.2137082285817837], [-48.58142005803647, -2.212879580719375]]]}, "properties": {"id": 338, "Parcela": "Z-152", "ANO": 2001, "Ha": 9.0, "PLANTAS": 1380, "VARIEDADE": "PB-121", "Rot_labels": -20, "auxiliary_": null, "auxiliar_1": null, "auxiliar_2": null}}, {"type": "Feature", "geometry": {"type": "Polygon", "coordinates": [[[-48.582230327842865, -2.2106777077819357], [-48.577920140995914, -2.2090260251976224], [-48.577717815944915, -2.209484944476964], [-48.57768483637088, -2.209501465309054], [-48.57764766380903, -2.209563560345144], [-48.57758560202703, -2.2097333516426954], [-48.57753181198729, -2.2098824378232247], [-48.57742047564675, -2.209956842325119], [-48.57731293578501, -2.2102301522672883], [-48.5771559466022, -2.2105158121730115], [-48.57701128769031, -2.2108180671742494], [-48.576941095068605, -2.2109215452272446], [-48.57685006181009, -2.2111041114989054], [-48.58144830608392, -2.2128313115076748], [-48.582230327842865, -2.2106777077819357]]]}, "properties": {"id": 339, "Parcela": "Z-153", "ANO": 2001, "Ha": 13.49, "PLANTAS": 2112, "VARIEDADE": "PB-121", "Rot_labels": -20, "auxiliary_": null, "auxiliar_1": null, "auxiliar_2": null}}, {"type": "Feature", "geometry": {"type": "Polygon", "coordinates": [[[-48.576701773938645, -2.2111162599789442], [-48.57236172535588, -2.2094718554687405], [-48.57219157269753, -2.209782502641537], [-48.57211716676344, -2.209943985271629], [-48.57203452938936, -2.2101013106216723], [-48.57197250081857, -2.2102503824166098], [-48.571929142779, -2.2103166105651497], [-48.57192075642996, -2.2104077585499], [-48.571871219768546, -2.2104739765231853], [-48.57182165278303, -2.2105588411666597], [-48.571784453113544, -2.2106375105777287], [-48.57175168532058, -2.210709347126156], [-48.57413602612851, -2.211779068986405], [-48.574207089178834, -2.2118406708327014], [-48.57420040951344, -2.2119851579051337], [-48.57402674701106, -2.2122387082064896], [-48.5739297065544, -2.2122334862969457], [-48.57370859264586, -2.2124382291906657], [-48.575208083572846, -2.2130386977159064], [-48.5756014603521, -2.2131548210036325], [-48.57591309540361, -2.21267933456607], [-48.575988748212914, -2.2125745977914972], [-48.576110756136934, -2.2123994930513247], [-48.576176930822186, -2.2122338526202387], [-48.57623067417598, -2.2121137727736744], [-48.576284242543295, -2.212101429626172], [-48.57630486828028, -2.2120828167373228], [-48.576317269294535, -2.212055902868548], [-48.57633799260551, -2.21197720604082], [-48.576404113377876, -2.211844715310136], [-48.57645370394311, -2.211745347251488], [-48.57645657515743, -2.2116839042677654], [-48.57653831012626, -2.211643964851036], [-48.57655694358117, -2.211583911359039], [-48.576583872392575, -2.2114886497748345], [-48.57664797389977, -2.2113312932759643], [-48.576701773938645, -2.2111162599789442]]]}, "properties": {"id": 341, "Parcela": "Z-162", "ANO": 2006, "Ha": 10.42, "PLANTAS": 1634, "VARIEDADE": "PB-121", "Rot_labels": -20, "auxiliary_": null, "auxiliar_1": null, "auxiliar_2": null}}, {"type": "Feature", "geometry": {"type": "Polygon", "coordinates": [[[-48.57785487290229, -2.208990532417023], [-48.57418886706026, -2.20758930998675], [-48.57404222623358, -2.2077841264335194], [-48.57400088088449, -2.2078793641979146], [-48.57382086406225, -2.208394962154751], [-48.573727862084326, -2.208593708101712], [-48.57365131617187, -2.2088049122188984], [-48.57359538239824, -2.209005790869091], [-48.57356439851711, -2.209061680212864], [-48.5735168676879, -2.2091610514475013], [-48.573522881448106, -2.209262582527141], [-48.57347126516794, -2.20934122842496], [-48.57339285470699, -2.2094322614436535], [-48.57337665563639, -2.209549350252875], [-48.57324842462811, -2.2095936291969527], [-48.572984827371585, -2.209472879888727], [-48.5725980981825, -2.2093509220894845], [-48.57240208973841, -2.2093708201677384], [-48.57239692510168, -2.2094567480958625], [-48.576781443373804, -2.2110699389296204], [-48.57683797661712, -2.211008394259372], [-48.57693245500794, -2.2107380839574273], [-48.5771003523477, -2.2105074334307675], [-48.57712935066828, -2.210405959573147], [-48.5772097751116, -2.2101572026497287], [-48.57734623461528, -2.2100168046223603], [-48.577384495786305, -2.2099184537331893], [-48.57744131972008, -2.2098035583630526], [-48.577451654396974, -2.209780784783865], [-48.577567301287495, -2.2095882908959243], [-48.57766445254328, -2.209370904210873], [-48.57770168218811, -2.20927358751273], [-48.577746998865244, -2.209269518119061], [-48.57775734360266, -2.2092405289417965], [-48.57785487290229, -2.208990532417023]]]}, "properties": {"id": 342, "Parcela": "Z-163", "ANO": 2006, "Ha": 11.35, "PLANTAS": 1718, "VARIEDADE": "PB-121", "Rot_labels": -20, "auxiliary_": null, "auxiliar_1": null, "auxiliar_2": null}}, {"type": "Feature", "geometry": {"type": "Polygon", "coordinates": [[[-48.57891865885873, -2.2068286906047114], [-48.57458468611174, -2.205203956353871], [-48.574413393495476, -2.2054766504229235], [-48.574337016742724, -2.20570860421], [-48.57427505612157, -2.205816239429635], [-48.57418816614002, -2.206056432927863], [-48.57415918488515, -2.2061475473215464], [-48.57412195204969, -2.206246935621097], [-48.57406817574661, -2.2063877340112152], [-48.57401034754281, -2.20648708849917], [-48.57396481605662, -2.2066237566701865], [-48.57393900201316, -2.2067345896645416], [-48.574199704221385, -2.207104039099711], [-48.57422456693703, -2.2072658428018173], [-48.57424944603806, -2.2074175363549253], [-48.57419897449225, -2.207553940946806], [-48.577785223910624, -2.208931149152512], [-48.57785493091855, -2.2089230151671524], [-48.57789896635047, -2.208905118659571], [-48.57794034524627, -2.2087891619182907], [-48.57803522524989, -2.208702299056257], [-48.57810553171682, -2.208528377416073], [-48.57814689713369, -2.208420708090272], [-48.578200700349605, -2.2082633343067246], [-48.5782748640364, -2.2082510246793454], [-48.57830375805114, -2.2082137784130498], [-48.57831622941668, -2.208143355326405], [-48.57836996546442, -2.2080274187682405], [-48.57841137108346, -2.207894887039307], [-48.57845687563727, -2.2077747932312493], [-48.57857248514259, -2.2076050894422425], [-48.578791501068395, -2.207170355768314], [-48.57891865885873, -2.2068286906047114]]]}, "properties": {"id": 343, "Parcela": "Z-164", "ANO": 2006, "Ha": 12.98, "PLANTAS": 1988, "VARIEDADE": "PB-121", "Rot_labels": -20, "auxiliary_": null, "auxiliar_1": null, "auxiliar_2": null}}, {"type": "Feature", "geometry": {"type": "Polygon", "coordinates": [[[-48.57903113565532, -2.2067211525987847], [-48.579295581697444, -2.2062119056170046], [-48.579537412671876, -2.2056777589274685], [-48.57958898162116, -2.2056281184305893], [-48.57970684449967, -2.2053382494057994], [-48.579807996496726, -2.205193383946452], [-48.57988236103482, -2.205056762120991], [-48.5799198642983, -2.2049081238076647], [-48.57975169338156, -2.2048042189265793], [-48.57821267614452, -2.2040889307005846], [-48.57814732637891, -2.204103989082182], [-48.578061958282575, -2.204068463650147], [-48.57774280834695, -2.2041058546357184], [-48.57765243979529, -2.2040551556960915], [-48.57756262098295, -2.204211787226145], [-48.577544005395005, -2.2043001507211435], [-48.57750068743647, -2.204302848014469], [-48.57742591340975, -2.2043024849596384], [-48.57723974246661, -2.204453833242936], [-48.577174315021516, -2.2045169148918426], [-48.57716654647356, -2.2046089372999176], [-48.57711289795799, -2.2046710054580374], [-48.57708399739934, -2.2047123954682135], [-48.57706737359339, -2.204803530381667], [-48.57706314723278, -2.2048698231953314], [-48.57701340987979, -2.2050603534711994], [-48.576918443162235, -2.205201084847802], [-48.57685280854134, -2.2052342127097733], [-48.57667166241744, -2.205385568958549], [-48.5755354618614, -2.2049458094087897], [-48.575411230966374, -2.204860301088841], [-48.57484623665808, -2.204662226450263], [-48.574739851041564, -2.204953034817807], [-48.57468202301372, -2.2050523894450618], [-48.57463669314617, -2.2050647463074413], [-48.574603646633804, -2.2051227042905297], [-48.574626368513314, -2.2051936100768343], [-48.57894887759472, -2.2067967414731156], [-48.57903113565532, -2.2067211525987847]]]}, "properties": {"id": 19, "Parcela": "A-161", "ANO": 2006, "Ha": 8.4, "PLANTAS": 1288, "VARIEDADE": "PB-121", "Rot_labels": -20, "auxiliary_": null, "auxiliar_1": null, "auxiliar_2": null}}, {"type": "Feature", "geometry": {"type": "Polygon", "coordinates": [[[-48.59158794190749, -2.211610079490025], [-48.58312394500243, -2.208411215068243], [-48.58232834487047, -2.2106216732569868], [-48.59073644937175, -2.213757025181852], [-48.59082518731504, -2.2137434011891424], [-48.590986549947736, -2.2133002809954774], [-48.59128028004993, -2.2125134435045224], [-48.59158794190749, -2.211610079490025]]]}, "properties": {"id": 337, "Parcela": "Z-144", "ANO": 2002, "Ha": 25.94, "PLANTAS": 4018, "VARIEDADE": "PB-123", "Rot_labels": -20, "auxiliary_": null, "auxiliar_1": null, "auxiliar_2": null}}, {"type": "Feature", "geometry": {"type": "Polygon", "coordinates": [[[-48.59553007463925, -2.213241399604639], [-48.59553119741892, -2.2130586008672632], [-48.5916656599073, -2.2116019680980568], [-48.59152414518126, -2.2119958697120587], [-48.59139582326265, -2.2123851751752905], [-48.59122207023019, -2.2128489942976644], [-48.59098003994021, -2.213505387250175], [-48.590897342548196, -2.21370000951253], [-48.59089522942555, -2.2137331562610454], [-48.59092813568555, -2.213762216485806], [-48.590938369940844, -2.213801599084609], [-48.59456325855634, -2.2151861290865322], [-48.59478227579601, -2.2146242044403754], [-48.59487726370854, -2.214471039402057], [-48.59495978717407, -2.2143841545917313], [-48.59501758902152, -2.214301373197166], [-48.59515406247327, -2.213965949121676], [-48.59519119500008, -2.213928715629838], [-48.59524069835042, -2.2138832147470864], [-48.59527379190676, -2.213796249192013], [-48.595335813070086, -2.213651317791516], [-48.595397901017854, -2.2134649485925597], [-48.59547631189287, -2.2133739131586814], [-48.59553007463925, -2.213241399604639]]]}, "properties": {"id": 334, "Parcela": "Z-134", "ANO": 2002, "Ha": 11.6, "PLANTAS": 1779, "VARIEDADE": "PB-123", "Rot_labels": -20, "auxiliary_": null, "auxiliar_1": null, "auxiliar_2": null}}, {"type": "Feature", "geometry": {"type": "Polygon", "coordinates": [[[-48.583067374143745, -2.2084047980965256], [-48.58126188319854, -2.2077403353023333], [-48.581167011997145, -2.2079180478360927], [-48.581108989370044, -2.2081375713649676], [-48.58108010877772, -2.2081665302961104], [-48.5810182754288, -2.2081954352669513], [-48.58096044048202, -2.2082989341941968], [-48.58088594808391, -2.208514286945183], [-48.580848708572105, -2.208617819576245], [-48.58077037870101, -2.208659128724934], [-48.580679698251814, -2.2086962738893035], [-48.57935438727882, -2.2079816531043486], [-48.578658818406424, -2.2076365830299394], [-48.578530895032564, -2.2078515736879947], [-48.578469014794635, -2.207909484598165], [-48.57841523849604, -2.208050283531927], [-48.57830357345748, -2.2083277308801863], [-48.57823758080784, -2.208381491269834], [-48.5781962623928, -2.208460154526528], [-48.578138319917976, -2.208629952723627], [-48.57810110042319, -2.2087210538947417], [-48.57803909253235, -2.2088576955072665], [-48.57796482137522, -2.208936304687094], [-48.577940922808686, -2.208985018584574], [-48.58228395749287, -2.2105840657223186], [-48.582341037592705, -2.2104145065841894], [-48.58261822469195, -2.209669085605679], [-48.582808541393604, -2.2091514283749243], [-48.583067374143745, -2.2084047980965256]]]}, "properties": {"id": 340, "Parcela": "Z-154", "ANO": 2001, "Ha": 9.95, "PLANTAS": 1526, "VARIEDADE": "PB-121", "Rot_labels": -20, "auxiliary_": null, "auxiliar_1": null, "auxiliar_2": null}}, {"type": "Feature", "geometry": {"type": "Polygon", "coordinates": [[[-48.59243116213246, -2.2093950088201693], [-48.58398596803316, -2.2061921810484195], [-48.58314437240481, -2.208366669220018], [-48.59164190060275, -2.211576803328117], [-48.591925680038116, -2.210769966942882], [-48.59243116213246, -2.2093950088201693]]]}, "properties": {"id": 11, "Parcela": "A-141", "ANO": 2001, "Ha": 25.9, "PLANTAS": 4007, "VARIEDADE": "PB-123", "Rot_labels": -20, "auxiliary_": null, "auxiliar_1": null, "auxiliar_2": null}}, {"type": "Feature", "geometry": {"type": "Polygon", "coordinates": [[[-48.58176341349126, -2.206471906219115], [-48.57971985880872, -2.205457539973827], [-48.57870265834496, -2.207557536032875], [-48.58056287576731, -2.2085235821899696], [-48.58074124842649, -2.208533984585461], [-48.58176341349126, -2.206471906219115]], [[-48.58308075545655, -2.208322971857201], [-48.58378312348396, -2.20645597652191], [-48.58381110860606, -2.206362685569406], [-48.58383446218899, -2.2062647202093966], [-48.58385305919957, -2.2061758064851715], [-48.58374263877236, -2.206094744029856], [-48.58356626047013, -2.206061945057844], [-48.58326529211936, -2.206073743441517], [-48.58319980325703, -2.206174738890388], [-48.58306409440249, -2.2061947375642754], [-48.58227008744963, -2.206353437548357], [-48.58191792735684, -2.2064759502858746], [-48.581773891056336, -2.2065731607493646], [-48.581760107524026, -2.206690677115622], [-48.58173684433129, -2.20673264050564], [-48.58172286680016, -2.206769952257399], [-48.58169493436624, -2.2068305753138757], [-48.581662355323246, -2.2068958575921425], [-48.581629791364996, -2.2069518062374684], [-48.58160653570391, -2.20698910280232], [-48.58156467852769, -2.207054369889147], [-48.58151815210211, -2.2071382966361583], [-48.58150882115938, -2.207170949152564], [-48.58149013663141, -2.2072502546258415], [-48.581466813036364, -2.2073295525047367], [-48.58143422640709, -2.2073995015682915], [-48.58141092544128, -2.2074647989991054], [-48.58135045159968, -2.207567370192201], [-48.581317940432264, -2.2075906511072696], [-48.5812637795988, -2.207658358213461], [-48.58308075545655, -2.208322971857201]]]}, "properties": {"id": 15, "Parcela": "A-151", "ANO": 1993, "Ha": 10.86, "PLANTAS": 1685, "VARIEDADE": "PB-121", "Rot_labels": -20, "auxiliary_": null, "auxiliar_1": null, "auxiliar_2": null}}, {"type": "Feature", "geometry": {"type": "Polygon", "coordinates": [[[-48.590517232397886, -2.1843098964924645], [-48.590201178268906, -2.184851989036522], [-48.589771447594416, -2.1856966251221674], [-48.5896206778976, -2.1860901021296244], [-48.58970251848826, -2.186185090826229], [-48.589708643224114, -2.1863346647423834], [-48.58980044808388, -2.1864739427269804], [-48.59141025645895, -2.1873137552495314], [-48.59160857324169, -2.186975874711982], [-48.59173515197428, -2.1866709044547585], [-48.59190374237757, -2.186353613030137], [-48.59203211280649, -2.1861395149384775], [-48.59223043585146, -2.1857586071409267], [-48.592350311528584, -2.1854935985441495], [-48.59238335652614, -2.185435638910149], [-48.5924630837775, -2.18522860799688], [-48.59128050619953, -2.1846963063057685], [-48.59111127314884, -2.1845624310078153], [-48.59079994686095, -2.1844093333785253], [-48.590517232397886, -2.1843098964924645]]]}, "properties": {"id": 72, "Parcela": "C-153", "ANO": 1993, "Ha": 6.13, "PLANTAS": 967, "VARIEDADE": "PB-121", "Rot_labels": -20, "auxiliary_": null, "auxiliar_1": null, "auxiliar_2": null}}, {"type": "Feature", "geometry": {"type": "Polygon", "coordinates": [[[-48.622369882489444, -2.2079273064638003], [-48.62525159621099, -2.2089628736383053], [-48.62539209276166, -2.208947675069921], [-48.62560648566331, -2.208702881680951], [-48.62560680162081, -2.2085039759069875], [-48.625649245751205, -2.208402118152763], [-48.625594467777006, -2.2081770877735196], [-48.62552944190408, -2.2076217032499845], [-48.625616816804786, -2.2073851441540224], [-48.625715928237014, -2.2072278358998267], [-48.62579858903918, -2.2070539256654764], [-48.62584760457954, -2.2069060734782395], [-48.625872907106064, -2.2067948979086682], [-48.625817766247486, -2.2067088695545847], [-48.62315598269632, -2.2057150227361797], [-48.62236361533355, -2.2078609747578697], [-48.622369882489444, -2.2079273064638003]]]}, "properties": {"id": 24, "Parcela": "B-103", "ANO": 2001, "Ha": 8.77, "PLANTAS": 1304, "VARIEDADE": "PB-121", "Rot_labels": -20, "auxiliary_": null, "auxiliar_1": null, "auxiliar_2": null}}, {"type": "Feature", "geometry": {"type": "Polygon", "coordinates": [[[-48.62316860387473, -2.2056783922951677], [-48.62588065349576, -2.2066634730111914], [-48.62590647809314, -2.206556833139029], [-48.62593144330638, -2.2063994057151435], [-48.62602233582337, -2.2062296524886666], [-48.626108997329126, -2.206130338444096], [-48.62619992265294, -2.205939865805273], [-48.62627421330089, -2.205848819628757], [-48.626344496433674, -2.205687320991783], [-48.62641890533168, -2.205521685072072], [-48.626484025985505, -2.205393329179622], [-48.62648436763186, -2.2051778477771338], [-48.6264649001071, -2.2050907949862895], [-48.62650619745272, -2.2050245591035162], [-48.62661350089874, -2.204896270843571], [-48.62671251333222, -2.2048011203319082], [-48.62674971113234, -2.2047224461924273], [-48.62677663713656, -2.2046271800348345], [-48.626792970967855, -2.204512084929808], [-48.62398114893984, -2.203480653085962], [-48.62316860387473, -2.2056783922951677]]]}, "properties": {"id": 25, "Parcela": "B-104", "ANO": 2001, "Ha": 8.47, "PLANTAS": 1282, "VARIEDADE": "PB-121", "Rot_labels": -20, "auxiliary_": null, "auxiliar_1": null, "auxiliar_2": null}}, {"type": "Feature", "geometry": {"type": "Polygon", "coordinates": [[[-48.62729309189142, -2.194526098929557], [-48.62647932840339, -2.1967137382351996], [-48.62855507705958, -2.197488036761231], [-48.628678495213904, -2.1971001900159735], [-48.62864400498971, -2.196665379737171], [-48.628528744907086, -2.1964629839814434], [-48.62846462180374, -2.1956995324486535], [-48.62855785466795, -2.1955303289620605], [-48.62849660320255, -2.195335602439293], [-48.62836856288462, -2.195270943114037], [-48.62820206578211, -2.194896585810717], [-48.62804644487007, -2.194795231640074], [-48.627965763089435, -2.194972038050779], [-48.62784511909482, -2.194997121942976], [-48.62784550975685, -2.194749413349995], [-48.62729309189142, -2.194526098929557]]]}, "properties": {"id": 53, "Parcela": "C-104", "ANO": 2001, "Ha": 4.97, "PLANTAS": 770, "VARIEDADE": "PB-121", "Rot_labels": -20, "auxiliary_": null, "auxiliar_1": null, "auxiliar_2": null}}, {"type": "Feature", "geometry": {"type": "Polygon", "coordinates": [[[-48.62855591542823, -2.197555602482929], [-48.6264616375032, -2.1967787967530725], [-48.626188531392266, -2.197523621266389], [-48.62580794693175, -2.1985465514715874], [-48.62567745898087, -2.1989415011014204], [-48.62575280346426, -2.199000266126532], [-48.628545957728015, -2.200047792183549], [-48.62856147764566, -2.1999557336107567], [-48.62860760762559, -2.1998255114904435], [-48.628615480896215, -2.199613201788061], [-48.628585844907036, -2.199287088028312], [-48.62856607157492, -2.1990797894214436], [-48.62846585928789, -2.1988951110518835], [-48.62844395176136, -2.1987330981498734], [-48.62845234072057, -2.198637802091715], [-48.62847316584023, -2.1984927992294145], [-48.62849812323988, -2.1983395151860887], [-48.628481895055025, -2.1981820214312218], [-48.628440873077885, -2.198074214739404], [-48.6284451951216, -2.1979457610589908], [-48.62855591542823, -2.197555602482929]]]}, "properties": {"id": 52, "Parcela": "C-103", "ANO": 2001, "Ha": 7.55, "PLANTAS": 1178, "VARIEDADE": "PB-121", "Rot_labels": -20, "auxiliary_": null, "auxiliar_1": null, "auxiliar_2": null}}, {"type": "Feature", "geometry": {"type": "Polygon", "coordinates": [[[-48.62852898479064, -2.200089556780595], [-48.62562396995957, -2.198984720032704], [-48.625435553823685, -2.1995985012821895], [-48.62528663952034, -2.199991931476119], [-48.62519146493832, -2.2002652751319998], [-48.625092203866465, -2.200517892797939], [-48.62481892661844, -2.2012121773200257], [-48.62775867970864, -2.202275026617851], [-48.62782067783665, -2.2021425214952135], [-48.62785797374154, -2.202001689028292], [-48.627973711789544, -2.201749097159424], [-48.62803580815843, -2.2015544338123103], [-48.62809370662011, -2.2014094903897448], [-48.62813504954215, -2.201314247121277], [-48.628176418666854, -2.201202428332004], [-48.62824262103203, -2.2010160592708314], [-48.62828818796122, -2.200854520505965], [-48.62833776270634, -2.200763434261745], [-48.62835440990944, -2.200655719770056], [-48.62845372965159, -2.2003658063825107], [-48.62851141396253, -2.200277806320305], [-48.62852898479064, -2.200089556780595]]]}, "properties": {"id": 51, "Parcela": "C-102", "ANO": 2001, "Ha": 9.0, "PLANTAS": 1402, "VARIEDADE": "PB-121", "Rot_labels": -20, "auxiliary_": null, "auxiliar_1": null, "auxiliar_2": null}}, {"type": "Feature", "geometry": {"type": "Polygon", "coordinates": [[[-48.62482387173993, -2.2012627380323933], [-48.62399761694682, -2.2034507941690182], [-48.62685761206144, -2.2044864581031023], [-48.627030895158356, -2.204043299971724], [-48.62708261847947, -2.2038962749606292], [-48.62715289796613, -2.203736848024244], [-48.627217018279694, -2.203564979538196], [-48.62728111887343, -2.2034055426598784], [-48.62736386091727, -2.2031798334533863], [-48.62743206097998, -2.2030328347613315], [-48.62745275549332, -2.202970709618851], [-48.627479648514075, -2.2028961627447052], [-48.62751686581923, -2.202805056859571], [-48.62754381130239, -2.202697358965666], [-48.62757276391085, -2.202622815378555], [-48.62761197193011, -2.2025752234813925], [-48.62771667587089, -2.20234414822384], [-48.62482387173993, -2.2012627380323933]]]}, "properties": {"id": 50, "Parcela": "C-101", "ANO": 2001, "Ha": 8.73, "PLANTAS": 1374, "VARIEDADE": "PB-121", "Rot_labels": -20, "auxiliary_": null, "auxiliar_1": null, "auxiliar_2": null}}, {"type": "Feature", "geometry": {"type": "Polygon", "coordinates": [[[-48.589443940861905, -2.186374386074246], [-48.58931061799357, -2.186669667214574], [-48.5892445211325, -2.186789729778749], [-48.58915982230158, -2.1869511999760256], [-48.58885200900022, -2.1875411897095978], [-48.588395458608794, -2.1884127147956067], [-48.58840971149942, -2.188454351740531], [-48.59052177627344, -2.1890938368472335], [-48.59054663793824, -2.1890626225343843], [-48.59059000403804, -2.188990176579608], [-48.59063753554002, -2.188888730923062], [-48.59068710008815, -2.1888038636479608], [-48.590734621639065, -2.188708633622287], [-48.59078422918787, -2.188596831855367], [-48.59086480585361, -2.1884374267037017], [-48.59094125018454, -2.1882863024037973], [-48.59102593593576, -2.1881331195114586], [-48.59119949587648, -2.1877832507570543], [-48.59129869087112, -2.1875720783365766], [-48.591331755857546, -2.1875016875212907], [-48.59136508837066, -2.187359048507937], [-48.591205032519056, -2.187466019197655], [-48.59113955069737, -2.1873958020258417], [-48.591135720962804, -2.1872267036426645], [-48.589443940861905, -2.186374386074246]]]}, "properties": {"id": 71, "Parcela": "C-152", "ANO": 1993, "Ha": 5.74, "PLANTAS": 874, "VARIEDADE": "PB-121", "Rot_labels": -20, "auxiliary_": null, "auxiliar_1": null, "auxiliar_2": null}}, {"type": "Feature", "geometry": {"type": "Polygon", "coordinates": [[[-48.590503719154036, -2.189129600663733], [-48.58861063680037, -2.188540903101154], [-48.58839642319163, -2.1885205502402125], [-48.58826745298346, -2.188609336698576], [-48.58730925564675, -2.1905292085722494], [-48.589288237739325, -2.1915418072997817], [-48.58990097599434, -2.190268365562462], [-48.59011484152248, -2.1898397951720776], [-48.59026770338687, -2.189623652955806], [-48.590503719154036, -2.189129600663733]]]}, "properties": {"id": 70, "Parcela": "C-151", "ANO": 1993, "Ha": 6.82, "PLANTAS": 1054, "VARIEDADE": "PB-121", "Rot_labels": -20, "auxiliary_": null, "auxiliar_1": null, "auxiliar_2": null}}, {"type": "Feature", "geometry": {"type": "Polygon", "coordinates": [[[-48.587288211858144, -2.1906052659877515], [-48.586697074933745, -2.191814067899672], [-48.58637070572984, -2.192414384219751], [-48.58622458202622, -2.1926963687025935], [-48.58822636283648, -2.193656497422547], [-48.588420602303856, -2.193292043322283], [-48.58864375594973, -2.192840734267087], [-48.588825585893375, -2.192472233463389], [-48.589085890363876, -2.191971259010263], [-48.589251422132214, -2.191589144174046], [-48.587288211858144, -2.1906052659877515]]]}, "properties": {"id": 45, "Parcela": "B-154", "ANO": 1993, "Ha": 6.32, "PLANTAS": 966, "VARIEDADE": "PB-121", "Rot_labels": -20, "auxiliary_": null, "auxiliar_1": null, "auxiliar_2": null}}, {"type": "Feature", "geometry": {"type": "Polygon", "coordinates": [[[-48.58621951244074, -2.1927241637262664], [-48.58514223877623, -2.194809629412855], [-48.58712914364367, -2.195794109012132], [-48.588137512720394, -2.1936978619838476], [-48.58621951244074, -2.1927241637262664]]]}, "properties": {"id": 44, "Parcela": "B-153", "ANO": 1993, "Ha": 6.28, "PLANTAS": 983, "VARIEDADE": "PB-121", "Rot_labels": -20, "auxiliary_": null, "auxiliar_1": null, "auxiliar_2": null}}, {"type": "Feature", "geometry": {"type": "Polygon", "coordinates": [[[-48.58707380347177, -2.195834460243257], [-48.585125686564325, -2.1948404889091457], [-48.58413303851049, -2.196890152420425], [-48.584138448455946, -2.19697731589379], [-48.58608053657619, -2.1979105072828427], [-48.58707380347177, -2.195834460243257]]]}, "properties": {"id": 43, "Parcela": "B-152", "ANO": 1993, "Ha": 6.27, "PLANTAS": 957, "VARIEDADE": "PB-121", "Rot_labels": -20, "auxiliary_": null, "auxiliar_1": null, "auxiliar_2": null}}, {"type": "Feature", "geometry": {"type": "Polygon", "coordinates": [[[-48.58407201471367, -2.196982150788736], [-48.583030985331455, -2.199070750330101], [-48.58501178328861, -2.200052144326899], [-48.58605533019475, -2.197961017638976], [-48.58407201471367, -2.196982150788736]]]}, "properties": {"id": 42, "Parcela": "B-151", "ANO": 1993, "Ha": 6.35, "PLANTAS": 972, "VARIEDADE": "PB-121", "Rot_labels": -20, "auxiliary_": null, "auxiliar_1": null, "auxiliar_2": null}}, {"type": "Feature", "geometry": {"type": "Polygon", "coordinates": [[[-48.58301835360073, -2.199113698301535], [-48.58196476034239, -2.2011997457242067], [-48.58392923411053, -2.2021760617186157], [-48.584981535473126, -2.2001127566347516], [-48.58301835360073, -2.199113698301535]]]}, "properties": {"id": 18, "Parcela": "A-154", "ANO": 1993, "Ha": 6.29, "PLANTAS": 983, "VARIEDADE": "PB-121", "Rot_labels": -20, "auxiliary_": null, "auxiliar_1": null, "auxiliar_2": null}}, {"type": "Feature", "geometry": {"type": "Polygon", "coordinates": [[[-48.58190006689321, -2.201232586969252], [-48.58082371356604, -2.2033120690834367], [-48.582873405749126, -2.2043140608812455], [-48.583890874655935, -2.2022401640687876], [-48.58190006689321, -2.201232586969252]]]}, "properties": {"id": 17, "Parcela": "A-153", "ANO": 1993, "Ha": 6.45, "PLANTAS": 1009, "VARIEDADE": "PB-121", "Rot_labels": -20, "auxiliary_": null, "auxiliar_1": null, "auxiliar_2": null}}, {"type": "Feature", "geometry": {"type": "Polygon", "coordinates": [[[-48.582857255646765, -2.204363181170602], [-48.580811191448944, -2.203346287126596], [-48.57975006211114, -2.2054247311721635], [-48.581778200723214, -2.206442569870952], [-48.582857255646765, -2.204363181170602]]]}, "properties": {"id": 16, "Parcela": "A-152", "ANO": 1993, "Ha": 6.55, "PLANTAS": 989, "VARIEDADE": "PB-121", "Rot_labels": -20, "auxiliary_": null, "auxiliar_1": null, "auxiliar_2": null}}, {"type": "Feature", "geometry": {"type": "Polygon", "coordinates": [[[-48.58881930476955, -2.187385745445191], [-48.588835803792676, -2.1872477323163055], [-48.588457317361765, -2.1870785212147563], [-48.588506799033155, -2.187045451063345], [-48.58854808892237, -2.1869833612779415], [-48.5885729820014, -2.186871519745592], [-48.58860301600167, -2.1866905899951594], [-48.588771206449024, -2.186552769883474], [-48.58884546862151, -2.186478302040495], [-48.588923651334795, -2.186528153639629], [-48.58917715082431, -2.186571916321655], [-48.58933335043901, -2.1863123444764985], [-48.58531090867417, -2.1842983100289564], [-48.58495944811146, -2.184992694856289], [-48.58471968240939, -2.1855309954955358], [-48.584281831034566, -2.186301025594881], [-48.58438085237928, -2.1864239357842816], [-48.58821089812183, -2.1883520050854983], [-48.58831745479455, -2.188372798440968], [-48.58881930476955, -2.187385745445191]]]}, "properties": {"id": 75, "Parcela": "C-162", "ANO": 2010, "Ha": 12.48, "PLANTAS": 1942, "VARIEDADE": "PB-121", "Rot_labels": -20, "auxiliary_": null, "auxiliar_1": null, "auxiliar_2": null}}, {"type": "Feature", "geometry": {"type": "Polygon", "coordinates": [[[-48.58820375945979, -2.188416822491479], [-48.58423738672636, -2.1864113309564956], [-48.58323370059223, -2.18852540769023], [-48.583336104367724, -2.188579188015404], [-48.58528559057197, -2.189535213456325], [-48.586187162231575, -2.189994279151583], [-48.58725739315471, -2.1905115859765285], [-48.587397788199056, -2.1902343573247074], [-48.587612675870936, -2.1897996099251196], [-48.58798046576899, -2.189054327317374], [-48.58811679246246, -2.1888059218899527], [-48.58817054568678, -2.1886775520657493], [-48.588211994706406, -2.1885160121732756], [-48.58820375945979, -2.188416822491479]]]}, "properties": {"id": 74, "Parcela": "C-161", "ANO": 2010, "Ha": 12.86, "PLANTAS": 2015, "VARIEDADE": "PB-121", "Rot_labels": -20, "auxiliary_": null, "auxiliar_1": null, "auxiliar_2": null}}, {"type": "Feature", "geometry": {"type": "Polygon", "coordinates": [[[-48.587157683067275, -2.1905292273985655], [-48.58318858920405, -2.1885462372599833], [-48.58305683023464, -2.1887668955430253], [-48.58215438193256, -2.190629247513897], [-48.58441737982324, -2.191773055605264], [-48.586124195281876, -2.1926254339212643], [-48.587157683067275, -2.1905292273985655]]]}, "properties": {"id": 49, "Parcela": "B-164", "ANO": 2007, "Ha": 12.78, "PLANTAS": 1986, "VARIEDADE": "PB-123", "Rot_labels": -20, "auxiliary_": null, "auxiliar_1": null, "auxiliar_2": null}}, {"type": "Feature", "geometry": {"type": "Polygon", "coordinates": [[[-48.58605383703825, -2.1926303748988807], [-48.582147557734764, -2.1906474793040394], [-48.581128786565394, -2.192664855810085], [-48.58115251301629, -2.19275755371265], [-48.58367183013753, -2.1940286291716946], [-48.5850605237095, -2.1947392803954435], [-48.586063220718366, -2.1927971833384374], [-48.58605383703825, -2.1926303748988807]]]}, "properties": {"id": 48, "Parcela": "B-163", "ANO": 2007, "Ha": 12.75, "PLANTAS": 1984, "VARIEDADE": "PB-123", "Rot_labels": -20, "auxiliary_": null, "auxiliar_1": null, "auxiliar_2": null}}, {"type": "Feature", "geometry": {"type": "Polygon", "coordinates": [[[-48.58400106227737, -2.196884191912579], [-48.58503031681841, -2.1947746172370715], [-48.58112901562563, -2.1928220530987663], [-48.581013481424165, -2.1927965896510213], [-48.57999008353016, -2.1948624663385647], [-48.58400106227737, -2.196884191912579]]]}, "properties": {"id": 47, "Parcela": "B-162", "ANO": 2006, "Ha": 12.91, "PLANTAS": 1974, "VARIEDADE": "PB-121", "Rot_labels": -20, "auxiliary_": null, "auxiliar_1": null, "auxiliar_2": null}}, {"type": "Feature", "geometry": {"type": "Polygon", "coordinates": [[[-48.583981670071886, -2.1969162871271517], [-48.57997495974524, -2.19489277238902], [-48.579653649794444, -2.195544429137114], [-48.579674111669455, -2.1956273373070467], [-48.579657488696895, -2.1957184725469094], [-48.57955439222425, -2.195792891931197], [-48.5794552947104, -2.195941905154006], [-48.57940022253353, -2.1960646220691404], [-48.57931892547898, -2.1962151698312984], [-48.57927345570151, -2.196314545501248], [-48.57922808601899, -2.1963517652192186], [-48.57911797601736, -2.1965898934826957], [-48.57901757363104, -2.1966249089171836], [-48.578882782172954, -2.196952258693513], [-48.58055955262163, -2.1977954576264405], [-48.582923008447516, -2.1990326609676725], [-48.583981670071886, -2.1969162871271517]]]}, "properties": {"id": 46, "Parcela": "B-161", "ANO": 2006, "Ha": 12.93, "PLANTAS": 1972, "VARIEDADE": "PB-121", "Rot_labels": -20, "auxiliary_": null, "auxiliar_1": null, "auxiliar_2": null}}, {"type": "Feature", "geometry": {"type": "Polygon", "coordinates": [[[-48.58288777633698, -2.1990679894240266], [-48.57888617462603, -2.1969939242766956], [-48.578742701627114, -2.1972170154521775], [-48.578709682391285, -2.1972583989900376], [-48.5787054498082, -2.197328835646873], [-48.57868062193304, -2.197399238711464], [-48.57863623186782, -2.1974675379953235], [-48.57857016665035, -2.1975668799543953], [-48.57852874897026, -2.197707699492154], [-48.578497732457066, -2.197784308048083], [-48.578456421631884, -2.1978588279352085], [-48.57842944399399, -2.1979851679270426], [-48.57836125570989, -2.19812387187977], [-48.57827656109793, -2.198281195696149], [-48.57820226434423, -2.198376380400134], [-48.57813002042479, -2.1984757121774603], [-48.57809697438753, -2.198533670555303], [-48.5780824173256, -2.1986206652677365], [-48.57804521211479, -2.1987034792696565], [-48.57800389452102, -2.198782142815823], [-48.57795843446332, -2.198875302670457], [-48.577898581085364, -2.198953935939976], [-48.577873773133, -2.199011907741766], [-48.577850011655954, -2.199059521909409], [-48.57781694551903, -2.199129911429487], [-48.57978780775938, -2.2001087202414604], [-48.58186738437089, -2.201132895264989], [-48.58288777633698, -2.1990679894240266]]]}, "properties": {"id": 22, "Parcela": "A-164", "ANO": 2007, "Ha": 13.02, "PLANTAS": 2021, "VARIEDADE": "PB-121", "Rot_labels": -20, "auxiliary_": null, "auxiliar_1": null, "auxiliar_2": null}}, {"type": "Feature", "geometry": {"type": "Polygon", "coordinates": [[[-48.58182910102391, -2.2011894141316466], [-48.57780729544039, -2.1991810248754016], [-48.57772186227005, -2.1991859404683365], [-48.57768380495052, -2.199316162118248], [-48.57760524856895, -2.199498358177604], [-48.5775556325841, -2.199614301722674], [-48.577386242749526, -2.1999289488571234], [-48.577233389254936, -2.2002063293072562], [-48.577043296803936, -2.200587242152653], [-48.577018368264554, -2.200719800877805], [-48.57705224655207, -2.200801234875716], [-48.57758434222502, -2.2013299968035374], [-48.57765790194392, -2.201474462587049], [-48.577759270375594, -2.201693333200977], [-48.57793491706214, -2.2018351632785307], [-48.579476113790875, -2.2026379701388623], [-48.58030568268989, -2.2030317317843386], [-48.58081616869627, -2.20326611974594], [-48.58182910102391, -2.2011894141316466]]]}, "properties": {"id": 21, "Parcela": "A-163", "ANO": 2010, "Ha": 12.53, "PLANTAS": 1949, "VARIEDADE": "PB-121", "Rot_labels": -20, "auxiliary_": null, "auxiliar_1": null, "auxiliar_2": null}}, {"type": "Feature", "geometry": {"type": "Polygon", "coordinates": [[[-48.578644016170394, -2.202259687610977], [-48.578556067682285, -2.202475114892054], [-48.57848578908032, -2.202632462032727], [-48.578517508801184, -2.202805432346846], [-48.578431430968315, -2.2031337654171983], [-48.57836515077442, -2.203365706316787], [-48.57831540040313, -2.203564524332369], [-48.578211746966915, -2.2039828722034835], [-48.57823535207412, -2.204049790736275], [-48.57995229378999, -2.204876523657884], [-48.580134458837556, -2.2045412785226093], [-48.58034521489299, -2.2041189613288164], [-48.58076787712672, -2.203329787225471], [-48.578644016170394, -2.202259687610977]]]}, "properties": {"id": 20, "Parcela": "A-162", "ANO": 2010, "Ha": 4.71, "PLANTAS": 733, "VARIEDADE": "PB-121", "Rot_labels": -20, "auxiliary_": null, "auxiliar_1": null, "auxiliar_2": null}}, {"type": "Feature", "geometry": {"type": "Polygon", "coordinates": [[[-48.60846363326721, -2.1924410812172805], [-48.60266735280845, -2.1902645395569738], [-48.602469837583804, -2.1907124433937337], [-48.60237455735587, -2.1910520825158906], [-48.60227534915161, -2.1912715447346787], [-48.60198570510775, -2.192091552612585], [-48.60184508110825, -2.1924274052944845], [-48.60764548094002, -2.1946039646198283], [-48.60789361760348, -2.194007222025026], [-48.60846363326721, -2.1924410812172805]]]}, "properties": {"id": 63, "Parcela": "C-132", "ANO": 2000, "Ha": 17.66, "PLANTAS": 2593, "VARIEDADE": "PB-141", "Rot_labels": -20, "auxiliary_": null, "auxiliar_1": null, "auxiliar_2": null}}, {"type": "Feature", "geometry": {"type": "Polygon", "coordinates": [[[-48.610151500025204, -2.187906625505612], [-48.61066624626527, -2.1865254777292895], [-48.61017408449605, -2.186337646093359], [-48.610053530632, -2.1863071216444574], [-48.6099931866947, -2.18633419681998], [-48.609856170844, -2.186300291635135], [-48.609651833560775, -2.1861112201495008], [-48.609481008012104, -2.186093885115234], [-48.60943090130478, -2.186002810832672], [-48.60698029294037, -2.184972674616982], [-48.60689652618848, -2.1850864282586895], [-48.60686753488894, -2.1851858335929295], [-48.60674544353645, -2.1852464844616892], [-48.60642244996786, -2.1851647436978587], [-48.60497084658293, -2.1846054775390047], [-48.604948276753795, -2.1846541889403692], [-48.60491580071461, -2.1847268833679774], [-48.604874465187265, -2.1848179810867094], [-48.60482064753284, -2.184987791337258], [-48.60463038036859, -2.185484744298012], [-48.60456031617492, -2.1855094947661113], [-48.604461838721605, -2.185780234870889], [-48.610151500025204, -2.187906625505612]]]}, "properties": {"id": 89, "Parcela": "D-131", "ANO": 2000, "Ha": 10.8, "PLANTAS": 1559, "VARIEDADE": "PB-141", "Rot_labels": -20, "auxiliary_": null, "auxiliar_1": null, "auxiliar_2": null}}, {"type": "Feature", "geometry": {"type": "Polygon", "coordinates": [[[-48.60445634842118, -2.1858299074013616], [-48.60352640037021, -2.1881159721973753], [-48.6071820233747, -2.18947687521102], [-48.60738318787219, -2.1894428335648675], [-48.609292559233324, -2.1901222763225614], [-48.609409856199235, -2.189867899871592], [-48.60952070484228, -2.189583948312854], [-48.60964147353347, -2.189271559528466], [-48.60975316948842, -2.1889692388357274], [-48.609852435726765, -2.188712480327753], [-48.60998894473664, -2.1883480417899195], [-48.61007165551755, -2.1881409826543665], [-48.61012124543686, -2.187972294938975], [-48.60445634842118, -2.1858299074013616]]]}, "properties": {"id": 65, "Parcela": "C-134", "ANO": 2000, "Ha": 18.07, "PLANTAS": 2682, "VARIEDADE": "PB-141", "Rot_labels": -20, "auxiliary_": null, "auxiliar_1": null, "auxiliar_2": null}}, {"type": "Feature", "geometry": {"type": "Polygon", "coordinates": [[[-48.6092630619485, -2.190179247752066], [-48.60734485176203, -2.1894698867270885], [-48.60718319182416, -2.189489951731645], [-48.60351403646475, -2.188120096137567], [-48.603476819685994, -2.1882112002387784], [-48.60342715341349, -2.1883602977253225], [-48.60335271321338, -2.1885466496960015], [-48.60324925484014, -2.18884898177436], [-48.60319964773231, -2.1889607849732484], [-48.603133412693765, -2.1891678691344683], [-48.603079686435514, -2.189279665681782], [-48.602988631262136, -2.189553010884958], [-48.60288935096403, -2.1898180551836495], [-48.60282741934642, -2.1899091194068174], [-48.60276544817967, -2.190025046431215], [-48.60267848092712, -2.190219978886446], [-48.60849128395399, -2.1923675400799945], [-48.60857413869809, -2.1921684561563297], [-48.608685848787026, -2.191857848387937], [-48.60885132455631, -2.1914105805059663], [-48.6089754378127, -2.1910709856887562], [-48.60908298236879, -2.190789377839448], [-48.60923193506888, -2.1903710899503195], [-48.6092630619485, -2.190179247752066]]]}, "properties": {"id": 64, "Parcela": "C-133", "ANO": 2000, "Ha": 17.22, "PLANTAS": 2658, "VARIEDADE": "PB-141", "Rot_labels": -20, "auxiliary_": null, "auxiliar_1": null, "auxiliar_2": null}}, {"type": "Feature", "geometry": {"type": "Polygon", "coordinates": [[[-48.60107606076224, -2.2125897096459024], [-48.59656393749239, -2.210907944069039], [-48.596528216504346, -2.211246582511007], [-48.59659829949793, -2.211413517423895], [-48.59639262803654, -2.2111907547014704], [-48.596447804026134, -2.2109165195269327], [-48.59622662007361, -2.2107924327713637], [-48.595988200797905, -2.2111879688560387], [-48.59592271205801, -2.21112187472562], [-48.59607181859674, -2.2106948251458256], [-48.59249039557485, -2.2093847553988244], [-48.591695788062594, -2.211563125227033], [-48.60025432295664, -2.21477474293812], [-48.60039236624397, -2.214090097066236], [-48.60010577898422, -2.214185678832888], [-48.600075725822144, -2.2141249676394628], [-48.599914954096285, -2.2141044850059948], [-48.59980032427356, -2.2141100029674705], [-48.599673853516144, -2.2140383748291645], [-48.599333841809, -2.2140713840175907], [-48.59922602011908, -2.2143235268803902], [-48.5991974749278, -2.21422862322957], [-48.59914839800505, -2.2141543072401317], [-48.59891473476981, -2.214141553788759], [-48.598845159350574, -2.2140672044022813], [-48.59922249815792, -2.213964713718837], [-48.599841460756544, -2.214023461253766], [-48.60046468267924, -2.2139832340698025], [-48.60055908215959, -2.2139174001623645], [-48.60107606076224, -2.2125897096459024]]]}, "properties": {"id": 7, "Parcela": "A-131", "ANO": 2002, "Ha": 25.79, "PLANTAS": 3994, "VARIEDADE": "PB-123", "Rot_labels": -20, "auxiliary_": null, "auxiliar_1": null, "auxiliar_2": null}}, {"type": "Feature", "geometry": {"type": "Polygon", "coordinates": [[[-48.59708798348485, -2.195801591045817], [-48.58877132846755, -2.192705626741444], [-48.58769054914208, -2.194887485810003], [-48.59615690260996, -2.1980361240684734], [-48.59620271132515, -2.198030630271442], [-48.59618436919105, -2.197852583504542], [-48.59612878797303, -2.1976651071158035], [-48.596175790314035, -2.1973934729880322], [-48.59636252524568, -2.1971033264210584], [-48.5965957676924, -2.19685073231184], [-48.59677293420902, -2.1967198485338417], [-48.59692201035291, -2.196682612486862], [-48.59701540016202, -2.1965234850888704], [-48.597155672028435, -2.196167677670619], [-48.597133260950685, -2.1958823599459185], [-48.59708798348485, -2.195801591045817]]]}, "properties": {"id": 40, "Parcela": "B-143", "ANO": 2001, "Ha": 26.65, "PLANTAS": 3924, "VARIEDADE": "PB-141", "Rot_labels": -20, "auxiliary_": null, "auxiliar_1": null, "auxiliar_2": null}}, {"type": "Feature", "geometry": {"type": "Polygon", "coordinates": [[[-48.593217230797606, -2.207220980086563], [-48.58602392698387, -2.2045794829639824], [-48.58587786030335, -2.204539576510054], [-48.58584528902526, -2.20460019231057], [-48.5858312890604, -2.2046515047253257], [-48.58580335684168, -2.204712128089282], [-48.585773071223976, -2.2047937483957565], [-48.58568016194704, -2.204872933086456], [-48.585622087059996, -2.2049265069845387], [-48.58410164645346, -2.2054925066660496], [-48.58350308668816, -2.205850442771515], [-48.58352440491709, -2.205968887104483], [-48.58732151536909, -2.2073938084887463], [-48.59242035617936, -2.2093345078367497], [-48.592737217065135, -2.208578256055408], [-48.593217230797606, -2.207220980086563]], [[-48.58478040858757, -2.2044787978080023], [-48.58513779813329, -2.204100246220366], [-48.58504996988436, -2.204031858642285], [-48.58338011007602, -2.203430100761561], [-48.58286485728099, -2.204492656348133], [-48.582790323511944, -2.2046838746680835], [-48.582734594557536, -2.204721118271036], [-48.58268112862341, -2.2047933667956343], [-48.582606572178385, -2.2049985855170346], [-48.58250641043248, -2.205259764326322], [-48.58245299343774, -2.2053016784950925], [-48.58243206115117, -2.205336645507143], [-48.58237619271916, -2.205460225177641], [-48.58252246761946, -2.2055265760675136], [-48.5827385851661, -2.2055016536764134], [-48.582959760431756, -2.20545651901746], [-48.583085927346545, -2.2054870526567134], [-48.58310926958553, -2.2053960875741696], [-48.58313025461254, -2.205328452797234], [-48.583148927639, -2.2052561474081958], [-48.58317922091211, -2.205169860504817], [-48.58320251038511, -2.2051115631492397], [-48.58329731141084, -2.2049161722474215], [-48.58393064613777, -2.204805993865554], [-48.58425237939616, -2.204725637164235], [-48.584433574543894, -2.2045439483523657], [-48.58478040858757, -2.2044787978080023]], [[-48.58197508300643, -2.206381029320658], [-48.58213086234941, -2.2063854082565246], [-48.58217604493866, -2.206331867912856], [-48.58208609961501, -2.206179126476934], [-48.58201642587692, -2.2061666400277273], [-48.58199682207458, -2.206256465953603], [-48.58197508300643, -2.206381029320658]]]}, "properties": {"id": 12, "Parcela": "A-142", "ANO": 2001, "Ha": 26.61, "PLANTAS": 4422, "VARIEDADE": "PB-121", "Rot_labels": -20, "auxiliary_": null, "auxiliar_1": null, "auxiliar_2": null}}, {"type": "Feature", "geometry": {"type": "Polygon", "coordinates": [[[-48.589444746428114, -2.1860844821698575], [-48.589477409160516, -2.1859537722633644], [-48.58940012236423, -2.1855742215037015], [-48.58935194198507, -2.185288064847603], [-48.58932710738492, -2.18510603940618], [-48.589181785782344, -2.184853047349992], [-48.58920709626084, -2.1847368198199453], [-48.589087549729776, -2.184625513319988], [-48.589247836529225, -2.184398190686703], [-48.589228026833545, -2.184216173383303], [-48.58881198520396, -2.1841916668437618], [-48.58852099317315, -2.184141706711758], [-48.588193104403274, -2.184072958409482], [-48.587791008512106, -2.18413297076201], [-48.587339297108095, -2.184212006958567], [-48.58720015662582, -2.1841931147853586], [-48.586801086243334, -2.184131371598533], [-48.58669899470443, -2.184285641958104], [-48.58661547021302, -2.1842995075194476], [-48.58655516311792, -2.1842994100605613], [-48.58631847794783, -2.184262025297248], [-48.58615623091711, -2.1842847647765655], [-48.586077278788764, -2.1842616354529785], [-48.585946605039695, -2.18427658963888], [-48.58589116875137, -2.1843776027362662], [-48.58586372012784, -2.184442964606234], [-48.585881296429406, -2.184266373798251], [-48.58547937066493, -2.1842202278297136], [-48.5854648924843, -2.184362983493678], [-48.58570814316541, -2.1844712212217248], [-48.58935392085969, -2.186267011571579], [-48.589444746428114, -2.1860844821698575]], [[-48.58967505583204, -2.1856601703369276], [-48.59019625289939, -2.1846413036004315], [-48.5901940561826, -2.1845642969059087], [-48.59023815292431, -2.1845480340675603], [-48.590289316097476, -2.1844641131911406], [-48.590349809387874, -2.1843475393548935], [-48.59033598905489, -2.184286847900509], [-48.59034770937116, -2.184209863653104], [-48.59041966998193, -2.1841749783191555], [-48.59045224727835, -2.1841096948601906], [-48.59051745392775, -2.1839464600038148], [-48.59057796202236, -2.1838205524210377], [-48.59060131331716, -2.1837225860483223], [-48.590587522699884, -2.183643227203159], [-48.5905528564954, -2.183563834690567], [-48.59045544454436, -2.183559010718901], [-48.59037884495936, -2.1835938886058814], [-48.59029067758282, -2.1836100803937892], [-48.59018392066491, -2.183647243045979], [-48.59008647154084, -2.1836657532715886], [-48.58999361680085, -2.1837122720416238], [-48.58990074717976, -2.1837681244885987], [-48.589807922199036, -2.1837959758566807], [-48.58963616697022, -2.183865701552513], [-48.58953400442862, -2.1839308726656914], [-48.589403985458866, -2.1840099993684534], [-48.58940846073749, -2.184112677398089], [-48.58939432783944, -2.1842479933765655], [-48.58934783346255, -2.184313254293127], [-48.58938480416755, -2.184401984211253], [-48.58938464039903, -2.184504654751471], [-48.58936595777428, -2.184583961121283], [-48.589347223028845, -2.1846959353867477], [-48.589347036899696, -2.1848126064514592], [-48.58936082738209, -2.1848919652461594], [-48.58939314415423, -2.184990021375014], [-48.589420851689034, -2.185069402645726], [-48.589453161011356, -2.1851721256245726], [-48.58949942462417, -2.185251536865563], [-48.589536439983654, -2.1853122657552317], [-48.589536298497556, -2.1854009357761046], [-48.58954549462393, -2.185452286034525], [-48.58956385708391, -2.1855736539263235], [-48.58958227911704, -2.1856576870742757], [-48.58967505583204, -2.1856601703369276]]]}, "properties": {"id": 76, "Parcela": "C-163", "ANO": 2010, "Ha": 6.97, "PLANTAS": 1068, "VARIEDADE": "PB-121", "Rot_labels": -20, "auxiliary_": null, "auxiliar_1": null, "auxiliar_2": null}}, {"type": "Feature", "geometry": {"type": "Polygon", "coordinates": [[[-48.59081257091803, -2.1836085887134145], [-48.59053961526869, -2.1841778487650156], [-48.59079595902642, -2.1843392155614545], [-48.59145958142081, -2.184661973684041], [-48.591545955682555, -2.184484772351021], [-48.59160732481879, -2.1845632311575276], [-48.5916316332189, -2.184744735232131], [-48.59244506518687, -2.185146457149683], [-48.59253026829787, -2.1851421080601763], [-48.5925210202633, -2.1847826081149178], [-48.59242791369158, -2.1844628958110643], [-48.59245356216503, -2.184378933586919], [-48.59246991770801, -2.184304290108758], [-48.592542175214305, -2.1841204162358374], [-48.5924322128398, -2.183751212312759], [-48.59243263144606, -2.1834883446745046], [-48.592320490982424, -2.1834616800990054], [-48.592264882144015, -2.1834242555621053], [-48.59221385287967, -2.183424173322928], [-48.59217674863899, -2.1834191210846376], [-48.591935349457785, -2.1833662194164383], [-48.59108606820751, -2.1834002364139224], [-48.59095322913477, -2.1834074001752946], [-48.59089165734299, -2.183468710454443], [-48.59081257091803, -2.1836085887134145]]]}, "properties": {"id": 73, "Parcela": "C-154", "ANO": 1993, "Ha": 2.86, "PLANTAS": 437, "VARIEDADE": "PB-121", "Rot_labels": -20, "auxiliary_": null, "auxiliar_1": null, "auxiliar_2": null}}, {"type": "Feature", "geometry": {"type": "Polygon", "coordinates": [[[-48.60119789878663, -2.2107026238754464], [-48.601109348016, -2.2107965441994106], [-48.60098135347961, -2.2107053426841183], [-48.60085079361386, -2.2106469957367314], [-48.600705398793785, -2.2106889947174233], [-48.598955798511234, -2.2109699728796826], [-48.59877036466324, -2.211015642083479], [-48.598903111987525, -2.2109218629070484], [-48.599745633305204, -2.210736630074914], [-48.6007448005785, -2.210601823314986], [-48.600840820099684, -2.2106180392872363], [-48.60099398532273, -2.210662394104093], [-48.6010216939902, -2.210651001595235], [-48.60114481624354, -2.2106146149952015], [-48.60113785236305, -2.2105391849797806], [-48.60118430371393, -2.210501925336417], [-48.60126818354323, -2.2104581046081897], [-48.601364050627886, -2.210215611231964], [-48.60122856708499, -2.2100940664583435], [-48.59768296319465, -2.208763843416844], [-48.597568317324075, -2.208918637202312], [-48.59756821979756, -2.208979306504595], [-48.597563475644705, -2.209044635128969], [-48.59742123507665, -2.2090262868753245], [-48.597396332234, -2.209128367056889], [-48.59734985848747, -2.2091796271305757], [-48.59732192621388, -2.2092402511310514], [-48.597275407434694, -2.2093195124059326], [-48.59721038469518, -2.20936607539862], [-48.59715450510425, -2.209496657106708], [-48.5970706931867, -2.2096878627766894], [-48.59701009184979, -2.209869772442395], [-48.5969309039564, -2.2100703193469258], [-48.59687500924228, -2.2102102347213326], [-48.59681906194135, -2.210382818149032], [-48.59679103946581, -2.2104994444897463], [-48.596776986917774, -2.2105834254242342], [-48.596772182568756, -2.210686088933576], [-48.59675355096851, -2.2107327273769886], [-48.59668859572666, -2.210737288463952], [-48.59661436975198, -2.2107371675695595], [-48.59651224895159, -2.2107743362589476], [-48.596516775399934, -2.2108443468004717], [-48.60107139766605, -2.2125228300247266], [-48.601139559241794, -2.21236394319934], [-48.601172153284985, -2.212289325925076], [-48.60136322076154, -2.211752943879811], [-48.60172659582439, -2.2108061549503644], [-48.60176391131865, -2.2106802094111093], [-48.60179564734179, -2.2105676485049743], [-48.601295380676355, -2.2106654471867935], [-48.601216515314505, -2.2106653189866177], [-48.60119789878663, -2.2107026238754464]], [[-48.59480193922526, -2.2098241743946754], [-48.59465999150412, -2.2097712203431494], [-48.594640053887, -2.209670084524716], [-48.59449143420603, -2.209627659868466], [-48.594514704907134, -2.2095810290742284], [-48.59455654708236, -2.20952509479357], [-48.59454274995804, -2.209450402375204], [-48.5945661558803, -2.2093197681124392], [-48.59449662930647, -2.2092823198762366], [-48.59444556151585, -2.2093055710338705], [-48.59437126811538, -2.2093474518304266], [-48.59431089956083, -2.209384688436457], [-48.59423200461672, -2.2094032273692354], [-48.594162372868006, -2.209431115129408], [-48.59407416213294, -2.2094729732170584], [-48.59400456795971, -2.2094775266774036], [-48.59397217685169, -2.20942613833076], [-48.59393054509899, -2.2093514005820194], [-48.5938563193442, -2.209351279624805], [-48.593874928386676, -2.2093186418678004], [-48.59382865752984, -2.2092438965652024], [-48.59373126630179, -2.209225070384386], [-48.59373597304434, -2.2091830762385265], [-48.59371224470469, -2.209031422488784], [-48.59379429131802, -2.208998562523102], [-48.59390785300842, -2.209038683378551], [-48.593954191501, -2.2090714269636313], [-48.59402379316501, -2.209062206627771], [-48.59407490601309, -2.2090109543384884], [-48.5941166805359, -2.208997021788175], [-48.59423734245943, -2.2089692171413806], [-48.594339440436684, -2.208946049110083], [-48.59444619255166, -2.2089135549075354], [-48.59451121520996, -2.2088669921095674], [-48.59456226795745, -2.2088530746500328], [-48.59467825323363, -2.2088485966865687], [-48.594761802293114, -2.208820731527279], [-48.59484427300218, -2.2087115782681703], [-48.59500785542431, -2.2087091272824706], [-48.59506358483525, -2.2086718830446004], [-48.595137923250924, -2.208602000988096], [-48.595184351909126, -2.2085787422148586], [-48.59524017891612, -2.208480828761598], [-48.595305299148414, -2.2083735966789377], [-48.59540276553368, -2.2083457540968525], [-48.59549095369783, -2.2083178964018106], [-48.59559768330068, -2.208299402626689], [-48.59566739758185, -2.2082201792188343], [-48.595735481452245, -2.2081376245934985], [-48.595711361504456, -2.2080449041957215], [-48.59331900894246, -2.207154304217368], [-48.59324719532904, -2.2073388672708263], [-48.59318665418976, -2.2074834415418394], [-48.59308877486037, -2.2077679609678094], [-48.59279053481221, -2.2085981771286898], [-48.59252497075017, -2.2093024408023387], [-48.59250710467171, -2.209342002632916], [-48.592773914777716, -2.2094418955775725], [-48.59616560258241, -2.2106661303892245], [-48.59627169072313, -2.2106180593605216], [-48.59649905070952, -2.2100785543330423], [-48.59645919779073, -2.2096376611470476], [-48.59664925382655, -2.2092391564194838], [-48.59679675797448, -2.2090922518119753], [-48.597007268938896, -2.2087403829676737], [-48.59712041951053, -2.2085961074803437], [-48.59627177053134, -2.2082256990069618], [-48.59615884339741, -2.2084076540622815], [-48.596140136843246, -2.2085009611546527], [-48.59608405514131, -2.2085552435322087], [-48.595998433310314, -2.2086764283006164], [-48.595857669521614, -2.208714112962145], [-48.59585195628282, -2.2088458409353438], [-48.595810024073366, -2.2089577776878206], [-48.5957773775883, -2.2090650626747164], [-48.59549867025761, -2.2092886188615357], [-48.5954289708849, -2.209358508471635], [-48.59547994526397, -2.2092367081330817], [-48.59551554392208, -2.2089738972669175], [-48.595485346129266, -2.2089199140819047], [-48.59542502263409, -2.2089291496111563], [-48.59535527073257, -2.2090317072652432], [-48.59532191084943, -2.2090772129478773], [-48.595192759075395, -2.209120113224536], [-48.59515094697355, -2.209157380117928], [-48.595099819090116, -2.209217966201325], [-48.595067255166505, -2.2092739156412358], [-48.59497240208034, -2.20924093671759], [-48.59478845013737, -2.2095581407108402], [-48.59476974342386, -2.2096514476744678], [-48.59479282629392, -2.2097214883618648], [-48.59480193922526, -2.2098241743946754]]]}, "properties": {"id": 8, "Parcela": "A-132", "ANO": 2002, "Ha": 22.42, "PLANTAS": 3417, "VARIEDADE": "PB-121", "Rot_labels": -20, "auxiliary_": null, "auxiliar_1": null, "auxiliar_2": null}}, {"type": "Feature", "geometry": {"type": "Polygon", "coordinates": [[[-48.594039587071144, -2.2050113895508265], [-48.594071895201935, -2.204883547598848], [-48.588856039279364, -2.202938312958668], [-48.588692765487316, -2.203011105581506], [-48.588599938987656, -2.2030389555232652], [-48.5885302477673, -2.203104177940169], [-48.58835848194146, -2.2031785677942617], [-48.58828422675299, -2.203197114246703], [-48.58820068591247, -2.2032203124175536], [-48.58813563374932, -2.2032855423440356], [-48.58806598007215, -2.2033274305187756], [-48.58795916874839, -2.203397259242549], [-48.58792215385209, -2.2033365299031455], [-48.58785253022927, -2.2033597507135108], [-48.58779215469363, -2.203401653979493], [-48.58775954595235, -2.2034856041159285], [-48.58772223050215, -2.2036115482103384], [-48.58764318594249, -2.2037234237488406], [-48.58767547155658, -2.2038401475602374], [-48.587684614418535, -2.203924165722834], [-48.58772623077979, -2.204008236812896], [-48.58774461419941, -2.2041156042807653], [-48.58769348669039, -2.2041761899705437], [-48.587679426654894, -2.204264837162462], [-48.58767929134788, -2.2043488402033673], [-48.58770711075106, -2.204358219247627], [-48.58764666748906, -2.204442123977463], [-48.58760015647324, -2.204516717715827], [-48.587539607933415, -2.204665958118876], [-48.587506976521595, -2.2047639087072386], [-48.58739544324855, -2.2048850648628946], [-48.587307323414585, -2.2048709206240447], [-48.58695529538531, -2.2045343336496184], [-48.586987979435705, -2.204403715275096], [-48.587112605521234, -2.204126215209518], [-48.58669566471864, -2.2040395980665264], [-48.58630304999727, -2.204100037372947], [-48.586273946333215, -2.2041645417954876], [-48.586236758582615, -2.204211149573653], [-48.586153890789866, -2.2042402881012726], [-48.58609839526047, -2.204376686231281], [-48.58594249345545, -2.204454154609447], [-48.58592668016507, -2.204522373127171], [-48.58596713601975, -2.204556056104451], [-48.58606451130535, -2.204584216014798], [-48.586398343713206, -2.2046967648248645], [-48.58772200545109, -2.2051912758922403], [-48.587965406555924, -2.205285009762388], [-48.58838963779503, -2.205437374088159], [-48.58884399694843, -2.205606121484183], [-48.589349359939135, -2.205791285979044], [-48.589692449195354, -2.205917850266082], [-48.589947452318974, -2.206009269558154], [-48.590267361401125, -2.2061264623273837], [-48.5906591313893, -2.2062717733286745], [-48.59103931509518, -2.206410065142386], [-48.5915678597803, -2.206604600970757], [-48.59205931830887, -2.206782742329907], [-48.59262610799585, -2.2069948411157654], [-48.593166243871615, -2.2071940625716433], [-48.59322652026337, -2.2072139949138023], [-48.59325673637222, -2.2071755424674175], [-48.59335920206274, -2.2069236984886205], [-48.59361082443859, -2.2062334116630176], [-48.59385784469371, -2.205519782701448], [-48.594039587071144, -2.2050113895508265]], [[-48.58768002353464, -2.202486918691792], [-48.584473574418524, -2.2012625461762703], [-48.58339243780661, -2.2033895956073053], [-48.58529109868082, -2.2040777482497953], [-48.58538169946271, -2.20395745385112], [-48.586051014613986, -2.2033191541682737], [-48.58636675513326, -2.2032497007517566], [-48.586924584735044, -2.203077394182767], [-48.58719567876869, -2.202756149350082], [-48.58768002353464, -2.202486918691792]]]}, "properties": {"id": 13, "Parcela": "A-143", "ANO": 2001, "Ha": 27.56, "PLANTAS": 4017, "VARIEDADE": "PB-141", "Rot_labels": -20, "auxiliary_": null, "auxiliar_1": null, "auxiliar_2": null}}, {"type": "Feature", "geometry": {"type": "Polygon", "coordinates": [[[-48.60090803586621, -2.207466110527165], [-48.59982838299141, -2.2069992802596445], [-48.599690412980976, -2.206939453139224], [-48.59931937314547, -2.206882847914554], [-48.59909992088072, -2.206886883144888], [-48.59874277322709, -2.207113786197615], [-48.59840070895343, -2.2073356583747685], [-48.59827003223845, -2.2074462099275562], [-48.5982050695877, -2.2074554381154066], [-48.59814935519507, -2.2074833488655803], [-48.598107498192896, -2.207548617203144], [-48.59806560370531, -2.2076372198914465], [-48.597991220384195, -2.207735103525373], [-48.597958581622656, -2.207837721893009], [-48.59796773240891, -2.20791707378117], [-48.5979861764255, -2.2079871070131993], [-48.59800452296977, -2.208117809569321], [-48.59800432052194, -2.2082438150851], [-48.59792996712203, -2.2083230311948245], [-48.59785099709128, -2.2083882391366707], [-48.597785929416304, -2.208462803440708], [-48.597711538492, -2.2085653538641132], [-48.59766030565174, -2.2086912763496196], [-48.60133097632608, -2.2100803311092925], [-48.60134439516099, -2.209754315711976], [-48.60137703034084, -2.2095647764022655], [-48.601347358395955, -2.2092664718931054], [-48.60118677359607, -2.2091297208630847], [-48.601061843400316, -2.208694771526333], [-48.60101185994891, -2.2085278690584436], [-48.60107291578571, -2.2080578354953584], [-48.6009278362635, -2.2076531847057477], [-48.60090803586621, -2.207466110527165]], [[-48.59640853160496, -2.2081992175971528], [-48.5971576157688, -2.208511493793422], [-48.59728895909, -2.2080820174441125], [-48.59728265272886, -2.2077066603289706], [-48.59722948642201, -2.2075662927311748], [-48.59712865953937, -2.207537692111106], [-48.59707300515658, -2.2075282678528048], [-48.596998756823126, -2.2075421477557042], [-48.5967853050658, -2.207574468788737], [-48.596724921583565, -2.207621039372629], [-48.59670626012314, -2.207686345323715], [-48.59668760615895, -2.2077469844062576], [-48.59663183177514, -2.2078122299859553], [-48.5965528243064, -2.2079007721560058], [-48.596501674019414, -2.2079753589962023], [-48.59645977194411, -2.208068628386204], [-48.59643647883705, -2.2081292599014293], [-48.59640853160496, -2.2081992175971528]], [[-48.593326425895434, -2.207104480307799], [-48.59570627197692, -2.2079429529851486], [-48.59572610593848, -2.2077180301620745], [-48.59553497346218, -2.2078289328914353], [-48.59549495966018, -2.2077125988664115], [-48.595231117790796, -2.2077273350013638], [-48.59493286260378, -2.2076586048001663], [-48.59521722913507, -2.207606919318945], [-48.59530550353204, -2.2075253926809126], [-48.59536587948436, -2.207483489061399], [-48.595481782175966, -2.2075303464004614], [-48.59558608710817, -2.2075771848673416], [-48.59571138810181, -2.2075493874915084], [-48.59576018879486, -2.207493464385011], [-48.59583924873157, -2.2073722542400462], [-48.59593574672755, -2.2072219062993943], [-48.596052795228104, -2.2069008876228313], [-48.59593241230756, -2.2067642022039347], [-48.59573641741496, -2.2067739937861375], [-48.595600804906326, -2.2067333318514186], [-48.59572160210878, -2.206612204223776], [-48.59556230491974, -2.2064990980856676], [-48.59550665814269, -2.2064850069591797], [-48.595460662918235, -2.2063842971837473], [-48.59528491474217, -2.206303128639631], [-48.595209076718405, -2.206204651775111], [-48.59538950202785, -2.2061801999320054], [-48.59557813995284, -2.2061475129896886], [-48.5959614706011, -2.2063737415590854], [-48.596359707789176, -2.2066637935891755], [-48.597595946675, -2.206625361696653], [-48.59764977708307, -2.2065818285794414], [-48.59769166399159, -2.206497892766344], [-48.59773352841276, -2.2064279575572066], [-48.59775768155478, -2.2062521688731684], [-48.59418488740942, -2.2049266132100045], [-48.59403344882413, -2.205222555421006], [-48.59395887822331, -2.205437110126395], [-48.593326425895434, -2.207104480307799]]]}, "properties": {"id": 9, "Parcela": "A-133", "ANO": 2002, "Ha": 17.13, "PLANTAS": 2622, "VARIEDADE": "PB-123", "Rot_labels": -20, "auxiliary_": null, "auxiliar_1": null, "auxiliar_2": null}}, {"type": "Feature", "geometry": {"type": "Polygon", "coordinates": [[[-48.59417784954588, -2.2048564409659597], [-48.59805378837291, -2.206328139898196], [-48.598077096317176, -2.20625817451038], [-48.59811894573138, -2.2061975730058183], [-48.59817470499322, -2.206141660974263], [-48.598207306130504, -2.2060623769015772], [-48.59824454637467, -2.2059831003589454], [-48.59831424543098, -2.2059132102948817], [-48.59838861355055, -2.2058246602643443], [-48.598486222159636, -2.205708146649172], [-48.598583830750655, -2.205591633010648], [-48.59866286789389, -2.205484422969191], [-48.59868619073707, -2.2054051237782613], [-48.59874195742533, -2.2053445447952362], [-48.598797873820494, -2.2051906283277045], [-48.59888157247623, -2.2050694251411946], [-48.59895606024255, -2.2049062050071586], [-48.59904448776565, -2.2047290068107523], [-48.599101744401544, -2.204575403483933], [-48.5991019064968, -2.204474300076991], [-48.59914231798939, -2.2043429308679467], [-48.59900700504174, -2.2041152280948624], [-48.598910912190995, -2.204130845225466], [-48.59897198333493, -2.2040191228019377], [-48.59902755919428, -2.2038321711770257], [-48.598912144057785, -2.203730880306706], [-48.598645846480444, -2.2037102276063907], [-48.59861452538905, -2.203808349256628], [-48.59855877378915, -2.20385959454709], [-48.59849826336292, -2.203985502271134], [-48.598474970547315, -2.20404613398256], [-48.59842823430292, -2.2042613182105604], [-48.5983491374437, -2.204405863272721], [-48.59828864939133, -2.204517770327113], [-48.598136852917655, -2.204619334208033], [-48.597985970338684, -2.2046999721525973], [-48.59778992678898, -2.204740095312916], [-48.597553838641936, -2.2046828412423896], [-48.59756949772869, -2.204572605512839], [-48.59761606100106, -2.204465342825242], [-48.597676601469594, -2.204320767760902], [-48.59776967554283, -2.204138910427979], [-48.59793432659926, -2.2038022689376433], [-48.595037654873046, -2.2026799042843113], [-48.594928071142085, -2.202785569169738], [-48.59417784954588, -2.2048564409659597]], [[-48.60351153735343, -2.2058428258912146], [-48.600626202632554, -2.2047616768288703], [-48.60071429562452, -2.2048939683856617], [-48.601022805014516, -2.2052281112390744], [-48.601568238256455, -2.2054549900485134], [-48.60166061315558, -2.205466739519618], [-48.6018564062047, -2.2055833264331848], [-48.60224779426674, -2.2064882820112457], [-48.60230913765064, -2.2065832388552384], [-48.602837072986176, -2.2071614878247865], [-48.60298769769459, -2.207295778389871], [-48.603113403048084, -2.2070159682253796], [-48.603318422148256, -2.206456272503428], [-48.60351153735343, -2.2058428258912146]]]}, "properties": {"id": 10, "Parcela": "A-134", "ANO": 2002, "Ha": 14.75, "PLANTAS": 2275, "VARIEDADE": "PB-123", "Rot_labels": -20, "auxiliary_": null, "auxiliar_1": null, "auxiliar_2": null}}, {"type": "Feature", "geometry": {"type": "Polygon", "coordinates": [[[-48.606810049603126, -2.1968962751362064], [-48.60015688710461, -2.19440975151767], [-48.599857157070915, -2.194424082226191], [-48.59972727761942, -2.194414538740147], [-48.59962992388614, -2.1943723795387884], [-48.599537127336944, -2.19438156347594], [-48.59944425632475, -2.1944374161737397], [-48.59938850169308, -2.1944909953551743], [-48.59934894288467, -2.194570268573161], [-48.59932336090036, -2.194612229252636], [-48.599304685401094, -2.19468686930299], [-48.59928137081317, -2.1947615018578595], [-48.59920235370215, -2.1948570454289147], [-48.59917440746528, -2.19492700360367], [-48.59914415658061, -2.19498762427635], [-48.59912088294134, -2.1950365889985615], [-48.599095267406945, -2.1950995505978934], [-48.599048749915276, -2.195178812529827], [-48.59903004456444, -2.19527212005452], [-48.599006692669874, -2.1953700869554678], [-48.59896944586884, -2.1954540307379022], [-48.598925229254895, -2.1955449635817343], [-48.5989018661526, -2.195649930780712], [-48.598862296055735, -2.195736204234553], [-48.59883898510692, -2.195808503301949], [-48.598822632779765, -2.1958808136139942], [-48.59880162272726, -2.1959647836115503], [-48.598782965754936, -2.196027756420891], [-48.59877592512818, -2.196079080790421], [-48.59878972683758, -2.1961514398413584], [-48.59881496970271, -2.1963218220067984], [-48.5988272796944, -2.19639169225373], [-48.60601590330993, -2.1991007714810995], [-48.60609185908766, -2.1989540393085223], [-48.606154818323866, -2.198746463341215], [-48.606224665513345, -2.198583234125948], [-48.60630628900144, -2.1983080179976486], [-48.60646933123202, -2.1978859253944205], [-48.60664167379849, -2.1974498469250334], [-48.6067745130533, -2.197058040332378], [-48.606810049603126, -2.1968962751362064]]]}, "properties": {"id": 37, "Parcela": "B-134", "ANO": 2000, "Ha": 22.41, "PLANTAS": 3455, "VARIEDADE": "PB-141", "Rot_labels": -20, "auxiliary_": null, "auxiliar_1": null, "auxiliar_2": null}}, {"type": "Feature", "geometry": {"type": "Polygon", "coordinates": [[[-48.60589450026149, -2.1990895822944996], [-48.598837979663315, -2.1964507196539103], [-48.59876572619702, -2.1966554247700003], [-48.5987285091064, -2.1967207009983047], [-48.598700540356084, -2.196804659722006], [-48.598714323385934, -2.1968886859616013], [-48.59875595585536, -2.1969634234683086], [-48.59875123473258, -2.1970147515825085], [-48.59871404744817, -2.197061360303254], [-48.59866292797969, -2.1971172802592047], [-48.59866276389061, -2.1972199514852346], [-48.598639501318324, -2.1972619158322697], [-48.598565022281804, -2.1974204694730175], [-48.59850435603407, -2.19764438183465], [-48.598485411696274, -2.197887029222665], [-48.598475655940575, -2.1981856940956988], [-48.59848472516309, -2.198316381560775], [-48.5984984782469, -2.1984190752958668], [-48.5985448318474, -2.1984424847427584], [-48.598591080963814, -2.198531230419912], [-48.59861872146489, -2.198652614183911], [-48.59865101598162, -2.198764671713401], [-48.59886525831986, -2.198989079662867], [-48.60519982080809, -2.2013392347371132], [-48.60523460440432, -2.2012441076968257], [-48.605276498097595, -2.201155504134794], [-48.60533942430458, -2.20096892946824], [-48.605379005858474, -2.2008756552434727], [-48.605404670034794, -2.200782358528631], [-48.60550941530515, -2.2005538491887067], [-48.605602659528756, -2.200264651406731], [-48.60566324365145, -2.2000920735861738], [-48.60570988059441, -2.1999381408673413], [-48.60576579575342, -2.199784223116219], [-48.60582167366231, -2.1996536398417814], [-48.60585431872921, -2.199546353602648], [-48.60587766321223, -2.199453053076251], [-48.60593820252189, -2.19930847656436], [-48.60591975769105, -2.199238443132508], [-48.60589450026149, -2.1990895822944996]]]}, "properties": {"id": 36, "Parcela": "B-133", "ANO": 2002, "Ha": 21.65, "PLANTAS": 3280, "VARIEDADE": "PB-123", "Rot_labels": -20, "auxiliary_": null, "auxiliar_1": null, "auxiliar_2": null}}, {"type": "Feature", "geometry": {"type": "Polygon", "coordinates": [[[-48.61983853949815, -2.1881394811494363], [-48.61988350669585, -2.188001177375288], [-48.618702054116106, -2.1876997709472734], [-48.618581651636276, -2.1877023147111307], [-48.618449478943255, -2.18772704328284], [-48.61834324964015, -2.1878284975660964], [-48.61828772582439, -2.187805543486741], [-48.61814119357891, -2.1878408777957676], [-48.618136339177696, -2.1877163807157807], [-48.61788879699943, -2.187746472452121], [-48.61772710407811, -2.1877868636910973], [-48.6176260803458, -2.1878792648975343], [-48.61756564646332, -2.1879585064996054], [-48.61751443923589, -2.188070431492494], [-48.61748182165671, -2.1881613849062878], [-48.61746203211414, -2.1882959379592157], [-48.61952156657741, -2.1890280852000754], [-48.61963812894149, -2.1887271978828764], [-48.61983853949815, -2.1881394811494363]]]}, "properties": {"id": 88, "Parcela": "D-122", "ANO": 2000, "Ha": 2.44, "PLANTAS": 377, "VARIEDADE": "PB-121", "Rot_labels": -20, "auxiliary_": null, "auxiliar_1": null, "auxiliar_2": null}}, {"type": "Feature", "geometry": {"type": "Polygon", "coordinates": [[[-48.619452519814715, -2.189052298046786], [-48.61743836443349, -2.1883173871509105], [-48.6173004904138, -2.188417777356364], [-48.61729109422198, -2.1884924335377107], [-48.617263148896434, -2.188562393115649], [-48.61715861376623, -2.1886602319450903], [-48.61707497680544, -2.1887441033175365], [-48.616970401096424, -2.1888676102605444], [-48.616877467426626, -2.188963134102975], [-48.61682636330584, -2.189009721864046], [-48.61675663630614, -2.1890982823704457], [-48.616765167959514, -2.189219492881764], [-48.616677549911735, -2.1892381643219463], [-48.61667740976627, -2.1893268361081963], [-48.61664946436714, -2.1893967956255445], [-48.61649608551473, -2.1895785612162815], [-48.616421719324066, -2.1896671142339303], [-48.616375224770294, -2.1897323771001216], [-48.616361071270845, -2.1898816967519825], [-48.61632385495214, -2.1899469744532527], [-48.616319387491124, -2.190041932632978], [-48.61621675652472, -2.1901988181684104], [-48.61618872986237, -2.1903201139132955], [-48.61868662899747, -2.1912819752781276], [-48.61886010270365, -2.19080975063536], [-48.61894861500839, -2.19057654439867], [-48.61903480399773, -2.1903456678896993], [-48.619116302191685, -2.1901474525412308], [-48.61926074927211, -2.189746325158604], [-48.619316662083904, -2.1895924049352713], [-48.61938188998044, -2.1894151647952356], [-48.619440125986806, -2.189258914772651], [-48.619452519814715, -2.189052298046786]], [[-48.61021681309935, -2.187914944934264], [-48.615254761947845, -2.1898029215173413], [-48.61561235730956, -2.18881330660188], [-48.6156856075129, -2.1887115461465743], [-48.615786659604986, -2.1886160354307034], [-48.61587608438029, -2.1885391738771136], [-48.61602469849872, -2.1884367387716672], [-48.616102499643674, -2.188376192900872], [-48.61617796647506, -2.188324977178732], [-48.616261588634636, -2.188250439755203], [-48.61632198015907, -2.188198033170696], [-48.61640256926443, -2.188010786136731], [-48.61634741288384, -2.1879348692303937], [-48.61626712299236, -2.1878639673942377], [-48.616186649426936, -2.18790933596421], [-48.61612127513647, -2.1879395629247136], [-48.6159506372145, -2.18780279841948], [-48.61538304019857, -2.1876502334330614], [-48.610711423993145, -2.186555881447031], [-48.61021681309935, -2.187914944934264]]]}, "properties": {"id": 87, "Parcela": "D-121", "ANO": 2000, "Ha": 19.46, "PLANTAS": 3008, "VARIEDADE": "PB-121", "Rot_labels": -20, "auxiliary_": null, "auxiliar_1": null, "auxiliar_2": null}}, {"type": "Feature", "geometry": {"type": "Polygon", "coordinates": [[[-48.618611370807976, -2.191301069046847], [-48.61639285907931, -2.190466801956275], [-48.616253018498284, -2.1904288512072134], [-48.61616639136915, -2.19051142294922], [-48.616177265972, -2.190666326584612], [-48.61613168007183, -2.190893739735383], [-48.61609638429903, -2.190969511931962], [-48.61605426233609, -2.191010606647214], [-48.61604023419057, -2.191080588370374], [-48.615998363882795, -2.191155192453429], [-48.61595646402851, -2.1912484642648202], [-48.61589599287684, -2.1913510402171394], [-48.615840234700315, -2.1914069542568324], [-48.615798371748305, -2.191476891380087], [-48.61574727485107, -2.191518812039321], [-48.61566830624309, -2.191584022769619], [-48.61559399892087, -2.1916352401230137], [-48.61550578159714, -2.1916817682389373], [-48.61544076730344, -2.1917236665742132], [-48.61538042907867, -2.1917422376777203], [-48.61527825742271, -2.191812078123305], [-48.61523636487268, -2.191900682913432], [-48.615208345360536, -2.192017311584654], [-48.615189626263756, -2.192119954327038], [-48.6151802371497, -2.1921899434203325], [-48.61518011889937, -2.192264614313501], [-48.61517064108314, -2.1923906065745324], [-48.615147378912, -2.1924325717730326], [-48.61514421264499, -2.1924997258890135], [-48.61785142159794, -2.1935343965127467], [-48.617989942738234, -2.1932118392697233], [-48.61804117269213, -2.1930859135992073], [-48.61809241739608, -2.192950654035893], [-48.61815295512877, -2.192806075433963], [-48.61818417990581, -2.192651197877645], [-48.618264789150764, -2.19249356862435], [-48.61832771280976, -2.192306991214935], [-48.61847448779815, -2.1919012011475725], [-48.61849780156221, -2.1918265671905495], [-48.618535128659175, -2.1916912852493007], [-48.61858633626427, -2.1915793602781797], [-48.61861895779, -2.1914860733807036], [-48.61865351524204, -2.191388135058053], [-48.618611370807976, -2.191301069046847]], [[-48.61018655550937, -2.1879825100773322], [-48.610062477784055, -2.1883035178029813], [-48.60993666752778, -2.1886533354686373], [-48.60981087192885, -2.1889938192323384], [-48.60968041860421, -2.189345962759535], [-48.60959886809602, -2.189576844657058], [-48.60949009743983, -2.1898720469024973], [-48.6093690223455, -2.1901701107194773], [-48.613731182919, -2.1917629290819325], [-48.613786926329084, -2.191716349074478], [-48.613847382787625, -2.1916231072352437], [-48.61390780966602, -2.191548533091284], [-48.61394963569384, -2.1915019307534656], [-48.61398056520517, -2.1914083169240643], [-48.6141494136371, -2.191315573407391], [-48.61420054006785, -2.1912549851341736], [-48.614228433928204, -2.191217694321002], [-48.61425641646529, -2.191124400372941], [-48.61430297765165, -2.191017135371301], [-48.61440054700673, -2.1909239529082245], [-48.61449346983964, -2.190835429921606], [-48.614577099641714, -2.190756225911194], [-48.61468391027582, -2.1906863929011027], [-48.61480927001081, -2.1906212565246688], [-48.61486745587643, -2.190551889747167], [-48.6149618596522, -2.1904819283241737], [-48.61501364993521, -2.1904582408966293], [-48.61502306849713, -2.1903695840779323], [-48.61504640442093, -2.1902809495441744], [-48.615102192043835, -2.190206367797334], [-48.61512546149745, -2.190159735631151], [-48.615162736918336, -2.1900571225757868], [-48.6151628845827, -2.1899637839577406], [-48.6152031133591, -2.189856800574438], [-48.61018655550937, -2.1879825100773322]]]}, "properties": {"id": 61, "Parcela": "C-124", "ANO": 2000, "Ha": 22.41, "PLANTAS": 3482, "VARIEDADE": "PB-121", "Rot_labels": -20, "auxiliary_": null, "auxiliar_1": null, "auxiliar_2": null}}, {"type": "Feature", "geometry": {"type": "Polygon", "coordinates": [[[-48.617792047943304, -2.1936735505289207], [-48.61774542544636, -2.193580896575702], [-48.61494044055446, -2.1925076709007185], [-48.61484339396398, -2.19250908904074], [-48.61476228313601, -2.192462289598252], [-48.61470201512587, -2.1924365248051445], [-48.61462314255304, -2.1924410653006503], [-48.61456293000037, -2.1923802985401055], [-48.61447481615001, -2.1923614895137176], [-48.61441684923966, -2.1923473957580693], [-48.61437973992004, -2.1923450027917935], [-48.61431011974517, -2.1923658923980187], [-48.61427064280402, -2.192393830739762], [-48.61422648976381, -2.1924450962779836], [-48.61416609607915, -2.192498669238813], [-48.614110341517474, -2.1925522496317997], [-48.61408009845132, -2.1926082044001265], [-48.614042815338046, -2.192715484201352], [-48.6140288609777, -2.192738796515188], [-48.61396849315854, -2.1927760352038055], [-48.61390336786396, -2.1928879372685346], [-48.613870820005026, -2.1929345544431786], [-48.61379189566804, -2.1929717633453096], [-48.61371768073598, -2.1929646438861714], [-48.61367589530665, -2.192985578073023], [-48.61361085875843, -2.193041476985836], [-48.61353191962423, -2.193088019711146], [-48.613471544392304, -2.1931299252754086], [-48.61339728137708, -2.193153140803776], [-48.613309115784695, -2.1931670001452637], [-48.613225559722046, -2.193199534620343], [-48.613100251531215, -2.193232002083884], [-48.613053867678985, -2.193227260711364], [-48.61300281510047, -2.193241179585998], [-48.612886777769, -2.193278328835855], [-48.61279389905459, -2.193338849913812], [-48.612793810231956, -2.1933948529849854], [-48.61275199889179, -2.193432121347023], [-48.61268699932874, -2.1934646855489333], [-48.61262204418207, -2.193469248212863], [-48.612473532980836, -2.1935063452695482], [-48.61241778945703, -2.1935529251089996], [-48.61229480454897, -2.193583062716556], [-48.61224840590837, -2.1935876551512807], [-48.61220430461726, -2.193606252070349], [-48.61216709536838, -2.1936668624444815], [-48.612118362357116, -2.193680784987775], [-48.61205570827412, -2.193697018639622], [-48.612041742769456, -2.193727331270612], [-48.612077950846626, -2.193719737857453], [-48.61473923064256, -2.19472040097141], [-48.61483608897006, -2.1948245846467995], [-48.614909765841105, -2.1948989397673477], [-48.61492605999949, -2.194964954260544], [-48.61705808210314, -2.195756167265743], [-48.617081388784314, -2.1956862004143396], [-48.61710004891774, -2.1956208930567938], [-48.61715596273296, -2.195466973408264], [-48.61726545222661, -2.19517079769159], [-48.61736330309959, -2.194900271485239], [-48.61739598410689, -2.194769649274939], [-48.617465866951875, -2.194583083284076], [-48.61756365852726, -2.194349892491618], [-48.61776866753776, -2.1937901868593617], [-48.617792047943304, -2.1936735505289207]], [[-48.61346451368435, -2.191738746979518], [-48.60934883379915, -2.1902256857604554], [-48.60922378460664, -2.1906076326637223], [-48.60910734052731, -2.190901461798806], [-48.60898619799364, -2.19123261870059], [-48.6088091341836, -2.191722361011514], [-48.6086879839377, -2.1920581846490963], [-48.608553916094124, -2.1924082643351688], [-48.610837289912105, -2.1932426950210373], [-48.61091945376414, -2.193135596252071], [-48.61098929237201, -2.1930449747095717], [-48.6111220066868, -2.1930141473754183], [-48.611157628069904, -2.192888523169326], [-48.613159556176015, -2.1920833804133495], [-48.61338279024155, -2.1920517205321572], [-48.613438578040096, -2.191977139012236], [-48.61348510237575, -2.191893208755756], [-48.61356743229633, -2.1917995748545582], [-48.61346451368435, -2.191738746979518]]]}, "properties": {"id": 60, "Parcela": "C-123", "ANO": 2000, "Ha": 21.73, "PLANTAS": 3366, "VARIEDADE": "PB-121", "Rot_labels": -20, "auxiliary_": null, "auxiliar_1": null, "auxiliar_2": null}}, {"type": "Feature", "geometry": {"type": "Polygon", "coordinates": [[[-48.61657665998292, -2.1970434742640483], [-48.61701457559387, -2.1958259178780035], [-48.61696940546837, -2.195790458671708], [-48.615010750896204, -2.1950644158653647], [-48.61482502972063, -2.1949326815028107], [-48.61472856364436, -2.1947638079868272], [-48.611905251934665, -2.1937021223185367], [-48.61176568348468, -2.1937467223875475], [-48.61169608924368, -2.1937512775437513], [-48.61162648019212, -2.193765166533396], [-48.61157535355868, -2.1938257545082447], [-48.6114917456589, -2.1938909572308014], [-48.611436053973264, -2.193904868558596], [-48.61134313078219, -2.193993390944162], [-48.611254876338684, -2.194063253096095], [-48.611134192495996, -2.1941050615546596], [-48.61107380241174, -2.1941563007358456], [-48.611008713920285, -2.194244867786872], [-48.61094361059677, -2.1943427686589323], [-48.61088783738362, -2.194408016018279], [-48.61081348544369, -2.19448723429285], [-48.610757689981334, -2.1945664823817723], [-48.610678669252025, -2.194664360837471], [-48.610557911243525, -2.1947528383268433], [-48.61048822063063, -2.194818063261206], [-48.61039529733324, -2.1949065854629297], [-48.61029304387664, -2.1950277611251865], [-48.610139722985494, -2.195172189263775], [-48.61006525971271, -2.195321411112318], [-48.609978711084004, -2.1956755240132857], [-48.61622395865422, -2.1979956957532076], [-48.61638488143263, -2.1975483615297087], [-48.61657665998292, -2.1970434742640483]], [[-48.60852276345122, -2.1946907121508623], [-48.60914047123005, -2.1948695654644554], [-48.60916848396437, -2.1947576043980854], [-48.60921969968572, -2.1946410137249854], [-48.60926160749146, -2.1945430757606177], [-48.609298913251536, -2.1944217957752565], [-48.60932688885336, -2.1943331692365033], [-48.60935024016207, -2.194235201412019], [-48.60940609492977, -2.194118618156128], [-48.60946664811088, -2.1939647070577957], [-48.60950864480527, -2.1938107661112136], [-48.60955986781383, -2.1936895084489363], [-48.609541459612984, -2.1935961403900555], [-48.60952299210802, -2.193540107624562], [-48.60950456166458, -2.193460740303623], [-48.60950470990935, -2.193367402076755], [-48.609532648357344, -2.193302110055249], [-48.60965662103411, -2.193216052483929], [-48.610115457775315, -2.1934230026643897], [-48.61033672271357, -2.19349759484738], [-48.610631991522645, -2.193440329648005], [-48.610796252534286, -2.1932681754284675], [-48.60854182559504, -2.1924822193514157], [-48.608457397596375, -2.192656346557712], [-48.608424782991925, -2.1927449656020777], [-48.60834555487519, -2.1929735172813944], [-48.608163880674255, -2.1934445839618175], [-48.60801007055776, -2.1938970276454426], [-48.60784701167788, -2.1943307886562318], [-48.60782368997204, -2.194410088725336], [-48.6077864806107, -2.1944706987727627], [-48.607768514378485, -2.194631758918901], [-48.60802253700995, -2.1947311497401385], [-48.60840768389095, -2.1948719940739956], [-48.60852276345122, -2.1946907121508623]]]}, "properties": {"id": 59, "Parcela": "C-122", "ANO": 2000, "Ha": 23.05, "PLANTAS": 3552, "VARIEDADE": "PB-121", "Rot_labels": -20, "auxiliary_": null, "auxiliar_1": null, "auxiliar_2": null}}, {"type": "Feature", "geometry": {"type": "Polygon", "coordinates": [[[-48.61614550388269, -2.198026083654633], [-48.6099756851948, -2.1957465541612464], [-48.60985106265651, -2.1958227609558487], [-48.60979992101833, -2.195892682536651], [-48.6097905166359, -2.1959720051151383], [-48.60976259285863, -2.196027963272936], [-48.609711421519435, -2.196116552485849], [-48.60965090513315, -2.196247128963944], [-48.609604313518076, -2.196373060915596], [-48.60952993910303, -2.19646627967624], [-48.609525047605736, -2.19662494719069], [-48.60946462764929, -2.1966948537770024], [-48.60938566603959, -2.19675539665968], [-48.609378391822816, -2.1969537291616827], [-48.60937364875244, -2.1970190584420006], [-48.60937352252789, -2.1970983959233252], [-48.60934330510346, -2.197138016110502], [-48.60926899371634, -2.197191566060161], [-48.60925263425271, -2.1972685439332778], [-48.60922003413302, -2.1973478291112922], [-48.60914545163947, -2.1975717212482433], [-48.60906626710764, -2.197772271335603], [-48.60901508815334, -2.1978655273214325], [-48.61537894577384, -2.200234710947643], [-48.6161244790987, -2.198177786875764], [-48.61614550388269, -2.198026083654633]], [[-48.60692446374175, -2.196902860566118], [-48.6074652671578, -2.1971264414892206], [-48.60752311896457, -2.197079081178543], [-48.60755563737656, -2.1970511320785984], [-48.60758822266047, -2.1969811808356132], [-48.60757904101648, -2.196920496127208], [-48.60756983708087, -2.1968738121330498], [-48.60758849756901, -2.196808505366786], [-48.607597775804315, -2.196808520315096], [-48.60763953529351, -2.1968039206770062], [-48.60766750372736, -2.1967199612335686], [-48.60770943407802, -2.1966080227757816], [-48.60776527433833, -2.1965007736326756], [-48.60776995802372, -2.1964727796739694], [-48.607770047158205, -2.1964167768114127], [-48.607788715040556, -2.1963468031211537], [-48.60783518048294, -2.19630020878574], [-48.60785853946028, -2.196197574222293], [-48.60789121379148, -2.196071620068191], [-48.607933040099965, -2.1960250182461163], [-48.607942459422375, -2.195936361976092], [-48.607998381273354, -2.1957777768111804], [-48.60805424370252, -2.1956565268807307], [-48.60810551154107, -2.1955072680313212], [-48.60812885558679, -2.1954139672417137], [-48.60808716293752, -2.1953765647805414], [-48.60805476336641, -2.1953298434433965], [-48.60806875494142, -2.1952831967833184], [-48.608087357918386, -2.1952179156645033], [-48.60815704592154, -2.195222152085094], [-48.608247265127126, -2.195205800291319], [-48.60829651376567, -2.1951728855439026], [-48.608356684369014, -2.1950923165402227], [-48.60837977615857, -2.1949570969061556], [-48.60771602169489, -2.1947085736353897], [-48.607661166195726, -2.194871851955366], [-48.607526149408734, -2.1951749841863273], [-48.60736303049583, -2.1956460800615503], [-48.60727916995985, -2.1958699569542612], [-48.60723262284077, -2.195967887205617], [-48.60706954809406, -2.196410981430894], [-48.60692446374175, -2.196902860566118]]]}, "properties": {"id": 58, "Parcela": "C-121", "ANO": 2000, "Ha": 21.22, "PLANTAS": 3324, "VARIEDADE": "PB-121", "Rot_labels": -20, "auxiliary_": null, "auxiliar_1": null, "auxiliar_2": null}}, {"type": "Feature", "geometry": {"type": "Polygon", "coordinates": [[[-48.607617202265416, -2.1948041108953147], [-48.607623047691334, -2.1946367261183815], [-48.6018003653427, -2.1924953497797977], [-48.6014099375415, -2.1925225129640973], [-48.60106328854198, -2.1924714021627456], [-48.60098283917998, -2.1925016035961575], [-48.60094039472314, -2.1925999085411316], [-48.600833219882865, -2.192898416909499], [-48.60098700233998, -2.1930425157621576], [-48.60096735166532, -2.1931506455122323], [-48.60096260845057, -2.193215974378751], [-48.6009625340694, -2.193262643199348], [-48.600976324870906, -2.193342002643358], [-48.60103194925511, -2.1933700937319904], [-48.60117002212774, -2.193383855621078], [-48.60149559006337, -2.193538849771113], [-48.6016346883027, -2.193585743069503], [-48.60169959834265, -2.193609182235755], [-48.60177380887407, -2.1936186357099636], [-48.6018433059543, -2.1936747505508283], [-48.60189895270595, -2.193688840982641], [-48.60194535846613, -2.1936795820241053], [-48.602047410986266, -2.1936844134911135], [-48.60208914791664, -2.193693814589737], [-48.602195727998996, -2.193768656822806], [-48.602242141206375, -2.1937547309692933], [-48.60227929110558, -2.1937314563797203], [-48.60230719256612, -2.1936894992811613], [-48.602349033599964, -2.1936335639593207], [-48.60244885205036, -2.193550887096704], [-48.6025390051216, -2.193575777843609], [-48.60253064812202, -2.193674745991532], [-48.602492614913494, -2.1937784693292204], [-48.60249718708707, -2.193820478794632], [-48.60249245877068, -2.193876473962056], [-48.60247848944763, -2.1939091197323024], [-48.60247375369082, -2.1939697817857438], [-48.60251077719223, -2.1940258442769647], [-48.60256179233073, -2.1940352603370536], [-48.602622100527455, -2.1940353575812197], [-48.602691672040656, -2.194044803558892], [-48.602765845474266, -2.194077591455124], [-48.60279825220601, -2.1941196458090237], [-48.60282145510664, -2.1941150163202674], [-48.60283526829043, -2.1941803751979165], [-48.60244237986502, -2.1942328334696346], [-48.60218634270354, -2.1940807646709746], [-48.6020279695952, -2.194239742963116], [-48.60196772092332, -2.1942023106021895], [-48.60193520266012, -2.194230259534029], [-48.60192127051191, -2.1942395708554496], [-48.60188983916999, -2.1940954520356475], [-48.601548424300795, -2.193912914350404], [-48.60111638909655, -2.193836389512631], [-48.60071947312627, -2.1937953075938705], [-48.59984065084159, -2.193440026241405], [-48.59971418935139, -2.1935313087229105], [-48.59969094928964, -2.193559272550873], [-48.599672311090856, -2.193610578253446], [-48.599672191994806, -2.1936852482950577], [-48.59968600502613, -2.1937506070466966], [-48.5996673221532, -2.1938299140117064], [-48.5996160689224, -2.1939698379564607], [-48.59955092820565, -2.1940910719099405], [-48.599564711432535, -2.1941750981694605], [-48.59963886973972, -2.1942172199084786], [-48.5997362234686, -2.1942593790984977], [-48.59987067498652, -2.194310931962816], [-48.599949494740564, -2.1943390605574797], [-48.60014143977976, -2.194329059918106], [-48.606868757202676, -2.1968600383808226], [-48.606904380237616, -2.196711731273718], [-48.60705816948468, -2.196273289112675], [-48.6071605865832, -2.196049442186442], [-48.60725845363632, -2.19576958490505], [-48.607617202265416, -2.1948041108953147]]]}, "properties": {"id": 62, "Parcela": "C-131", "ANO": 2000, "Ha": 19.43, "PLANTAS": 2941, "VARIEDADE": "PB-141", "Rot_labels": -20, "auxiliary_": null, "auxiliar_1": null, "auxiliar_2": null}}, {"type": "Feature", "geometry": {"type": "Polygon", "coordinates": [[[-48.61532551841917, -2.200402829105111], [-48.61532282087793, -2.2002819283716155], [-48.6153078177575, -2.200236407046555], [-48.609015031159885, -2.197900870839323], [-48.608945847137115, -2.1980124237923615], [-48.608913284098975, -2.198068374382193], [-48.60888533789267, -2.1981383331699793], [-48.60884808370616, -2.198226944639539], [-48.60881549092984, -2.1983015628526696], [-48.60876901049258, -2.198357491000019], [-48.60870853835486, -2.1984600657967897], [-48.60868059954816, -2.1985253576536716], [-48.60865730729566, -2.1985859900760873], [-48.608610715345286, -2.1987119218214044], [-48.608573461099, -2.1988005332499516], [-48.6085548153885, -2.198856506231417], [-48.60851291456615, -2.198949777079881], [-48.608443171534, -2.1990476699543735], [-48.608429164934925, -2.199103650404646], [-48.60841037050033, -2.1992529615186998], [-48.60851520618291, -2.199368606595299], [-48.60856520765826, -2.1995253989996275], [-48.60859438141081, -2.200228644440788], [-48.61458929547437, -2.2024364306079502], [-48.61465923932301, -2.2022125301134743], [-48.61532551841917, -2.200402829105111]], [[-48.60608872223474, -2.1991029141358944], [-48.60705518121523, -2.199510325358766], [-48.60708924980848, -2.199416858878836], [-48.60699443353824, -2.1993032853650325], [-48.606965297780484, -2.1992412970189212], [-48.60698402538353, -2.1991339882023535], [-48.60695629479878, -2.1990686066666525], [-48.60692391765258, -2.1990078845515186], [-48.60682234794097, -2.198699704386293], [-48.60679011955885, -2.1985456442482327], [-48.60679024600306, -2.198466306918879], [-48.60679037988017, -2.198382302687689], [-48.60682753746277, -2.198354361132174], [-48.60686930441602, -2.1983450946638063], [-48.606901808003826, -2.1983264794264588], [-48.60692781917393, -2.1982336786215027], [-48.606999393129215, -2.1982239646802153], [-48.60707358752596, -2.1982086376144894], [-48.60705993220215, -2.1980793879468163], [-48.60712685048828, -2.197895300255814], [-48.60699134177334, -2.197788922303499], [-48.60695380497248, -2.1977198644207108], [-48.606972413488045, -2.197687226020788], [-48.60705935382722, -2.19768034486607], [-48.607117017712554, -2.1977587936363583], [-48.60715782954805, -2.1977808632332128], [-48.60721825704238, -2.1977062900048034], [-48.6072554294655, -2.197669014604383], [-48.60728801480096, -2.197599063398679], [-48.60729745656675, -2.197496406476683], [-48.60732542506775, -2.1974124470756604], [-48.607367325780686, -2.197319176292956], [-48.607384201711874, -2.1972233716014586], [-48.60736426229378, -2.1971222351770088], [-48.60711570483805, -2.197005564692632], [-48.60690226681146, -2.1969243372990426], [-48.606801673086444, -2.19711758726112], [-48.60670379818533, -2.1974021112187896], [-48.60665247794449, -2.1975840381008953], [-48.606494078704856, -2.1980038048499337], [-48.60634967101147, -2.198376924930746], [-48.60620520363584, -2.198787380114419], [-48.60614930353499, -2.1989319641754763], [-48.606130642877, -2.1989972708239356], [-48.60608872223474, -2.1991029141358944]]]}, "properties": {"id": 33, "Parcela": "B-124", "ANO": 2001, "Ha": 21.04, "PLANTAS": 3260, "VARIEDADE": "PB-121", "Rot_labels": -20, "auxiliary_": null, "auxiliar_1": null, "auxiliar_2": null}}, {"type": "Feature", "geometry": {"type": "Polygon", "coordinates": [[[-48.60983949317192, -2.20320639204213], [-48.61371368978807, -2.204698918845985], [-48.61386485174213, -2.2043533750673445], [-48.614065198094565, -2.203812333253546], [-48.61418632912217, -2.2034905097256994], [-48.614265521827654, -2.203285292031518], [-48.614363375141515, -2.2030147672230918], [-48.614419357082554, -2.2028188459534923], [-48.61445663378484, -2.2027162333295784], [-48.61447534641143, -2.202618257737494], [-48.614455194901105, -2.2024679064682005], [-48.608747714329816, -2.200381923382959], [-48.60864723304712, -2.2005414133243946], [-48.60864702474855, -2.200672086747187], [-48.60870256787768, -2.2007515139924863], [-48.60870238932386, -2.2008635197877098], [-48.608702180999565, -2.200994193215225], [-48.60869275391965, -2.2010875164070702], [-48.60865086032977, -2.2011761202898907], [-48.608641410909016, -2.201283444200149], [-48.60859488560643, -2.201367373677702], [-48.60856692427857, -2.2014466661880454], [-48.60857142200709, -2.2015353449201207], [-48.60857132525179, -2.2015960147194127], [-48.60852948371396, -2.20165195022234], [-48.60848296581864, -2.201731212769215], [-48.608441101939285, -2.201801148983328], [-48.608413148017696, -2.2018757745654516], [-48.60835730715957, -2.201983023556831], [-48.60825961726828, -2.202150874912469], [-48.60820850486351, -2.2022021284889237], [-48.60815737756256, -2.2022627158720773], [-48.60811088939318, -2.2023233107401907], [-48.60804581488454, -2.2024025432591268], [-48.60800399563043, -2.20244447798346], [-48.60794823662132, -2.2025003909433605], [-48.60793425218065, -2.2025423706146596], [-48.607957395727595, -2.2025750764157093], [-48.60808259284283, -2.202612613958473], [-48.60817529366769, -2.202664099771105], [-48.60822157333118, -2.2027341782883596], [-48.60825394302953, -2.202799567425019], [-48.608318876073504, -2.2028090061314134], [-48.608421011601095, -2.2027625018877806], [-48.608513719911386, -2.2028093207947057], [-48.60866211280439, -2.202846895783942], [-48.60896344844511, -2.202978056139607], [-48.609102503558205, -2.20305295140825], [-48.6092184002113, -2.2031044746776405], [-48.60934824036972, -2.203139686231761], [-48.60945024940623, -2.2031725193862255], [-48.609538393138266, -2.203172661693239], [-48.60962246261081, -2.2030139432210634], [-48.60975305960088, -2.203049540597437], [-48.60981336119126, -2.2030496379364384], [-48.609923620790006, -2.203061277396754], [-48.61001645579388, -2.203028758768819], [-48.61016945083519, -2.2030896757248555], [-48.610290046304506, -2.2031038711338495], [-48.610356107870246, -2.203030293028195], [-48.61061216405779, -2.203172252563927], [-48.61077825147966, -2.203010753316655], [-48.6109742318004, -2.203011069518279], [-48.61119035343789, -2.202909312868368], [-48.61128306202695, -2.202956131706551], [-48.611361336599266, -2.2029055342019515], [-48.61156587163892, -2.203068594200562], [-48.61166322685899, -2.203110753603539], [-48.61177445491559, -2.2031809369650643], [-48.61198764764709, -2.2033119548936035], [-48.61208044557967, -2.203302770701794], [-48.61216866386249, -2.20325624366233], [-48.61223371612504, -2.203191011524525], [-48.612307897957905, -2.203219132745819], [-48.61234024560869, -2.203298522761083], [-48.612395826214915, -2.203354615583702], [-48.61247465465568, -2.203378077369378], [-48.612530198088365, -2.2034575048009497], [-48.6126182304866, -2.2035276507635557], [-48.61274803760979, -2.203583863294943], [-48.61290926511156, -2.2035803764634707], [-48.61294738005254, -2.203672856493796], [-48.612965795391034, -2.2037615579448038], [-48.6127885891202, -2.2036256789793423], [-48.612547301594, -2.2036758421947726], [-48.61247714291983, -2.203554403447993], [-48.612315077598325, -2.203567230077987], [-48.61194976072868, -2.2033917854220566], [-48.61172242949333, -2.203356032109897], [-48.61148167402001, -2.203072550876329], [-48.61118657608001, -2.202991191179503], [-48.61101932102638, -2.2030970811344397], [-48.61079821500554, -2.2030967243850825], [-48.610708736712475, -2.203273512934478], [-48.61053786595242, -2.2032833476353737], [-48.610394884368795, -2.2033216702133607], [-48.610342030777055, -2.203192037517418], [-48.61005568679931, -2.2031359678851294], [-48.60983949317192, -2.20320639204213]], [[-48.605268343139656, -2.2013399536885943], [-48.6063099767708, -2.201751982652955], [-48.6063883621846, -2.20170573838878], [-48.60643118057153, -2.2016400898210575], [-48.6064559741002, -2.2015342627153234], [-48.60649327334963, -2.201417650152049], [-48.60656778243154, -2.201240427812582], [-48.606623623259175, -2.201133178998022], [-48.606642298924136, -2.2010585385485593], [-48.606674817498416, -2.2010305895822366], [-48.606712019878564, -2.200974646697227], [-48.60676654469884, -2.2008924601527107], [-48.60678651397626, -2.200806758096313], [-48.60683770072985, -2.200708835551736], [-48.606865684392126, -2.2006155424531486], [-48.606916886012, -2.2005082860886707], [-48.60696815461132, -2.200359027594251], [-48.60699623499841, -2.2002050647464872], [-48.607033481977304, -2.2001211204023714], [-48.60708931521991, -2.200018538388989], [-48.60712657706348, -2.199925260225935], [-48.6071638314559, -2.1998366489596752], [-48.607177860448765, -2.1997666678723893], [-48.60722827352744, -2.1996824818981002], [-48.60719578358008, -2.199573742380156], [-48.60607080812124, -2.1991649825345485], [-48.605268343139656, -2.2013399536885943]]]}, "properties": {"id": 32, "Parcela": "B-123", "ANO": 2002, "Ha": 20.24, "PLANTAS": 3028, "VARIEDADE": "PB-141", "Rot_labels": -20, "auxiliary_": null, "auxiliar_1": null, "auxiliar_2": null}}, {"type": "Feature", "geometry": {"type": "Polygon", "coordinates": [[[-48.60731826750242, -2.2048071629797406], [-48.6075602997467, -2.204961925810145], [-48.6129635651064, -2.2069193324632588], [-48.61297715820494, -2.206818418356389], [-48.613205482475564, -2.2061887507836646], [-48.613445426539975, -2.20554510090227], [-48.61358055007532, -2.2051766309379772], [-48.61363645808799, -2.2050273791513133], [-48.61365520814064, -2.204906069038664], [-48.613655334587456, -2.204826731316681], [-48.61364323303706, -2.2047703829765553], [-48.60958067867191, -2.2032186122766584], [-48.60942708952342, -2.2034205731775356], [-48.60920325737491, -2.203554175091609], [-48.60891180781328, -2.2035486491624425], [-48.60790444295491, -2.203438334619442], [-48.60778402291106, -2.2036551876505657], [-48.607700481140625, -2.2036783872277175], [-48.6076354437582, -2.2037342851173425], [-48.60757030202317, -2.203855519655675], [-48.60755117894363, -2.204210174365967], [-48.6075510745743, -2.2042755110216103], [-48.60755100002288, -2.204322180061314], [-48.60754162482186, -2.2043828348127765], [-48.60751370050916, -2.2044387926581073], [-48.607490407877734, -2.204499424904945], [-48.607476386068285, -2.204564739054798], [-48.607397364079254, -2.204662616509407], [-48.60731826750242, -2.2048071629797406]], [[-48.60525697811717, -2.201376585569806], [-48.604935586878824, -2.2022038406271514], [-48.604637325437935, -2.203052735269258], [-48.60443698266569, -2.2035905161986222], [-48.605753749702124, -2.2040593374149755], [-48.60585197301031, -2.2040378505253155], [-48.605766877234615, -2.2038304493351997], [-48.60568160370857, -2.203734262452825], [-48.60566679496998, -2.2035674166395625], [-48.6055866435186, -2.2034105755675406], [-48.605703337505616, -2.202943230118947], [-48.605690698446836, -2.2028724294403794], [-48.605758458726804, -2.202809283652208], [-48.60594588789212, -2.2028495074658903], [-48.60603431465536, -2.2026723078035055], [-48.60608088485728, -2.2025603772156304], [-48.60613687491438, -2.20235979052867], [-48.606188292868815, -2.2021171942309716], [-48.60623012700245, -2.2020659258043955], [-48.606371068963966, -2.201832615129572], [-48.60525697811717, -2.201376585569806]]]}, "properties": {"id": 31, "Parcela": "B-122", "ANO": 2002, "Ha": 19.11, "PLANTAS": 2971, "VARIEDADE": "PB-123", "Rot_labels": -20, "auxiliary_": null, "auxiliar_1": null, "auxiliar_2": null}}, {"type": "Feature", "geometry": {"type": "Polygon", "coordinates": [[[-48.60785458349208, -2.2074995572608875], [-48.60796091215356, -2.2076646993766813], [-48.61211872035627, -2.20916666908515], [-48.612147779420056, -2.2090758737025644], [-48.61217110204071, -2.208996573578974], [-48.61220369554006, -2.20892195537357], [-48.6122362964888, -2.2088426702441044], [-48.61225495755196, -2.2087773633689713], [-48.61227362606598, -2.2087073895718996], [-48.61233879809971, -2.2085674869668788], [-48.61239008987025, -2.208404227248268], [-48.61249255408337, -2.2081523784982573], [-48.61256716830674, -2.2079098185670816], [-48.612613768634574, -2.2077792197392325], [-48.61265106825491, -2.2076626066741905], [-48.612503744872065, -2.2074575846807747], [-48.612594057370494, -2.2073834938343606], [-48.612781471555536, -2.2073454658604432], [-48.61289879879611, -2.2069926429001465], [-48.60859007354898, -2.2053968486036677], [-48.60831711565562, -2.2053641412493663], [-48.60816149605076, -2.2052894557123874], [-48.60799007077656, -2.2053542785834055], [-48.607908952851815, -2.2053121451505553], [-48.607585204454736, -2.2061423326328304], [-48.60750809141904, -2.20649689346426], [-48.60760072511694, -2.20659038168871], [-48.60770262219796, -2.206693218743417], [-48.607823105741, -2.2067774182170523], [-48.60790644625316, -2.2068802252573394], [-48.607859801006946, -2.20703882494771], [-48.60777602760191, -2.207206698363753], [-48.60773872031917, -2.207327977806896], [-48.607722341456636, -2.2074166227065235], [-48.60785458349208, -2.2074995572608875]], [[-48.60359836086144, -2.205825527725656], [-48.604157191140956, -2.206035704380048], [-48.60420254672505, -2.2059548946269274], [-48.604147359409446, -2.205899197993139], [-48.60401185918821, -2.205787764026733], [-48.604006995921125, -2.205686652115195], [-48.6039281875352, -2.2055460479326254], [-48.60394096891797, -2.2053795796147253], [-48.60437365633435, -2.2054767659448555], [-48.60444599006164, -2.2054488816655424], [-48.60459620144467, -2.2050734426781435], [-48.60467673638493, -2.204813186655928], [-48.60452902207507, -2.204779318843624], [-48.60447719576938, -2.204552886352945], [-48.604519022602446, -2.204506285009022], [-48.604537720962966, -2.204417644069791], [-48.604649515415865, -2.2041331437605796], [-48.60468213859523, -2.2040398584352254], [-48.60470545365384, -2.2039652256666136], [-48.60483918139245, -2.203787243065025], [-48.6044173141651, -2.2036349042896175], [-48.60398511193952, -2.204762100312113], [-48.60386396428471, -2.2050932542636423], [-48.6038080332773, -2.2052565052823057], [-48.60366362253778, -2.205629623563847], [-48.60359836086144, -2.205825527725656]]]}, "properties": {"id": 30, "Parcela": "B-121", "ANO": 2002, "Ha": 15.79, "PLANTAS": 2430, "VARIEDADE": "PB-123", "Rot_labels": -20, "auxiliary_": null, "auxiliar_1": null, "auxiliar_2": null}}, {"type": "Feature", "geometry": {"type": "Polygon", "coordinates": [[[-48.61208428343105, -2.2092333223656313], [-48.60808135359145, -2.2077495402483716], [-48.60745051436733, -2.207689197207297], [-48.607399476242136, -2.207693781482024], [-48.60737169360841, -2.207661068089086], [-48.60734403044663, -2.2075536842480714], [-48.607274540267774, -2.2074929018376435], [-48.60721429852652, -2.207450802063526], [-48.607135500194396, -2.207408672244216], [-48.607052077655645, -2.207357201109657], [-48.60675576547475, -2.207245580300067], [-48.60662535821769, -2.207305174062944], [-48.60651203429299, -2.207252768416915], [-48.606092819931696, -2.207011967002588], [-48.60582634230596, -2.2071025291406032], [-48.605586085125104, -2.2073688273707996], [-48.60551172433484, -2.207452711249292], [-48.60543270197348, -2.207550588286905], [-48.605358318742965, -2.207648472826857], [-48.60531641697931, -2.2077417430859816], [-48.60526520702061, -2.2078536658838304], [-48.60523269564155, -2.2078769477293387], [-48.60518622945675, -2.2079235414930047], [-48.60514435008696, -2.208002811040217], [-48.605111726570804, -2.2080960963080027], [-48.60506515570785, -2.2082080265889967], [-48.604985908941124, -2.208445910373585], [-48.60491130125798, -2.2086838016485157], [-48.604869369466265, -2.208795739409303], [-48.604864543347134, -2.2089124042477204], [-48.60484292631168, -2.2090371449865027], [-48.60891192435816, -2.2105430511419284], [-48.6089166382422, -2.210496389576075], [-48.608916765261505, -2.2104170521356252], [-48.60892153144028, -2.210337722211096], [-48.60893095919079, -2.210244399076635], [-48.60897291337223, -2.2101184601881223], [-48.60901012379348, -2.210057850496448], [-48.609033431659455, -2.209987884439749], [-48.60906606266287, -2.2098899319556233], [-48.60909867124904, -2.2098059801927477], [-48.60921477729279, -2.2097268305702937], [-48.60929465017267, -2.209648391778062], [-48.609552659615176, -2.2096503810027692], [-48.609794339572964, -2.2098450907545333], [-48.60997001782727, -2.209971755782564], [-48.61007784638725, -2.2101046299940386], [-48.61010931477095, -2.2102416406678294], [-48.610137082572685, -2.210283687951209], [-48.6101042872829, -2.2104843125972016], [-48.61003626984918, -2.210963950697944], [-48.61065905815715, -2.211172223634158], [-48.611016664199326, -2.210099303207578], [-48.61139054204349, -2.210186374729576], [-48.611601465503824, -2.210270127344812], [-48.61171444538599, -2.2102582396783275], [-48.611765677765746, -2.2101323154671264], [-48.611797486918846, -2.209947052441623], [-48.6119631564257, -2.2095604526760444], [-48.61208428343105, -2.2092333223656313]], [[-48.603620444006765, -2.205882783196054], [-48.603382795725516, -2.206452876679378], [-48.603261729692875, -2.2067326944975916], [-48.60318711473295, -2.206975252371937], [-48.60315913784588, -2.207063878122436], [-48.603165134689526, -2.2071084048149383], [-48.60327591244086, -2.207054969388105], [-48.60339585335088, -2.206989591540536], [-48.60344699598895, -2.206919670935059], [-48.60345254965783, -2.20683667127391], [-48.603534662539424, -2.206762568138614], [-48.60364552614853, -2.206655517699804], [-48.60372116097322, -2.2066354343491863], [-48.60378622098268, -2.206565536260021], [-48.603801611919586, -2.206470180020905], [-48.60390013676602, -2.2063878549471987], [-48.603981371078845, -2.206374509501282], [-48.60403714532125, -2.2063092632312364], [-48.6040883177855, -2.2062206749765823], [-48.60413668223319, -2.2060857073285445], [-48.603620444006765, -2.205882783196054]]]}, "properties": {"id": 6, "Parcela": "A-124", "ANO": 2002, "Ha": 17.66, "PLANTAS": 2692, "VARIEDADE": "PB-132", "Rot_labels": -20, "auxiliary_": null, "auxiliar_1": null, "auxiliar_2": null}}, {"type": "Feature", "geometry": {"type": "Polygon", "coordinates": [[[-48.60688282568667, -2.217292692772172], [-48.60437918048141, -2.216350570423991], [-48.60428382862679, -2.2164045729914266], [-48.604200271074724, -2.2164371053092276], [-48.60413988683611, -2.2164836760524187], [-48.60407018672378, -2.216553566140712], [-48.60399114069855, -2.2166654431316455], [-48.60395393726327, -2.2167213853972507], [-48.603898102066935, -2.216823966350722], [-48.60377727345939, -2.216954442872149], [-48.6038806840345, -2.2171047244301025], [-48.604349069998065, -2.217592208277654], [-48.60483094873088, -2.2179266364193535], [-48.6048910717417, -2.2180379488182207], [-48.6049259704187, -2.2180857043677147], [-48.605018753912496, -2.21808585546312], [-48.60511162752504, -2.218030003815782], [-48.60510922278236, -2.217964566695487], [-48.605273258575195, -2.2179359640947096], [-48.605443839991715, -2.2180388488937353], [-48.6055544831261, -2.217983421756285], [-48.605855208611715, -2.21806888726655], [-48.6060114476118, -2.2181434745923023], [-48.60615723500673, -2.2181512248073916], [-48.606383644088794, -2.2179797161883767], [-48.606419153572105, -2.217772510372463], [-48.60658002403436, -2.2177323304576975], [-48.606700806924096, -2.217621312340552], [-48.60687538549434, -2.2174915128419292], [-48.60688282568667, -2.217292692772172]], [[-48.60408908871823, -2.216338919348742], [-48.60406389154339, -2.216241633112989], [-48.602485034373835, -2.2156383482367357], [-48.60096612128506, -2.215099541780165], [-48.60085708923999, -2.2154049431613365], [-48.60075936647257, -2.2155914596260615], [-48.6007964646644, -2.215600853862135], [-48.60283631912908, -2.2164582189464204], [-48.60286879326582, -2.216458271837775], [-48.60292438059661, -2.216509698267719], [-48.602961411279146, -2.2165610944761656], [-48.60303089357427, -2.2166265442410293], [-48.60305864593435, -2.216677925341949], [-48.603281130537596, -2.2167996271156625], [-48.603341394618674, -2.216827726671273], [-48.60340171878882, -2.21681849111529], [-48.603452749609026, -2.2168185742238613], [-48.60347588535421, -2.2168559471135554], [-48.60368682281803, -2.216923843263527], [-48.60375419027054, -2.216884401746191], [-48.60384052954178, -2.2165808809272223], [-48.60394039516797, -2.2164880181964066], [-48.60397750849804, -2.216488078616597], [-48.60403320852461, -2.216469501680557], [-48.604047208603575, -2.216418188534063], [-48.60408908871823, -2.216338919348742]]]}, "properties": {"id": 332, "Parcela": "Z-124", "ANO": 2002, "Ha": 6.49, "PLANTAS": 970, "VARIEDADE": "PB-132", "Rot_labels": -20, "auxiliary_": null, "auxiliar_1": null, "auxiliar_2": null}}, {"type": "Feature", "geometry": {"type": "Polygon", "coordinates": [[[-48.600886415410855, -2.20243529970865], [-48.60086074342802, -2.202533262883655], [-48.60081896153665, -2.2025518627747314], [-48.60077711988181, -2.202607797710175], [-48.6007027446689, -2.2027010150764728], [-48.6006979486608, -2.2027990120523713], [-48.6006745887217, -2.2029016458419535], [-48.600637348794045, -2.202980922674911], [-48.60054443202982, -2.203064776173726], [-48.60051644041889, -2.2031627355465555], [-48.60045130599649, -2.2032793022861785], [-48.60039548715569, -2.2033725496524785], [-48.600358157484905, -2.203507829000878], [-48.600357985559, -2.203615167225624], [-48.6003671068045, -2.20371318673211], [-48.60036696476663, -2.2038018574398563], [-48.60039927409952, -2.203904581431627], [-48.60040377116654, -2.2039932596623597], [-48.60040365154269, -2.204067929733787], [-48.600435960864864, -2.2041706537334953], [-48.60048217257975, -2.2042827340622204], [-48.60050049724988, -2.204427437422574], [-48.600518821908594, -2.204572140786342], [-48.600537154034285, -2.2047121772736515], [-48.60356476825524, -2.2057998053282453], [-48.603581053787906, -2.2057694968521897], [-48.60370219422645, -2.2054430099462534], [-48.60375343011172, -2.205314753118975], [-48.60381631609295, -2.205153846828546], [-48.603848939395654, -2.2050605616042493], [-48.60387230683486, -2.2049532606736233], [-48.603902606818274, -2.2048623051284175], [-48.604362317479335, -2.203620212104962], [-48.60118891284876, -2.2024218056186053], [-48.600886415410855, -2.20243529970865]], [[-48.595509158414664, -2.201216728329252], [-48.595141149221995, -2.2022626419999054], [-48.59499749674563, -2.2026533620849498], [-48.59612801118807, -2.203052946077505], [-48.59616994273681, -2.2029410090993027], [-48.59617473155031, -2.2028476793302385], [-48.59621899778804, -2.2027790716274867], [-48.59619041258668, -2.2027089135806417], [-48.59620698983766, -2.2025975866928342], [-48.59618658411679, -2.202539814569194], [-48.596198563252635, -2.202451033449894], [-48.59624977292439, -2.2023391115014106], [-48.596277352101964, -2.2021811551923545], [-48.596361365657295, -2.2021806187476303], [-48.596421748730656, -2.2021340479460525], [-48.596454319671906, -2.202073431378267], [-48.59648232633041, -2.201966138619136], [-48.59652424278226, -2.201863535299148], [-48.59652810597756, -2.201760892073873], [-48.59657098533002, -2.2016442678362576], [-48.59662226969157, -2.2014856771464975], [-48.59666422348429, -2.201359739462668], [-48.596673613856694, -2.201289751508207], [-48.59670276783651, -2.2011226161665167], [-48.595979140630455, -2.2011315528783024], [-48.595509158414664, -2.201216728329252]], [[-48.59681328778866, -2.2027101203792108], [-48.5967359352157, -2.202927927145206], [-48.59672654475207, -2.202997915090541], [-48.596675424840285, -2.2030538346686552], [-48.59667995166673, -2.2031238451989825], [-48.59661032774346, -2.203147066582681], [-48.59658702744817, -2.2032123650614888], [-48.5966240973919, -2.203258138161556], [-48.59794072121673, -2.2037909218912795], [-48.59804712053237, -2.203645331223347], [-48.59777703811099, -2.203335576518171], [-48.59727626871077, -2.2030571099829177], [-48.59681328778866, -2.2027101203792108]]]}, "properties": {"id": 34, "Parcela": "B-131", "ANO": 2002, "Ha": 13.76, "PLANTAS": 2059, "VARIEDADE": "PB-123", "Rot_labels": -20, "auxiliary_": null, "auxiliar_1": null, "auxiliar_2": null}}, {"type": "Feature", "geometry": {"type": "Polygon", "coordinates": [[[-48.59045324550672, -2.189297492844488], [-48.59033204137634, -2.1896659785988253], [-48.59018824674524, -2.189840315119439], [-48.59006212676706, -2.190197563666388], [-48.58995645754805, -2.1902392970052658], [-48.58996568019465, -2.19031407901818], [-48.5899435813372, -2.1903537115365723], [-48.58992494123368, -2.1904061835054507], [-48.58989233490661, -2.190544672711732], [-48.59803504772078, -2.1935525289866953], [-48.5980221080757, -2.1935145760533654], [-48.59809674661108, -2.1932556845291242], [-48.598147962596734, -2.1931390951270067], [-48.598171336677154, -2.19302712764303], [-48.59820392932757, -2.192952510115834], [-48.59825044663767, -2.192873248181311], [-48.598264490425365, -2.1927939338131246], [-48.59825994813529, -2.192733256977154], [-48.59825078910361, -2.1926585720339955], [-48.59830199012414, -2.192551316335914], [-48.59837191117368, -2.1923414193695736], [-48.598432494493196, -2.192168842391714], [-48.59844192892202, -2.192070853022746], [-48.59846522102453, -2.1920102210991774], [-48.59847920521386, -2.19196824169552], [-48.59848859497735, -2.1918982535631093], [-48.59849800705927, -2.191814264808569], [-48.59854037269627, -2.191632211374894], [-48.59056056914429, -2.1891085453806953], [-48.59045324550672, -2.189297492844488]]]}, "properties": {"id": 66, "Parcela": "C-141", "ANO": 2001, "Ha": 18.67, "PLANTAS": 3618, "VARIEDADE": "PB-141", "Rot_labels": -20, "auxiliary_": null, "auxiliar_1": null, "auxiliar_2": null}}, {"type": "Feature", "geometry": {"type": "Polygon", "coordinates": [[[-48.59253634960639, -2.1833716074343728], [-48.59252674459303, -2.183576934044024], [-48.59250792095056, -2.183744910868434], [-48.59252174884415, -2.1838009355412416], [-48.59254948638358, -2.1838616494992142], [-48.59260968224597, -2.183931749505148], [-48.598850170235856, -2.186242569889805], [-48.598865514624784, -2.1861172827576203], [-48.59880561607554, -2.1858644271993115], [-48.59866040444604, -2.1855406618404687], [-48.59866056516987, -2.1854395584406157], [-48.59857583066942, -2.1850046764131057], [-48.59846563351859, -2.1847820711362003], [-48.59836964645536, -2.184547825663775], [-48.59783220677131, -2.184112940997036], [-48.59762749846721, -2.1841235495283526], [-48.597476924509884, -2.1840120933915803], [-48.59742692334766, -2.183855302431171], [-48.59732665589138, -2.1837085409890045], [-48.597246295713866, -2.183683135846056], [-48.597286809204135, -2.1834860490701287], [-48.59708628235389, -2.1831874711007804], [-48.597061342012836, -2.183071161918307], [-48.596634769781964, -2.1827216687671727], [-48.596614982984015, -2.18252448510326], [-48.596258231037616, -2.1825087458760124], [-48.596223160372, -2.182442972211074], [-48.59600728564134, -2.182316245691278], [-48.59573081357174, -2.182376463090992], [-48.595348729564414, -2.1826667715244255], [-48.59528372375452, -2.1827040019317843], [-48.595102124655455, -2.1827293136042956], [-48.59503140473602, -2.1829617376022914], [-48.594949253347664, -2.1829928099047238], [-48.594898149775545, -2.183039396391771], [-48.59486560975092, -2.183081345879865], [-48.59446170222047, -2.1832767043330272], [-48.594401313145454, -2.1833279426974452], [-48.59355839351975, -2.183389055164011], [-48.59322683966077, -2.1833278591399745], [-48.592619978370685, -2.183292405467963], [-48.59253634960639, -2.1833716074343728]]]}, "properties": {"id": 354, "Parcela": "C-144(2)", "ANO": 2000, "Ha": 13.26, "PLANTAS": 2033, "VARIEDADE": "PB-141", "Rot_labels": -20, "auxiliary_": null, "auxiliar_1": null, "auxiliar_2": null}}, {"type": "Feature", "geometry": {"type": "Polygon", "coordinates": [[[-48.60321804591537, -2.1846628457559905], [-48.60302775661331, -2.1852786030930167], [-48.60438805215306, -2.185775695574049], [-48.6048402272544, -2.184585047203913], [-48.60243977749005, -2.1837846860075207], [-48.60215323817413, -2.1836910203294138], [-48.60198731564905, -2.183751416332378], [-48.602512838239875, -2.1842467175437887], [-48.60304550289479, -2.1844290389414343], [-48.60321217530509, -2.184541993299099], [-48.60321804591537, -2.1846628457559905]]]}, "properties": {"id": 90, "Parcela": "D-141", "ANO": 2002, "Ha": 2.91, "PLANTAS": 416, "VARIEDADE": "PB-123", "Rot_labels": -20, "auxiliary_": null, "auxiliar_1": null, "auxiliar_2": null}}, {"type": "Feature", "geometry": {"type": "Polygon", "coordinates": [[[-48.59273831951238, -2.184014574010998], [-48.592642783748786, -2.1842654837730153], [-48.59264377996878, -2.184368156430297], [-48.592662217142234, -2.1844428560079807], [-48.592689880332834, -2.1845502385236273], [-48.592666432415044, -2.1847088741673377], [-48.5927384539116, -2.184791886365076], [-48.59286117926964, -2.1849570524391035], [-48.59256859641172, -2.1849700609046727], [-48.59256845512565, -2.1850587311246885], [-48.592582327598656, -2.1850867546895723], [-48.59256130323171, -2.1851800580983856], [-48.59254267274142, -2.1852266967089338], [-48.5925332942801, -2.185289684268769], [-48.59249141284898, -2.1853712868668507], [-48.592447115199235, -2.1855135548094378], [-48.59241915827897, -2.1855905129891564], [-48.59240521886936, -2.1856044910989456], [-48.592363434113864, -2.18562542458748], [-48.59232629582831, -2.185641698704357], [-48.59230769320952, -2.1856708365994955], [-48.59225990693528, -2.185818932459393], [-48.592197038203885, -2.1859705041197794], [-48.59215975481215, -2.1860777818391495], [-48.59213880103677, -2.186126750101161], [-48.59212248629066, -2.186175725847375], [-48.592106160379444, -2.186231701870268], [-48.59209915345975, -2.186262025178725], [-48.59828396416849, -2.18857976808984], [-48.59842845855867, -2.1881506474359207], [-48.599040980961945, -2.186375379497185], [-48.59273831951238, -2.184014574010998]]]}, "properties": {"id": 68, "Parcela": "C-143(2)", "ANO": 2000, "Ha": 18.86, "PLANTAS": 2886, "VARIEDADE": "PB-141", "Rot_labels": -20, "auxiliary_": null, "auxiliar_1": null, "auxiliar_2": null}}, {"type": "Feature", "geometry": {"type": "Polygon", "coordinates": [[[-48.6051810979419, -2.201371490035381], [-48.59873196114385, -2.198943606678841], [-48.598663750603656, -2.1991415433598296], [-48.59866363862244, -2.199211546466647], [-48.598677339400425, -2.1993469083383017], [-48.59867721247696, -2.199426245193265], [-48.59867706314935, -2.1995195826695353], [-48.59868617707354, -2.1996222689165092], [-48.59871392204711, -2.199678316472826], [-48.59875090041154, -2.1997623802987167], [-48.59873687111234, -2.19983236087311], [-48.59870889464657, -2.1999209864041602], [-48.59866236178396, -2.200009581879207], [-48.59863904680365, -2.2000842142925685], [-48.598629656578396, -2.2001542023701144], [-48.598615589905364, -2.2002475173005274], [-48.59858744906556, -2.2004388140282605], [-48.59860129166027, -2.2004855053071246], [-48.598638284926324, -2.2005602354027625], [-48.59861496990678, -2.2006348678044736], [-48.59858236921242, -2.200714152045411], [-48.59856368580822, -2.2007934588296654], [-48.598545024812296, -2.2008587649916134], [-48.59852633392465, -2.2009427386443026], [-48.598507530945454, -2.2010967153913352], [-48.59850744127521, -2.2011527178688675], [-48.59846554739019, -2.2012413207987165], [-48.59843757827029, -2.2013252794035467], [-48.59967049538928, -2.201810133006325], [-48.59968945615482, -2.2017519946007442], [-48.599740575970024, -2.2016960747446013], [-48.599814816608266, -2.2016868612331395], [-48.59987041118099, -2.2017336201908724], [-48.59985641915676, -2.2017802664228534], [-48.599805276922446, -2.2018501869171847], [-48.600959727909135, -2.2022814109679913], [-48.60098296081258, -2.202258114127633], [-48.60100626093133, -2.2021928153512715], [-48.60104134756957, -2.2020775238620462], [-48.60118277868717, -2.2020484274878327], [-48.60122004092477, -2.2019551499357375], [-48.601266581375775, -2.2018618873997933], [-48.60129924181157, -2.201745267910412], [-48.60134100874678, -2.2017360017399117], [-48.601336317374255, -2.2017686624091066], [-48.6013223029807, -2.201829309353108], [-48.60129899542676, -2.2018992750388136], [-48.60128032697955, -2.2019692482331474], [-48.60132667330103, -2.201997324643623], [-48.60133589179169, -2.2020346747287562], [-48.6012986818211, -2.2020952841108277], [-48.60127541905319, -2.2021372484946946], [-48.601247584378044, -2.2021372034221374], [-48.60119182541701, -2.2021931158629244], [-48.60122424693034, -2.2022258366268628], [-48.60121485668567, -2.2022958248372353], [-48.60118694732641, -2.2023424485829346], [-48.60112198481022, -2.20235167716323], [-48.60439916074858, -2.2035614768278213], [-48.60453973218602, -2.203159916223893], [-48.60473543333019, -2.202623538577667], [-48.60494037512434, -2.20211051022457], [-48.605010319853506, -2.2018866117507865], [-48.605117452059275, -2.2016161042798825], [-48.6051810979419, -2.201371490035381]]]}, "properties": {"id": 35, "Parcela": "B-132", "ANO": 2002, "Ha": 18.84, "PLANTAS": 2873, "VARIEDADE": "PB-123", "Rot_labels": -20, "auxiliary_": null, "auxiliar_1": null, "auxiliar_2": null}}, {"type": "Feature", "geometry": {"type": "Polygon", "coordinates": [[[-48.62537941168095, -2.1886856806180983], [-48.628893914798724, -2.1899657526816174], [-48.6290347349975, -2.189584794694094], [-48.62907887168366, -2.189466958615992], [-48.629204059270236, -2.189166967000877], [-48.62896223215704, -2.189108141316292], [-48.628874329621205, -2.1891080014500077], [-48.62859114995542, -2.189068248740861], [-48.628522789061385, -2.1890632271924093], [-48.62843976230318, -2.189068007823529], [-48.6280309796965, -2.188978054394607], [-48.62753857447969, -2.188939355904687], [-48.627145144444704, -2.188866301001034], [-48.627018020693015, -2.18887368152445], [-48.62665811997065, -2.188809044203707], [-48.62586682665571, -2.1887016229486496], [-48.62539458260611, -2.1886250414108606], [-48.62537941168095, -2.1886856806180983]]]}, "properties": {"id": 86, "Parcela": "D-113", "ANO": 2001, "Ha": 2.12, "PLANTAS": 328, "VARIEDADE": "PB-121", "Rot_labels": -20, "auxiliary_": null, "auxiliar_1": null, "auxiliar_2": null}}, {"type": "Feature", "geometry": {"type": "Polygon", "coordinates": [[[-48.62811654057312, -2.192285930907097], [-48.62728665081409, -2.194465006832016], [-48.62804317301795, -2.1947315031524823], [-48.6281020924859, -2.1945301740380656], [-48.627898023846555, -2.1938715387308343], [-48.627947454947, -2.1934933351466825], [-48.62807005303071, -2.1931692885619762], [-48.62814856806584, -2.1929286885391703], [-48.628280847788986, -2.1926586976343985], [-48.62831279936653, -2.1925261040409922], [-48.62835758126234, -2.1923924762408586], [-48.62811654057312, -2.192285930907097]]]}, "properties": {"id": 82, "Parcela": "D-101", "ANO": 2001, "Ha": 1.13, "PLANTAS": 175, "VARIEDADE": "PB-121", "Rot_labels": -20, "auxiliary_": null, "auxiliar_1": null, "auxiliar_2": null}}, {"type": "Feature", "geometry": {"type": "Polygon", "coordinates": [[[-48.59004599570111, -2.2161088819394177], [-48.59070513877017, -2.216183650284362], [-48.5913390761425, -2.2163108896928114], [-48.591638854478646, -2.2164359043350315], [-48.59201464828736, -2.2165789854419455], [-48.59351304491529, -2.2170874376387535], [-48.59359624597426, -2.2169745831252583], [-48.59369406557897, -2.216881403036898], [-48.59378704935901, -2.2167587392110524], [-48.593899662112406, -2.2165771558292873], [-48.5939780669502, -2.216410254395929], [-48.59404170241674, -2.216317018337292], [-48.59408090481328, -2.216233567603287], [-48.59411035619458, -2.2161402756533946], [-48.59413005655926, -2.2160371424895557], [-48.594139958305746, -2.2159536438543164], [-48.594179208265935, -2.2158407173594887], [-48.594247727103124, -2.2157474892307696], [-48.59433654932404, -2.2155841334250286], [-48.59442711161893, -2.215516036655188], [-48.59453055902626, -2.2152482818673276], [-48.59088011072512, -2.213842292089455], [-48.59071468049032, -2.2141598468743533], [-48.59058216920771, -2.21456737793128], [-48.59004599570111, -2.2161088819394177]]]}, "properties": {"id": 333, "Parcela": "Z-133", "ANO": 2002, "Ha": 10.18, "PLANTAS": 1557, "VARIEDADE": "PB-123", "Rot_labels": -20, "auxiliary_": null, "auxiliar_1": null, "auxiliar_2": null}}, {"type": "Feature", "geometry": {"type": "Polygon", "coordinates": [[[-48.577719952612924, -2.2365767316297287], [-48.5776149504735, -2.2365814698213606], [-48.57751726544623, -2.2365911327323222], [-48.5774147453584, -2.236571312157254], [-48.577336658627765, -2.23654170701277], [-48.57722933574864, -2.2364727527150947], [-48.57718550570688, -2.2363989913075604], [-48.5770978053141, -2.2362760313027734], [-48.57701975086984, -2.2362267759263474], [-48.57692207397127, -2.23623152625952], [-48.57686837224192, -2.236221611913771], [-48.5768097790105, -2.236216602014013], [-48.57670716223732, -2.2362557321310708], [-48.57667304266553, -2.2362163748768644], [-48.57660476320575, -2.236162223163087], [-48.57653151160451, -2.2361621014767303], [-48.576458251942555, -2.236166892344391], [-48.57640936915682, -2.2361962865605247], [-48.576365353679314, -2.2362355140008976], [-48.57630684112465, -2.2361813785108846], [-48.576253147490846, -2.236166551592048], [-48.57620914008171, -2.2362008664673643], [-48.57616511653917, -2.2362450064523145], [-48.57610640234558, -2.236313684871764], [-48.57607212147396, -2.2363725787448936], [-48.57603784059793, -2.2364314726141568], [-48.57600343870446, -2.236564054819583], [-48.575900725118075, -2.2366621354971774], [-48.575827312154686, -2.2367602648551514], [-48.57577837286175, -2.236824046900694], [-48.57572448556526, -2.2369271212616706], [-48.575690156225605, -2.23701549042196], [-48.57565586723062, -2.2370792968033952], [-48.57564595507525, -2.237167706549518], [-48.57563604291304, -2.237256116294157], [-48.57562616303079, -2.2373248758190805], [-48.57558205062706, -2.237423053828346], [-48.5755479149762, -2.2373935216602177], [-48.57550410931185, -2.237305022602678], [-48.575450197735435, -2.2374228345743936], [-48.57539636687362, -2.2374915209973616], [-48.57534743559261, -2.237550390427292], [-48.57528381361682, -2.2376337982519154], [-48.57522015933384, -2.237736856278015], [-48.57520050445178, -2.2378105120820067], [-48.575190551843875, -2.2379234845536145], [-48.57527342498881, -2.2380120486076542], [-48.57594568472844, -2.2390202434003927], [-48.57647200685426, -2.2396843160569846], [-48.57651597407189, -2.2396745640706524], [-48.57659904121138, -2.2396452268511977], [-48.57666261492674, -2.239591294333958], [-48.5767017471511, -2.2395520588629925], [-48.57678969774079, -2.239522729745142], [-48.57696063472216, -2.2395131889518702], [-48.57706818372861, -2.2394445918239465], [-48.57718060003527, -2.239385827919311], [-48.57726860714751, -2.239322110828163], [-48.57726376406138, -2.239297539904537], [-48.57723450371078, -2.2392729283739157], [-48.57717104304656, -2.239258085113175], [-48.57712711619553, -2.239243274338085], [-48.57710764697521, -2.2392039413722458], [-48.57710281196403, -2.239174457891571], [-48.57712245879755, -2.2391057145389106], [-48.57721045780607, -2.2390469099957317], [-48.57724961421855, -2.238992936796836], [-48.57728380645461, -2.23898808107876], [-48.57735704209318, -2.238998028002573], [-48.57738639123827, -2.238968601357342], [-48.577445033025136, -2.238944135988959], [-48.577503650598544, -2.2389344083000307], [-48.57758175355919, -2.23895418845382], [-48.577648884897926, -2.2389641252143275], [-48.577755051587545, -2.2389937771712436], [-48.57780399911053, -2.2389250824837985], [-48.57784316358032, -2.2388661966789707], [-48.57798987699559, -2.238738713569717], [-48.578214822464936, -2.2385524095051608], [-48.578332073767506, -2.2385231288880583], [-48.57852725062317, -2.238621704779662], [-48.57871291873019, -2.238563062340458], [-48.57898663422408, -2.2384161396930162], [-48.57909432830842, -2.2382591160147434], [-48.57917294737218, -2.237964491749794], [-48.579222281738794, -2.23765999365607], [-48.57916406719679, -2.2374240931086256], [-48.57905677630835, -2.2373354885142285], [-48.57892977429345, -2.237354927958192], [-48.57883205687803, -2.2373842411756795], [-48.57874417086174, -2.23737427007417], [-48.57866606787897, -2.2373544900568567], [-48.57854884892056, -2.2373641205492474], [-48.57849016688316, -2.2374131488764704], [-48.578363164906385, -2.2374325882555124], [-48.57827540793037, -2.2373440160981946], [-48.578187796094156, -2.237167017796245], [-48.57809995851228, -2.2371275712930503], [-48.57797308560506, -2.2370684096489626], [-48.577953713068965, -2.236970125943012], [-48.57795390656736, -2.236852224428674], [-48.577875981029784, -2.236724368028641], [-48.577719952612924, -2.2365767316297287]]]}, "properties": {"id": 331, "Parcela": "W-142", "ANO": 2003, "Ha": 10.06, "PLANTAS": 664, "VARIEDADE": "PB-123", "Rot_labels": -20, "auxiliary_": null, "auxiliar_1": null, "auxiliar_2": null}}, {"type": "Feature", "geometry": {"type": "Polygon", "coordinates": [[[-48.57511824651445, -2.2380903915219705], [-48.575015540797224, -2.238183559402041], [-48.574775557463965, -2.2386056406790935], [-48.57472173457437, -2.2386694144432013], [-48.57475564395579, -2.2388364980805346], [-48.57491631276127, -2.239131519413681], [-48.574969772064016, -2.2392888104939837], [-48.57493949345983, -2.239883180499794], [-48.574885209669766, -2.2402269696710344], [-48.5748504838212, -2.2405560536932976], [-48.57478208320082, -2.240575590019152], [-48.57475748805705, -2.240683625472632], [-48.57474757559616, -2.2407720351231033], [-48.57470831390953, -2.2408898712640988], [-48.5746348599752, -2.241012562992759], [-48.57461992652511, -2.24118447785546], [-48.574609892679334, -2.241346575750491], [-48.574609690434215, -2.2414693895149376], [-48.57459981027061, -2.2415381489459287], [-48.57457527165936, -2.2416117965097304], [-48.574506806256885, -2.2416706331662555], [-48.57449197789497, -2.241778684850995], [-48.57454563921855, -2.2418131622394974], [-48.57467753286893, -2.2417888192513615], [-48.574696912946315, -2.2418821902743704], [-48.57475059046634, -2.2419068425625217], [-48.57481901543896, -2.2418725686526413], [-48.57485321578912, -2.241862800522336], [-48.5749118495847, -2.2418432479806967], [-48.57498514992022, -2.241813894746012], [-48.575087710527654, -2.2418091530928455], [-48.575151243959695, -2.2417797835685134], [-48.57521477739157, -2.241750414038621], [-48.57525879318573, -2.241711186849556], [-48.57536134571723, -2.241711357721589], [-48.57539549754287, -2.2417310648910473], [-48.575424798268735, -2.2417311137100455], [-48.575488331704896, -2.2417017441599123], [-48.57551283794295, -2.241647746747895], [-48.57557150409627, -2.2416085439443267], [-48.575654611781616, -2.2415546441474823], [-48.57567426690001, -2.2414809883705926], [-48.57564998709769, -2.241397434272433], [-48.57565498375799, -2.2413286666452934], [-48.57566486386804, -2.241259907151528], [-48.57569916932678, -2.2411862757701018], [-48.57574804428904, -2.2411617943310564], [-48.575792116645246, -2.2410881792063346], [-48.57581182023327, -2.240985048082848], [-48.57582179732408, -2.2408573379166614], [-48.57586594240299, -2.2407395097785288], [-48.57592956469765, -2.2406561020423816], [-48.57596873739108, -2.2405923038659634], [-48.57602749238051, -2.240499062870213], [-48.57606176544568, -2.2404450816641175], [-48.57613024691715, -2.2403764196908127], [-48.57616942766783, -2.2403077089347705], [-48.576208616492764, -2.240234085617115], [-48.5762576126141, -2.240135915766599], [-48.57630654408943, -2.240077046362113], [-48.57637013399527, -2.2400132887758346], [-48.576404463575756, -2.2399249196345914], [-48.57645838349983, -2.239802195090458], [-48.57627320817034, -2.239561171009206], [-48.57601985038233, -2.239207044426456], [-48.575795769118635, -2.2388677043454464], [-48.57554239532184, -2.2385234030409378], [-48.575254966723456, -2.2381004441014363], [-48.57511824651445, -2.2380903915219705]]]}, "properties": {"id": 330, "Parcela": "W-152", "ANO": 2003, "Ha": 4.9, "PLANTAS": 1509, "VARIEDADE": "PB-132", "Rot_labels": -20, "auxiliary_": null, "auxiliar_1": null, "auxiliar_2": null}}, {"type": "Feature", "geometry": {"type": "Polygon", "coordinates": [[[-48.592253856591284, -2.1929165534728705], [-48.59229283700659, -2.192970655505969], [-48.59235135870459, -2.1930198765397244], [-48.59234634177469, -2.193103383148346], [-48.59235113869817, -2.193157429855426], [-48.59239008768563, -2.1932311823708064], [-48.59241441803427, -2.1932852606998106], [-48.592507091813715, -2.193354187556651], [-48.59255095559743, -2.193408297510466], [-48.593070869289605, -2.1936891347776815], [-48.59316508823982, -2.193734653542278], [-48.59327136203802, -2.193932787444979], [-48.593369561913484, -2.1940525483793576], [-48.593409381988316, -2.194063067288914], [-48.59341927443054, -2.193984481142178], [-48.59337545773535, -2.1939008954286163], [-48.593360964784175, -2.1938026192758437], [-48.59335621498261, -2.1937190967977984], [-48.593370967198744, -2.193655256421006], [-48.59344418620274, -2.1936750254558337], [-48.593502676566565, -2.193743897006204], [-48.59354653255831, -2.193802919605406], [-48.59359525620333, -2.1938717753560137], [-48.59367814768461, -2.1939505116788407], [-48.59374151357415, -2.19402430377018], [-48.593800035385335, -2.194073524844289], [-48.59385855720112, -2.194122745920309], [-48.59391703188429, -2.194201442742401], [-48.593951113311476, -2.1942653621791908], [-48.59398031137334, -2.1943292737147746], [-48.593999750559256, -2.194388256820737], [-48.594121834723396, -2.194388454408853], [-48.59418626180975, -2.194184109762742], [-48.5940589008658, -2.194044467946623], [-48.59412397412934, -2.1938554232032548], [-48.593928147292836, -2.1934059517685864], [-48.59371963305697, -2.1930509325686747], [-48.59357663382583, -2.1927455099067483], [-48.593630120167894, -2.1926259944133193], [-48.59410054247085, -2.193527737907504], [-48.594113285502516, -2.193626981766287], [-48.59413266188646, -2.193725265865456], [-48.59416668050736, -2.193828486295505], [-48.59419580790605, -2.193936611453463], [-48.594278338133996, -2.1942413285472195], [-48.59433198447458, -2.1942856291010675], [-48.594375856228716, -2.194334826477627], [-48.59440507002661, -2.1943889127747607], [-48.59443920647005, -2.19441844384658], [-48.59449775975652, -2.1944480144308813], [-48.594585628969426, -2.194467807175508], [-48.5946638806907, -2.1943942442060953], [-48.59464447288668, -2.194315610573166], [-48.594615369030485, -2.194192747500957], [-48.59463627641067, -2.1940999645538226], [-48.59454724535186, -2.1940403454695847], [-48.59456692018191, -2.1939519497970514], [-48.59460118228155, -2.1939028788334585], [-48.59460624626135, -2.1937898963228473], [-48.59461643748505, -2.1936875114368783], [-48.59463712682082, -2.1935679428051107], [-48.5945676637306, -2.193423483096753], [-48.59456388046398, -2.1932255148943542], [-48.5945729891263, -2.192656388629733], [-48.59462229013432, -2.192590480976234], [-48.594651177971954, -2.1931758890767834], [-48.594694971251194, -2.19327421268935], [-48.59469476713504, -2.1934019409888323], [-48.59469457085826, -2.1935247566611724], [-48.5947236904727, -2.1936377944717167], [-48.59472353343715, -2.1937360470113907], [-48.594733127424306, -2.1938441406036358], [-48.594758411254126, -2.19390531640296], [-48.59490442543148, -2.1942101362928454], [-48.594927684725285, -2.1943308067073954], [-48.59508272813161, -2.1943563879017933], [-48.59538177534923, -2.1943708424166464], [-48.5954968378203, -2.19432818827863], [-48.59552820583011, -2.1944152930518803], [-48.59562379483043, -2.1944108778841884], [-48.59573027343118, -2.1944811617316837], [-48.596148182259334, -2.1945489371374833], [-48.596158121708385, -2.194440875025092], [-48.596161019142485, -2.1943045171190705], [-48.596103637340946, -2.1942961759032404], [-48.59557579859424, -2.193660193467751], [-48.595723346039236, -2.1936851773116497], [-48.59598114891167, -2.1939825375433784], [-48.59593409094801, -2.194062239141373], [-48.59612429916591, -2.1942148386740583], [-48.59615857696698, -2.1941559423607124], [-48.59619271348871, -2.194185473424598], [-48.59629156759523, -2.194306311708243], [-48.59631905597083, -2.194399876867763], [-48.59624102917882, -2.194509786122912], [-48.59624091928026, -2.1945785629768864], [-48.59642145502637, -2.1946721951852823], [-48.59647032018547, -2.194652623619445], [-48.59653391396521, -2.1945839494046306], [-48.59656819963356, -2.19452014044003], [-48.59662200310411, -2.194466188320581], [-48.59669044100313, -2.194422085147987], [-48.596744236619145, -2.1943730456495474], [-48.59679815778641, -2.1942454039938446], [-48.59682761497726, -2.194147198666178], [-48.596891169479996, -2.1941030875679837], [-48.59700839404254, -2.194088539094617], [-48.597091466358705, -2.1940542848206026], [-48.59717941420695, -2.194024951065568], [-48.59724288241495, -2.1940348789321305], [-48.5973258213783, -2.1940841394544326], [-48.5973893209742, -2.1940744167720934], [-48.597477284525624, -2.1940352577204174], [-48.597560341168176, -2.194010828679554], [-48.597638490904416, -2.194001129653304], [-48.59773129862254, -2.193986541654176], [-48.59779479822996, -2.193976818947024], [-48.597838936857386, -2.193858986636297], [-48.597863494905745, -2.1937705985918345], [-48.597863636055884, -2.193682171101367], [-48.59776529015619, -2.1934863906004813], [-48.58982482306364, -2.190586606164748], [-48.58973742019693, -2.1908049635385685], [-48.58968851608289, -2.1908490979698865], [-48.58961017047636, -2.1909816119183705], [-48.589497382094855, -2.191276186570616], [-48.589173996676024, -2.1919536044180616], [-48.588934044445466, -2.192370788286185], [-48.58887045874581, -2.1924345492904944], [-48.58881656105507, -2.192547452170093], [-48.58877606204918, -2.1926841223793736], [-48.59701967741375, -2.1957246361062226], [-48.59709860393606, -2.1957000335037438], [-48.59719412720401, -2.195528596011768], [-48.59718229654642, -2.195277681095372], [-48.59722155982012, -2.1951549283682534], [-48.59728526352333, -2.1950174772007593], [-48.597330894161345, -2.194846368228563], [-48.59721720227633, -2.19482577386476], [-48.59683150954856, -2.1947661985161857], [-48.596772916865476, -2.1947611911312515], [-48.5966752179209, -2.194780683744775], [-48.59656287669945, -2.194795240025181], [-48.59647975724299, -2.194858970010295], [-48.596425961594086, -2.1949080094700584], [-48.59637216594206, -2.194957048923958], [-48.59630375156209, -2.1949864141463973], [-48.59624025981644, -2.194991224099389], [-48.596162149351876, -2.1949763598244005], [-48.59609386060733, -2.194927122921802], [-48.59601087463193, -2.1949073381138193], [-48.59594739075482, -2.19490723542561], [-48.59585463018939, -2.1948923474449606], [-48.59580092877425, -2.194882435288441], [-48.59574722736189, -2.1948725231307615], [-48.595597241808825, -2.194848619779685], [-48.5954267294357, -2.1946360267652123], [-48.595313469352824, -2.194598347940948], [-48.59520541641219, -2.194719354673768], [-48.59513193806015, -2.194861702380989], [-48.59510236258427, -2.1948966913905585], [-48.59510633033707, -2.194979182043715], [-48.594856403991656, -2.1948839207444006], [-48.595019746187745, -2.194782918589668], [-48.59515540901815, -2.1946153671424287], [-48.59479385600579, -2.194458071936822], [-48.59465872240287, -2.194566178238867], [-48.59460495820945, -2.1945955670726547], [-48.59452678502593, -2.194620003761916], [-48.59438035466941, -2.194575553038741], [-48.59438042537344, -2.1945313394075945], [-48.59432187994889, -2.1944968561922504], [-48.59423399504282, -2.1944868886843025], [-48.594170511266675, -2.194486785939911], [-48.593996086923546, -2.194503101093632], [-48.59397014393491, -2.1945798017419276], [-48.593853084573226, -2.194491184801157], [-48.59379130305439, -2.1943790433889863], [-48.593680731660776, -2.1943046286782435], [-48.593545817586225, -2.1942499682703747], [-48.593492187015315, -2.1941958424702057], [-48.593320273971486, -2.194110207484935], [-48.593226753443496, -2.1940106812383253], [-48.593101777294336, -2.194033093547794], [-48.5928087913273, -2.1940227939552788], [-48.59273907493444, -2.1938863400977002], [-48.592397184744726, -2.1939201749643087], [-48.59226699778322, -2.1938597998595513], [-48.59248598874168, -2.1937415584940156], [-48.59243096403397, -2.193584759467377], [-48.59236586499047, -2.19344310961913], [-48.59223834999463, -2.19345200512274], [-48.592189626453056, -2.193383149411278], [-48.59219959749226, -2.193255437159205], [-48.592253856591284, -2.1929165534728705]]]}, "properties": {"id": 41, "Parcela": "B-144", "ANO": 2001, "Ha": 21.91, "PLANTAS": 3099, "VARIEDADE": "PB-141", "Rot_labels": -20, "auxiliary_": null, "auxiliar_1": null, "auxiliar_2": null}}, {"type": "Feature", "geometry": {"type": "Polygon", "coordinates": [[[-48.587685218203895, -2.1948989882303653], [-48.58759249216862, -2.1951427482840162], [-48.58751398225404, -2.195138829475], [-48.58732982272711, -2.1956036033924673], [-48.58724932499544, -2.1956641343494288], [-48.58721727636184, -2.1957613045456434], [-48.58711911270946, -2.1960706396744802], [-48.58701491898558, -2.1961262988756207], [-48.586693058687665, -2.1968191206360452], [-48.586664425157565, -2.1969483788174906], [-48.592791208253956, -2.1992648154526475], [-48.5950059681514, -2.2000747075274094], [-48.59523948973801, -2.2000266321526243], [-48.59531689178388, -2.1999993086857046], [-48.59534634169171, -2.1999060162551967], [-48.595429430154354, -2.199861937216317], [-48.59550268886684, -2.199857143365969], [-48.59556121870141, -2.19990145205292], [-48.59560019923703, -2.1999555543271283], [-48.595727606400615, -2.199866579387433], [-48.59582965563024, -2.199995227523483], [-48.595893076751736, -2.2000346315011035], [-48.59654350413079, -2.1998266598735166], [-48.59747388169988, -2.1997020977049555], [-48.59744903550382, -2.1995276538238357], [-48.59736438002175, -2.1992382268955795], [-48.5973111966793, -2.1991680290400564], [-48.59642097943414, -2.1982242807972767], [-48.596426101586744, -2.1981636270066414], [-48.5963508388534, -2.1980927326752333], [-48.59621519847871, -2.198069764701292], [-48.587685218203895, -2.1948989882303653]]]}, "properties": {"id": 39, "Parcela": "B-142", "ANO": 2001, "Ha": 28.57, "PLANTAS": 4588, "VARIEDADE": "PB-141", "Rot_labels": -20, "auxiliary_": null, "auxiliar_1": null, "auxiliar_2": null}}, {"type": "Feature", "geometry": {"type": "Polygon", "coordinates": [[[-48.58904013729172, -2.2004454810817506], [-48.58920357267687, -2.200788054925196], [-48.589314110468464, -2.2008830911620647], [-48.58962509317356, -2.201250650255018], [-48.58978058788742, -2.2014323677474947], [-48.59009189010671, -2.20136337475094], [-48.590159135546756, -2.201315501099394], [-48.59021150096623, -2.201152623219241], [-48.590363421742516, -2.2012526029851536], [-48.590543452766624, -2.2012273985032023], [-48.59059240995651, -2.2013759492154277], [-48.59072050279902, -2.201453967378641], [-48.59079747167867, -2.2013267922411854], [-48.590930645883674, -2.201356056527895], [-48.59092588877051, -2.2012774467857565], [-48.59096168933489, -2.2011827122554695], [-48.59108061877869, -2.201158160382038], [-48.591167520038326, -2.2011983035421383], [-48.59128956158729, -2.201245108189444], [-48.591769571202605, -2.201027305643591], [-48.59241441646038, -2.200775696413563], [-48.59249480932022, -2.2007808821503767], [-48.59256275958654, -2.200695503711306], [-48.59264108772026, -2.200437368872495], [-48.59247561552606, -2.2002237495831456], [-48.592556294357365, -2.2000429287436245], [-48.59233971639734, -2.1997027900442108], [-48.59233013878493, -2.1995848713577364], [-48.59240401945574, -2.19942595211583], [-48.59234898303902, -2.199276735594101], [-48.5921934739073, -2.1991096629441613], [-48.59211318655648, -2.199038760410662], [-48.586609036745394, -2.1969774301274145], [-48.58638565702533, -2.197423486030753], [-48.58633167972559, -2.197585514369601], [-48.586200742665945, -2.1977653676294087], [-48.586135816853364, -2.1979143406390746], [-48.58608672281056, -2.198076376861352], [-48.58599358382886, -2.198297292715008], [-48.58595929771659, -2.1983611008386794], [-48.58591532387339, -2.1983757671218247], [-48.58586630082738, -2.19849358994227], [-48.585817254069596, -2.198626150535318], [-48.58572905359212, -2.1988126860778143], [-48.58568021218484, -2.1988175192022035], [-48.585582158050975, -2.199058077336345], [-48.585537980728866, -2.199199242857812], [-48.58555489861875, -2.199212473024548], [-48.58843866270841, -2.2002684642247026], [-48.588504542741966, -2.200296818929418], [-48.58852651788781, -2.2002968546731383], [-48.58855261203547, -2.2002384785616176], [-48.58867562096658, -2.200226306053005], [-48.58875339473411, -2.2003006679993127], [-48.58895003807436, -2.2003875958523653], [-48.58904013729172, -2.2004454810817506]], [[-48.5928536728741, -2.199482288729279], [-48.5929539470367, -2.1996239959788095], [-48.59291885704831, -2.199702194986515], [-48.592918746737325, -2.1997709716670704], [-48.593031174654925, -2.2000361169587577], [-48.59322948212343, -2.2001501800031598], [-48.593498177007106, -2.200241609073009], [-48.59376199283522, -2.200242037261331], [-48.59387510181888, -2.2002637873333644], [-48.59394357949915, -2.200195121553675], [-48.59398274110872, -2.2001362334652224], [-48.59401219895949, -2.200038028532117], [-48.5940415859116, -2.199984037210923], [-48.59414462718151, -2.199787693336471], [-48.59295940581502, -2.1993535537283537], [-48.5928536728741, -2.199482288729279]], [[-48.594258853229476, -2.2000114092379484], [-48.594229470217, -2.200062944259111], [-48.594212311418346, -2.200104673837143], [-48.59419517624757, -2.200131665539985], [-48.59416584442673, -2.2001512684952838], [-48.594134047281784, -2.200185605360374], [-48.5941071177665, -2.2002297753961675], [-48.594092404590626, -2.200269052617001], [-48.59452954250996, -2.2002230918579877], [-48.59454914694012, -2.2001789099164983], [-48.59456875136798, -2.2001347279734484], [-48.5945914001101, -2.200074035037806], [-48.59456892507079, -2.1999880607393947], [-48.59440571983544, -2.199919551227842], [-48.594275104614866, -2.199896591079292], [-48.594258853229476, -2.2000114092379484]], [[-48.59408793502992, -2.202301327063117], [-48.5949155432395, -2.2026284837334256], [-48.595281651423406, -2.2017054732701573], [-48.59540910811117, -2.2014010963417574], [-48.59541409390692, -2.2013372400893227], [-48.59544281305327, -2.2011931097376105], [-48.595052377937016, -2.2010450969781172], [-48.59490268793943, -2.201024279712199], [-48.594758742440504, -2.2011118864964634], [-48.59447014174215, -2.2014110890277485], [-48.59446657395509, -2.2014241297750585], [-48.59438825056376, -2.2015419059388726], [-48.59428548655387, -2.2016743803147687], [-48.59408793502992, -2.202301327063117]]]}, "properties": {"id": 38, "Parcela": "B-141", "ANO": 2001, "Ha": 23.01, "PLANTAS": 3296, "VARIEDADE": "PB-141", "Rot_labels": -20, "auxiliary_": null, "auxiliar_1": null, "auxiliar_2": null}}, {"type": "Feature", "geometry": {"type": "Polygon", "coordinates": [[[-48.59385424517944, -2.2022516147404336], [-48.592804630758856, -2.201860662052963], [-48.592656438854696, -2.2019443854477596], [-48.59258346294797, -2.2019007439566414], [-48.59232202970035, -2.201981201643052], [-48.59216122765033, -2.2019809402952633], [-48.59206077509321, -2.2019504460784924], [-48.59186469208178, -2.202015844394302], [-48.591377131132695, -2.202095934234561], [-48.590939690919676, -2.2022569878207348], [-48.59072870340624, -2.2022162034443], [-48.59045224392164, -2.202266305279315], [-48.590277529132635, -2.202377741343118], [-48.590169976332106, -2.2024512557029396], [-48.59008687991168, -2.2025002467251253], [-48.590003767691144, -2.2025590629550766], [-48.589910888709944, -2.2026178632795106], [-48.58986685140802, -2.2026718304538693], [-48.58973492119487, -2.202720741957405], [-48.589642137015325, -2.202720590946762], [-48.58954451687114, -2.2026909563363777], [-48.58945167739693, -2.202725193566632], [-48.58939786543013, -2.2027840574143465], [-48.58931483221901, -2.20279374749057], [-48.58921223389589, -2.2028230561873947], [-48.5891341393883, -2.2027983659569914], [-48.589036384934765, -2.2028522456161697], [-48.5889973337345, -2.2028423568000495], [-48.58891728874626, -2.2029074242273405], [-48.59016728401458, -2.2033758550496394], [-48.59349088209138, -2.2046192450999946], [-48.59344346844323, -2.204485496193528], [-48.59348263824863, -2.204421695645226], [-48.593526770384365, -2.204308776813916], [-48.59355620495574, -2.2042253098847318], [-48.593600344959164, -2.2041074784162147], [-48.59358608149782, -2.2038667361092896], [-48.59356195651376, -2.2036849293951057], [-48.593527906902494, -2.2036013592504298], [-48.59351343032236, -2.203493257752226], [-48.5934991273235, -2.2032770785740974], [-48.59351877135685, -2.2032083336156782], [-48.593558019962344, -2.2030954068026003], [-48.5935874859905, -2.2029922893542953], [-48.5936414399646, -2.202844997976428], [-48.593685627129965, -2.202697690715294], [-48.5937494188198, -2.2025062015730517], [-48.59385424517944, -2.2022516147404336]], [[-48.58553320575929, -2.199225215426767], [-48.585416184760994, -2.1993425567765787], [-48.58534016544473, -2.1995081079516443], [-48.58527642104785, -2.1996701201368802], [-48.58524204787768, -2.199787966687738], [-48.58517418626816, -2.19983756572459], [-48.58512458655281, -2.1999498913616855], [-48.58509027659275, -2.200028437155708], [-48.585060834165255, -2.200116816081545], [-48.584881774418854, -2.2004335949445424], [-48.58481108729619, -2.2005487183852583], [-48.58479626323778, -2.2006567715068543], [-48.58474723987332, -2.200774594106709], [-48.584707967379785, -2.200902257791947], [-48.584575549406956, -2.201025809985981], [-48.584513636574265, -2.201246870991307], [-48.58779368966836, -2.2024490184717873], [-48.58791958434051, -2.2022824038160524], [-48.58810069758409, -2.2021512650236237], [-48.588301691436484, -2.2021566474117424], [-48.58847264072882, -2.2020962639901835], [-48.58867401676644, -2.201864055135925], [-48.58906026822825, -2.2016658870789416], [-48.58906042620288, -2.2015676349608637], [-48.58904102698959, -2.2014840888781078], [-48.58898747576858, -2.201380836756864], [-48.58896316948702, -2.2013120205516787], [-48.58890466381681, -2.2012529739433533], [-48.58882667995732, -2.201159507321276], [-48.588782911280234, -2.201046445901042], [-48.588734196053906, -2.200972677380134], [-48.588656251697145, -2.200854647754236], [-48.588627089691094, -2.200768629509681], [-48.588573463465195, -2.2007120471722885], [-48.588544230387015, -2.200670242371099], [-48.58851257536879, -2.200616152089052], [-48.588466309736305, -2.2005374749573323], [-48.58847495236157, -2.2004773094623067], [-48.588483533786615, -2.2004552166465245], [-48.58848358708723, -2.2004220565703045], [-48.58848729698935, -2.2003925869045995], [-48.58849224155029, -2.2003545221676957], [-48.58852136965944, -2.200308086016574], [-48.58553320575929, -2.199225215426767]], [[-48.593733123811454, -2.204048979656653], [-48.593809546249375, -2.2040818044804107], [-48.594306131502606, -2.2042854259038704], [-48.59448079117304, -2.2038380998884324], [-48.594522387204734, -2.203724545091946], [-48.594730379305766, -2.203149196177393], [-48.59490097493202, -2.2026412330885834], [-48.59407046086077, -2.2023091870272196], [-48.59393695884069, -2.2025457086503164], [-48.59389334671208, -2.2027425831955076], [-48.59385924400829, -2.2028788745964865], [-48.593825275073584, -2.2029318431594334], [-48.59380261897958, -2.2029734678683237], [-48.59376108381528, -2.203049148596533], [-48.59372708445962, -2.203121054154462], [-48.59370063307831, -2.203181609742144], [-48.593659170883676, -2.203211841644501], [-48.59362898504115, -2.2032534541030553], [-48.59361000863848, -2.203348108527013], [-48.59369253157314, -2.2035376131971534], [-48.5937074085461, -2.2036512597056803], [-48.59372604429688, -2.203768699737539], [-48.59370330907226, -2.203859560640277], [-48.593733123811454, -2.204048979656653]], [[-48.594099280278726, -2.2047814057096935], [-48.59420887633498, -2.2045790906497156], [-48.594222626479244, -2.2044158238910443], [-48.59411732719793, -2.204274108079721], [-48.593755955778065, -2.204193303547956], [-48.59371480325752, -2.2042542981619255], [-48.59370317094581, -2.2043352765257067], [-48.59374904950202, -2.2044163484046457], [-48.593806402347795, -2.204514795506337], [-48.593846585596786, -2.2045611450104396], [-48.59379704441645, -2.204738261051348], [-48.5939649980644, -2.2048210183318466], [-48.594099280278726, -2.2047814057096935]]]}, "properties": {"id": 14, "Parcela": "A-144", "ANO": 2001, "Ha": 21.52, "PLANTAS": 3578, "VARIEDADE": "PB-141", "Rot_labels": -20, "auxiliary_": null, "auxiliar_1": null, "auxiliar_2": null}}, {"type": "Feature", "geometry": {"type": "Polygon", "coordinates": [[[-48.59198432832515, -2.1863182764052156], [-48.59187352029982, -2.1866630112727954], [-48.59182244627644, -2.1866909300043753], [-48.59180157435188, -2.186688562879308], [-48.591778360578644, -2.1867001925621605], [-48.591766699720075, -2.186739842071711], [-48.591724713914864, -2.1868867804651066], [-48.59171534650648, -2.1869427676931004], [-48.59169904288204, -2.1869847431332485], [-48.5916455897614, -2.187049992900824], [-48.59162230152016, -2.1871082910765973], [-48.59159901699824, -2.187164255824861], [-48.591573446466, -2.187199215999597], [-48.591513127863756, -2.1872061188866154], [-48.5914875089233, -2.187271413580691], [-48.5914618750831, -2.1873460419712387], [-48.59144323702583, -2.187397347348858], [-48.59141993014012, -2.1874673126304756], [-48.591382694975266, -2.1875442557044207], [-48.59133614449148, -2.1876445180325854], [-48.59128275463283, -2.1876700995259046], [-48.591273420696155, -2.1877050859061784], [-48.591180260073656, -2.1879429453093375], [-48.59111513477698, -2.1880548447409804], [-48.59099880869265, -2.1882739992052427], [-48.59085438001245, -2.1886611151466813], [-48.59079405764604, -2.1886703513593857], [-48.59076384801117, -2.1887053039715023], [-48.590679998727964, -2.18892217737054], [-48.590647391280314, -2.189006128113144], [-48.59061712943859, -2.1890737486378073], [-48.597957072810736, -2.1913887054409757], [-48.59801293508855, -2.1912674565957637], [-48.598036286674834, -2.1911694897066685], [-48.59800391736349, -2.191104101104862], [-48.59801328477708, -2.1910481136093787], [-48.59802734333148, -2.190959465492436], [-48.59804137212204, -2.190889484862097], [-48.5980277152848, -2.1907261218864225], [-48.59802791612307, -2.190600116338835], [-48.598028057446776, -2.19051144576818], [-48.59802818388944, -2.19043210894171], [-48.59804235395571, -2.1902734577335363], [-48.59803388637695, -2.189764753701198], [-48.598006133786406, -2.1897133732279395], [-48.59795985468611, -2.189643295349174], [-48.59790891422036, -2.1895872106093694], [-48.5979183559143, -2.1894845543886294], [-48.59797414361225, -2.189409974187495], [-48.598011449394164, -2.1892886953423596], [-48.598104676617574, -2.1890088325580046], [-48.59816522967608, -2.188854922960256], [-48.59819788889304, -2.18873830347413], [-48.598173807254554, -2.1886173598364396], [-48.59198432832515, -2.1863182764052156]]]}, "properties": {"id": 353, "Parcela": "C-142(2)", "ANO": 2000, "Ha": 25.14, "PLANTAS": 2949, "VARIEDADE": "PB-141", "Rot_labels": -20, "auxiliary_": null, "auxiliar_1": null, "auxiliar_2": null}}, {"type": "Feature", "geometry": {"type": "Polygon", "coordinates": [[[-48.6291550817396, -2.1901542514261], [-48.628939174789785, -2.1900426912631246], [-48.62812329992186, -2.1922310350913494], [-48.62836090252518, -2.19234689453494], [-48.62882074572715, -2.1911569874403], [-48.62901864692649, -2.1906342872448694], [-48.6291550817396, -2.1901542514261]]]}, "properties": {"id": 83, "Parcela": "D-102", "ANO": 2001, "Ha": 0.78, "PLANTAS": 119, "VARIEDADE": "PB-121", "Rot_labels": -20, "auxiliary_": null, "auxiliar_1": null, "auxiliar_2": null}}, {"type": "Feature", "geometry": {"type": "Polygon", "coordinates": [[[-48.601435517185166, -2.2138213428806774], [-48.60123702018672, -2.2138235473590058], [-48.601051130785656, -2.2137979687891227], [-48.60082754991594, -2.214072352997528], [-48.60070636602283, -2.214326719817354], [-48.600795909358666, -2.2146999045467304], [-48.60099591926806, -2.2150563985435117], [-48.60360177387462, -2.216033960861096], [-48.6041672041862, -2.21624109312321], [-48.60429128096672, -2.216030056730416], [-48.604236085548926, -2.2159794148837486], [-48.60420619192987, -2.2159697300841223], [-48.604251388632974, -2.215837894133583], [-48.60448248076165, -2.2158787117979495], [-48.60505607997439, -2.215424676594825], [-48.6051337299422, -2.214974060945264], [-48.605214952840264, -2.2145344898458257], [-48.60526694575774, -2.2143899351626755], [-48.60532428534358, -2.2142598878163304], [-48.60514066155272, -2.214239305112066], [-48.60316349609217, -2.2134666104217495], [-48.60311168914378, -2.21349545396241], [-48.60296198226079, -2.213605136088527], [-48.60228205403918, -2.213946572861141], [-48.60185867711869, -2.21392776433515], [-48.60173700923262, -2.213831943989476], [-48.60163645767241, -2.2138621114871917], [-48.601435517185166, -2.2138213428806774]], [[-48.606929096790545, -2.217070435267133], [-48.60661154027757, -2.2168831063541723], [-48.606099387732506, -2.216624457614605], [-48.60579337279136, -2.216300426519256], [-48.6055979602525, -2.2159462441617177], [-48.60549262688485, -2.2158247478780098], [-48.60531177066869, -2.215781040597006], [-48.60506083700686, -2.2155915060962346], [-48.60483335862883, -2.215791398071549], [-48.6046181274715, -2.2158991533277583], [-48.60455117882426, -2.2160223615768335], [-48.60445898321241, -2.2161321372794487], [-48.604395599301455, -2.216207246466112], [-48.60433794795109, -2.216293936101704], [-48.60687956852282, -2.217276567026655], [-48.60695895371502, -2.2172528196235763], [-48.607008146734415, -2.2171213463406874], [-48.606929096790545, -2.217070435267133]], [[-48.60199779937801, -2.2129390023382767], [-48.60118162860805, -2.2126310402225027], [-48.60107698984815, -2.2127420825159763], [-48.60030077460997, -2.2147976741265754], [-48.60078014399295, -2.214940108192115], [-48.60079571814659, -2.2148187011816862], [-48.600591109936985, -2.214395862693454], [-48.60062593365221, -2.2142745188839914], [-48.60066641518501, -2.2141357316419725], [-48.6007166583071, -2.213984466223205], [-48.600792116683614, -2.2139340372022285], [-48.60087256359377, -2.2139063646469492], [-48.60097740573349, -2.213870102752841], [-48.60102934296519, -2.2137602618539987], [-48.601083973075966, -2.213686808068479], [-48.60114925918951, -2.213712190298652], [-48.60124807219918, -2.2137700497067825], [-48.601420233504186, -2.213786826867635], [-48.6016265049604, -2.21380143297956], [-48.60172712968295, -2.2137257688628313], [-48.601846844383005, -2.2132408926587392], [-48.60199779937801, -2.2129390023382767]]]}, "properties": {"id": 3, "Parcela": "A-121", "ANO": 2002, "Ha": 12.92, "PLANTAS": 2138, "VARIEDADE": "PB-132", "Rot_labels": -20, "auxiliary_": null, "auxiliar_1": null, "auxiliar_2": null}}, {"type": "Feature", "geometry": {"type": "Polygon", "coordinates": [[[-48.60185336731721, -2.210610711449265], [-48.60111471848349, -2.2125655577491625], [-48.60206327664651, -2.2128884174937697], [-48.60246065653436, -2.2126438868528764], [-48.602699777000936, -2.212378877878223], [-48.602863118349354, -2.2123639778441517], [-48.602973030556264, -2.212098016024798], [-48.60295665180434, -2.212010266083918], [-48.60270527453645, -2.211909463634888], [-48.60231640170404, -2.2117261343683343], [-48.6021257714477, -2.211523616691639], [-48.60214864438223, -2.211361887652387], [-48.60210868690881, -2.211210166874215], [-48.602207436010524, -2.2107376666749774], [-48.60185336731721, -2.210610711449265]], [[-48.603132127882084, -2.2134348533238364], [-48.60514644060576, -2.214221957802764], [-48.60534191397879, -2.2142346404399045], [-48.605096034678716, -2.214014339341547], [-48.60469443670509, -2.2137558711378627], [-48.60438840200183, -2.2134444786904033], [-48.604089917322305, -2.213125515787705], [-48.60365533164711, -2.2130692021326905], [-48.603132127882084, -2.2134348533238364]]]}, "properties": {"id": 4, "Parcela": "A-122", "ANO": 2002, "Ha": 3.54, "PLANTAS": 380, "VARIEDADE": "PB-132", "Rot_labels": -20, "auxiliary_": null, "auxiliar_1": null, "auxiliar_2": null}}, {"type": "Feature", "geometry": {"type": "Polygon", "coordinates": [[[-48.60482667747387, -2.2092024589529626], [-48.6049490305676, -2.210111482320082], [-48.60495343152531, -2.210500740236566], [-48.60510365876703, -2.210829572388575], [-48.60518895645304, -2.2109105941214238], [-48.60545087298631, -2.2108755008510457], [-48.605755851578046, -2.2107718554878324], [-48.60586520715708, -2.2107199627825525], [-48.605755684601384, -2.210875995487746], [-48.60557064031105, -2.2110527593705824], [-48.60562580339891, -2.2111236217969714], [-48.60563437206308, -2.211211361698269], [-48.60617330107661, -2.2112761665251193], [-48.606374614941565, -2.2110843951937316], [-48.60666130764405, -2.2109230935365924], [-48.607015634944126, -2.2106003317741147], [-48.607073230052876, -2.2105483549835285], [-48.60713639092559, -2.2106120987402496], [-48.60707365333311, -2.2107468298918858], [-48.60694278884581, -2.2108780531845764], [-48.606862192024174, -2.21099924755177], [-48.60659576194229, -2.211059477909591], [-48.60639456154585, -2.2111804765478995], [-48.606288928090216, -2.2112460228863045], [-48.606283797573994, -2.2113117322883684], [-48.6062666941216, -2.2114033117134664], [-48.60713117077344, -2.21173621157887], [-48.607328420933214, -2.2116925679649033], [-48.60739374721248, -2.211515066122695], [-48.60752496093242, -2.211344076988424], [-48.607595402174155, -2.211288583867828], [-48.607721030983186, -2.2112887875962817], [-48.60793182010587, -2.211455951525314], [-48.60812280836753, -2.2114360403546343], [-48.608089972988566, -2.211307914350847], [-48.60813610288584, -2.2112327765961886], [-48.60831671010284, -2.211165900622452], [-48.6085527871136, -2.2112320011517412], [-48.60866826852811, -2.2112928509678853], [-48.60877890293509, -2.211242478110927], [-48.60894202729014, -2.2107596651300434], [-48.608959529275744, -2.2106126352215894], [-48.604913128551026, -2.2090960403138395], [-48.60482667747387, -2.2092024589529626]]]}, "properties": {"id": 5, "Parcela": "A-123", "ANO": 2002, "Ha": 6.89, "PLANTAS": 1053, "VARIEDADE": "PB-132", "Rot_labels": -20, "auxiliary_": null, "auxiliar_1": null, "auxiliar_2": null}}, {"type": "Feature", "geometry": {"type": "Polygon", "coordinates": [[[-48.60300996250589, -2.1853050037817408], [-48.60252544035067, -2.186638793814636], [-48.60194550373333, -2.1863497195115236], [-48.601673910290565, -2.1865009387898624], [-48.6014749531466, -2.1868416406170597], [-48.601409473742, -2.1871813984640656], [-48.60352368358322, -2.1879436567766786], [-48.604034605723534, -2.1865738326081754], [-48.604086374471514, -2.186568130183448], [-48.604365924488924, -2.185812700937102], [-48.60300996250589, -2.1853050037817408]]]}, "properties": {"id": 69, "Parcela": "C-144(1)", "ANO": 2000, "Ha": 4.97, "PLANTAS": 822, "VARIEDADE": "PB-141", "Rot_labels": -20, "auxiliary_": null, "auxiliar_1": null, "auxiliar_2": null}}, {"type": "Feature", "geometry": {"type": "Polygon", "coordinates": [[[-48.60322233522644, -2.1885836420649154], [-48.602966177686106, -2.188507402152615], [-48.60277024057468, -2.1884818110539244], [-48.60266984385619, -2.188415932017225], [-48.602430920647514, -2.188562148448451], [-48.60240597212724, -2.18845089399098], [-48.60153448676516, -2.1882220082630925], [-48.60128324219831, -2.1882165488221], [-48.6011275781372, -2.1881455256534346], [-48.60097176941855, -2.1881654956962544], [-48.60081089546878, -2.188210733520176], [-48.60075925643216, -2.1884546583564], [-48.60071875058096, -2.1886108030259046], [-48.60076459338898, -2.1887150167351708], [-48.600810473008885, -2.1887960883050592], [-48.600789814364376, -2.1888274328528556], [-48.600754550544956, -2.188882983178772], [-48.600528262377644, -2.188983722651575], [-48.600410036938804, -2.1890694705047427], [-48.60031692065869, -2.1891653691473434], [-48.6002806209151, -2.189269650250275], [-48.60028949848363, -2.1893078167841766], [-48.602640257028135, -2.190208362510483], [-48.60322233522644, -2.1885836420649154]], [[-48.60339955443323, -2.1881059865342567], [-48.603394698414476, -2.1880077404746303], [-48.60145197068291, -2.187292993166153], [-48.60141659681566, -2.1873738177252515], [-48.60146243975146, -2.1874780314263966], [-48.60150830107748, -2.1875706740544314], [-48.601536955211486, -2.1876343612387728], [-48.60160008810042, -2.187715460547045], [-48.60170925704088, -2.187779277243655], [-48.603162311964205, -2.1883225056235154], [-48.60325249108478, -2.1883308990912456], [-48.60339955443323, -2.1881059865342567]]]}, "properties": {"id": 352, "Parcela": "C-143(1)", "ANO": 2000, "Ha": 5.34, "PLANTAS": 801, "VARIEDADE": "PB-141", "Rot_labels": -20, "auxiliary_": null, "auxiliar_1": null, "auxiliar_2": null}}, {"type": "Feature", "geometry": {"type": "Polygon", "coordinates": [[[-48.60259945776518, -2.19025970181114], [-48.60029329898436, -2.189349747511545], [-48.600096053010084, -2.189604914771939], [-48.60007865248765, -2.189697455507627], [-48.60018199655864, -2.1898075474051275], [-48.600509622784216, -2.1899237861596794], [-48.600647574581735, -2.1899702927733857], [-48.6007452781733, -2.190010949003841], [-48.60072207133511, -2.190138193736152], [-48.600716172926646, -2.190230753043442], [-48.600606829059515, -2.190276861295411], [-48.60043429719571, -2.1902765833311952], [-48.600198393144275, -2.1903456298165005], [-48.60013473533444, -2.1905943058062536], [-48.600070708867136, -2.1910744030854303], [-48.60016259687013, -2.191155548877875], [-48.600104809753965, -2.191329022161857], [-48.60004148353092, -2.191369418902938], [-48.59994337439332, -2.191583325972569], [-48.59990273897719, -2.191820467876779], [-48.59987384535907, -2.191907204484483], [-48.5999832530091, -2.192045691574089], [-48.60149125391837, -2.192468794411392], [-48.60175369883197, -2.192378864918466], [-48.60177043756503, -2.1922135420607063], [-48.601663886004594, -2.1921886249411053], [-48.601540922710626, -2.192171929828123], [-48.60141788060479, -2.1922047253516763], [-48.60132008223128, -2.192148283863642], [-48.60115431951975, -2.1921075751228667], [-48.601040699556656, -2.1922123657849766], [-48.600876700400605, -2.192220349841534], [-48.600702087987955, -2.192091680483475], [-48.60040156162879, -2.191955633130085], [-48.600155517054624, -2.1919964786578765], [-48.60002440720887, -2.1919467765045026], [-48.599954397156985, -2.191884192201077], [-48.60005744096133, -2.191798357611545], [-48.60028696862042, -2.1918317215311722], [-48.60077886069237, -2.191873756860495], [-48.600770763045105, -2.1920648605604356], [-48.601065612799374, -2.192014442916984], [-48.60121322648872, -2.1919981839415357], [-48.601532972998854, -2.1920151962274175], [-48.601795442665775, -2.1919578799738892], [-48.60186933762334, -2.191991419094716], [-48.60259945776518, -2.19025970181114]]]}, "properties": {"id": 67, "Parcela": "C-142(1)", "ANO": 2000, "Ha": 6.08, "PLANTAS": 904, "VARIEDADE": "PB-141", "Rot_labels": -20, "auxiliary_": null, "auxiliar_1": null, "auxiliar_2": null}}, {"type": "Feature", "geometry": {"type": "Polygon", "coordinates": [[[-48.57445896761445, -2.2153177239422503], [-48.575033434546235, -2.2143278718393895], [-48.575567847820146, -2.213246961057298], [-48.573642924910274, -2.212483486728372], [-48.573004768480644, -2.212956589442594], [-48.57236404827076, -2.213519613629853], [-48.57212673584035, -2.2135698451761634], [-48.57182411201401, -2.2139960217165986], [-48.57171599752515, -2.2141694062932644], [-48.57170913014882, -2.2142454348145644], [-48.57445896761445, -2.2153177239422503]]]}, "properties": {"id": 375, "Parcela": "Z-161", "ANO": 2020, "Ha": 7.58, "PLANTAS": 1184, "VARIEDADE": "PB-141", "Rot_labels": -20, "auxiliary_": null, "auxiliar_1": null, "auxiliar_2": null}}, {"type": "Feature", "geometry": {"type": "Polygon", "coordinates": [[[-48.574417204418886, -2.2153427950859363], [-48.571766403948416, -2.2143197637284584], [-48.57167612493549, -2.2143732287315965], [-48.57166771743946, -2.2145010631905486], [-48.571675547176646, -2.2147279037590892], [-48.57160963069049, -2.2149257537608174], [-48.57137509862485, -2.2154491326074717], [-48.57137879492587, -2.2156965870047682], [-48.572501552507475, -2.2161852365465733], [-48.57334524858437, -2.2165000430744604], [-48.57374281615973, -2.21659954845136], [-48.573952569278006, -2.2161874796226844], [-48.574073096030276, -2.2160058259779016], [-48.574417204418886, -2.2153427950859363]]]}, "properties": {"id": 374, "Parcela": "Y-164", "ANO": 2020, "Ha": 4.85, "PLANTAS": 769, "VARIEDADE": "PB-141", "Rot_labels": -20, "auxiliary_": null, "auxiliar_1": null, "auxiliar_2": null}}]}