{"type": "FeatureCollection", "features": [{"type": "Feature", "geometry": {"type": "Polygon", "coordinates": [[[-48.727942813933225, -2.0979503474360115], [-48.72800586145557, -2.097940211402751], [-48.730298913909465, -2.0954887978350794], [-48.73021571007844, -2.0953761665758477], [-48.730146583278334, -2.0953719745165906], [-48.73000428074255, -2.0953513106760004], [-48.72993921468836, -2.095351215800263], [-48.72982945698914, -2.095322416864474], [-48.72977662029943, -2.0953018834691384], [-48.72971564446327, -2.0952854294737695], [-48.72965057842488, -2.095285334588957], [-48.7296180571963, -2.095277104624783], [-48.72957744397809, -2.09524022397743], [-48.72954901885291, -2.0952115436427516], [-48.72951654478627, -2.0951705835979575], [-48.7294394026728, -2.095084554460866], [-48.72940283251119, -2.095064044788247], [-48.72933778418068, -2.0950516761216353], [-48.729252408621164, -2.0950351865405374], [-48.729183411575015, -2.094940986756291], [-48.729134676919536, -2.094895911738772], [-48.7290778443874, -2.0948262773083117], [-48.729008741247675, -2.094805720193568], [-48.72892337161687, -2.094785139354337], [-48.72887065288517, -2.0946827807953015], [-48.728752809235644, -2.0946212399309196], [-48.72858211719629, -2.0945473481916115], [-48.72849228006082, -2.0948049669086872], [-48.728459523006755, -2.09496038722155], [-48.728406491787226, -2.09507486529139], [-48.72811718350081, -2.095475387116626], [-48.72792173779085, -2.09564693495999], [-48.727494228947755, -2.096002250753087], [-48.72726208906554, -2.0962392049769365], [-48.72682214976465, -2.09675406126309], [-48.72680165717745, -2.096864495364459], [-48.727942813933225, -2.0979503474360115]], [[-48.734207642714665, -2.0914742959153454], [-48.7341904608292, -2.0914036963378946], [-48.73184807415523, -2.0892830567209693], [-48.73180524547491, -2.089373002561907], [-48.731724730825164, -2.0895114775359898], [-48.73164310478373, -2.089715922682949], [-48.73159408214231, -2.089871319888], [-48.73157346701207, -2.089946030226358], [-48.731559339107356, -2.089997851480371], [-48.73152875119775, -2.0900944212607477], [-48.73149817681514, -2.09018156527694], [-48.731465283870385, -2.0902522108054225], [-48.73143471285758, -2.090336998373277], [-48.7313830142521, -2.0904547454453097], [-48.73131644736024, -2.0906400758930817], [-48.73117767676507, -2.090991723642858], [-48.73092487599846, -2.091457761070038], [-48.73068847087667, -2.0918338141633015], [-48.73052542951594, -2.0920954182788902], [-48.73037058016125, -2.0923161215310033], [-48.73015885689766, -2.0924958292020572], [-48.72998791753638, -2.0925937707814004], [-48.72987392263757, -2.0926836127116575], [-48.72967041496615, -2.092806054396026], [-48.729499499131435, -2.092887630810559], [-48.72934482622067, -2.09298559592434], [-48.729247085986415, -2.093083643955526], [-48.72917369834271, -2.0932144575951237], [-48.72910032246008, -2.093337088699715], [-48.72897785253174, -2.093664211597272], [-48.72907520398673, -2.093836186729699], [-48.72913444353645, -2.093875102562408], [-48.729286468024064, -2.093975597783426], [-48.729400227418324, -2.0940494064297113], [-48.72948953995022, -2.094155909594947], [-48.72961140905554, -2.0942460951476125], [-48.72971707059706, -2.094295344388795], [-48.72983085361889, -2.0943527880066197], [-48.729903946831186, -2.0944265373981796], [-48.73003390211981, -2.094549464914276], [-48.730163904562694, -2.094639662345857], [-48.7303507691191, -2.0947790379115285], [-48.73072655892568, -2.0950388699523295], [-48.73419746879853, -2.0914793952380513], [-48.734207642714665, -2.0914742959153454]]]}, "properties": {"id": 385, "Parcela": "T-021", "ANO": 2022, "Ha": 22.27, "PLANTAS": 3038, "VARIEDADE": "PB-141", "Rot_labels": 48}}, {"type": "Feature", "geometry": {"type": "Polygon", "coordinates": [[[-48.72803621056147, -2.098044582989893], [-48.729758100865986, -2.099683605854771], [-48.7319778532639, -2.0973057256150285], [-48.73193738138324, -2.0971706545072535], [-48.73186837230414, -2.0970846370995986], [-48.73182369822475, -2.0970436592068054], [-48.731750510531, -2.097035369938102], [-48.73165291122786, -2.0970352276186603], [-48.73156346288969, -2.0970228233563186], [-48.73149443026847, -2.096953171023887], [-48.73140914289683, -2.0968753124430646], [-48.73133603186407, -2.0968138367183244], [-48.73127108358236, -2.09673191653191], [-48.73124271144565, -2.0966664147810548], [-48.73118995718146, -2.096588603657528], [-48.73112093048733, -2.096514860082488], [-48.73103561957924, -2.0964533665843814], [-48.73095034994094, -2.096363234240057], [-48.73084883735611, -2.096256713126176], [-48.730759506999625, -2.096162483601194], [-48.73070672329593, -2.0961051288226114], [-48.73062556158436, -2.0959863635885783], [-48.730651117277674, -2.0958897445545035], [-48.730578094722965, -2.095766899929617], [-48.73043497215491, -2.095609688708993], [-48.73037409057272, -2.0955277745186596], [-48.72803621056147, -2.098044582989893]], [[-48.7324196442116, -2.0969171870657273], [-48.73599358780197, -2.093119541206044], [-48.73426956194004, -2.0915418920249707], [-48.73084844000257, -2.09512087303179], [-48.730992583737645, -2.095275017246167], [-48.73113080207421, -2.0953079488705098], [-48.731284992413244, -2.0955454674499525], [-48.73162197511197, -2.0959264470860783], [-48.73176806761605, -2.096139406309066], [-48.7318737412294, -2.096180473082097], [-48.73217400070962, -2.0966473161654644], [-48.7324196442116, -2.0969171870657273]]]}, "properties": {"id": 386, "Parcela": "T-022", "ANO": 2022, "Ha": 24.2, "PLANTAS": 3475, "VARIEDADE": "PB-141", "Rot_labels": 48}}, {"type": "Feature", "geometry": {"type": "Polygon", "coordinates": [[[-48.737749051789955, -2.0947545159766645], [-48.7360880402896, -2.093187184660077], [-48.73603312890472, -2.0931952874631854], [-48.732455153655714, -2.096968379788505], [-48.73256482919745, -2.097054456478021], [-48.73267046757397, -2.097120070900204], [-48.73275982761603, -2.0971938441527698], [-48.732889877650926, -2.0972513116067515], [-48.73298737100172, -2.097325096720887], [-48.733019774518674, -2.0974151520790305], [-48.73303584075748, -2.097554278969194], [-48.733035722909705, -2.0976361043689535], [-48.7329542368384, -2.09774235881661], [-48.73289724490533, -2.0977831885096094], [-48.73276708876246, -2.097799363854124], [-48.732596336935124, -2.097766384662187], [-48.732287460800755, -2.097635013402682], [-48.731990256162845, -2.0974049738286733], [-48.729806007297256, -2.099719380616608], [-48.731567926583736, -2.1013829774798634], [-48.731609298572195, -2.101336733500502], [-48.73773544930193, -2.09478110086221], [-48.737749051789955, -2.0947545159766645]]]}, "properties": {"id": 387, "Parcela": "T-023", "ANO": 2022, "Ha": 25.81, "PLANTAS": 3282, "VARIEDADE": "PB-141", "Rot_labels": 48}}, {"type": "Feature", "geometry": {"type": "Polygon", "coordinates": [[[-48.739494342807674, -2.0963966376983643], [-48.73780268870583, -2.0948013826162857], [-48.731592675382686, -2.101406759509512], [-48.7333075012143, -2.1030482401306827], [-48.739494342807674, -2.0963966376983643]]]}, "properties": {"id": 388, "Parcela": "T-024", "ANO": 2022, "Ha": 26.23, "PLANTAS": 3948, "VARIEDADE": "PB-141", "Rot_labels": 48}}, {"type": "Feature", "geometry": {"type": "Polygon", "coordinates": [[[-48.744880786305174, -2.0977228788417226], [-48.74415824298991, -2.0967971947667783], [-48.7434601120284, -2.0958633640471587], [-48.741395220055864, -2.0980164852522463], [-48.741407255643075, -2.0981310591990208], [-48.7422885486414, -2.0989506001636773], [-48.74306831664864, -2.0996718027628343], [-48.744880786305174, -2.0977228788417226]]]}, "properties": {"id": 390, "Parcela": "U-012", "ANO": 2022, "Ha": 8.18, "PLANTAS": 1244, "VARIEDADE": "PB-141", "Rot_labels": 48}}, {"type": "Feature", "geometry": {"type": "Polygon", "coordinates": [[[-48.734318584639155, -2.0913864945072853], [-48.73518003569528, -2.0904406131468076], [-48.73204443380874, -2.089182082882142], [-48.73189292732778, -2.08919925072782], [-48.73186541453412, -2.0892431919752528], [-48.73427791833503, -2.0913864354348437], [-48.734318584639155, -2.0913864945072853]]]}, "properties": {"id": 381, "Parcela": "T-011", "ANO": 2022, "Ha": 2.88, "PLANTAS": 284, "VARIEDADE": "PB-141", "Rot_labels": 48}}, {"type": "Feature", "geometry": {"type": "Polygon", "coordinates": [[[-48.73756979194934, -2.0914382636819666], [-48.73525317931302, -2.0904795865144847], [-48.73438149117404, -2.0914745484614827], [-48.73606280582018, -2.0930603180930407], [-48.73756979194934, -2.0914382636819666]]]}, "properties": {"id": 382, "Parcela": "T-012", "ANO": 2022, "Ha": 5.08, "PLANTAS": 705, "VARIEDADE": "PB-141", "Rot_labels": 48}}, {"type": "Feature", "geometry": {"type": "Polygon", "coordinates": [[[-48.73763889551147, -2.091458820378039], [-48.736123740828454, -2.0931054107713645], [-48.737809114132745, -2.0946993707844257], [-48.73956047782793, -2.0928158258983878], [-48.73966641585934, -2.0926727841133244], [-48.73969510512253, -2.0925173564026607], [-48.73966683198721, -2.092382302587553], [-48.73957752982833, -2.0922676167838015], [-48.73763889551147, -2.091458820378039]]]}, "properties": {"id": 383, "Parcela": "T-013", "ANO": 2022, "Ha": 7.6, "PLANTAS": 1150, "VARIEDADE": "PB-141", "Rot_labels": 48}}, {"type": "Feature", "geometry": {"type": "Polygon", "coordinates": [[[-48.74096057987773, -2.0948369128741096], [-48.74099740555583, -2.094679451198998], [-48.74094872293392, -2.094597554557128], [-48.740769977655624, -2.0944663736450995], [-48.74064811869125, -2.094368005666085], [-48.74059137314116, -2.0942370017457446], [-48.7407544262995, -2.093967212413558], [-48.74086033519257, -2.0938446269774893], [-48.740966162012434, -2.0937793196141334], [-48.74116967060863, -2.093656875632189], [-48.741340540472905, -2.0936080277180027], [-48.74147055628274, -2.093690042240306], [-48.74151097674296, -2.0938619355491435], [-48.74152693864281, -2.0940747064341783], [-48.741494112339275, -2.094279223975714], [-48.741921764831936, -2.09382366362551], [-48.74129245540821, -2.093108819148627], [-48.741186874713605, -2.093002292276661], [-48.74072380354271, -2.0926334040228776], [-48.740471823489884, -2.0925266649980943], [-48.740292996332855, -2.0924527623999754], [-48.74019944873553, -2.09246285504735], [-48.74025610057744, -2.0926593195316707], [-48.74017461520542, -2.0927655751772196], [-48.74005260397267, -2.0927735808783803], [-48.739971212361205, -2.092814375852628], [-48.73995883950637, -2.0929350512153833], [-48.74007651154486, -2.0931172846350727], [-48.74022288755018, -2.093133862084973], [-48.74036094271434, -2.0932813490445987], [-48.74058031924628, -2.093437136537816], [-48.740588159483025, -2.0936417129139553], [-48.74064490506461, -2.0937727168116553], [-48.74021357004328, -2.0939602909918587], [-48.74012437338568, -2.0937719618546846], [-48.74010443000553, -2.093499861557085], [-48.73999066927633, -2.093426053187709], [-48.73989326896945, -2.0932868077793345], [-48.73983658207604, -2.093114891045291], [-48.73980423645838, -2.0929839226008267], [-48.73977183221857, -2.0928938670551402], [-48.739682506610144, -2.092795546374625], [-48.73786598850025, -2.0947403663261137], [-48.739526986173104, -2.0963199733010454], [-48.74096057987773, -2.0948369128741096]], [[-48.74087266117847, -2.0937566818809006], [-48.740860607742356, -2.093654381879982], [-48.7408199998058, -2.093613409991077], [-48.740759099626885, -2.09354376957575], [-48.7407470403251, -2.093445560875617], [-48.74073089092261, -2.0933637114492027], [-48.74069029471347, -2.0933145569847262], [-48.74060499462484, -2.093244881206856], [-48.74069454889695, -2.0931836415375624], [-48.74072709384217, -2.0931755061181696], [-48.74073532090709, -2.0931100572356844], [-48.74074355382806, -2.0930405170602295], [-48.740784249654645, -2.0930201195495455], [-48.740792259910215, -2.0931060484768893], [-48.74080436611427, -2.0931715268389883], [-48.740848987965805, -2.093249326242684], [-48.74088549409102, -2.093314839981252], [-48.74094230418829, -2.093400839663404], [-48.74096250853647, -2.0934908775811896], [-48.740966364213385, -2.0936381700152267], [-48.74091332772982, -2.093756740848211], [-48.74087266117847, -2.0937566818809006]]]}, "properties": {"id": 384, "Parcela": "T-014", "ANO": 2022, "Ha": 8.27, "PLANTAS": 922, "VARIEDADE": "PB-141", "Rot_labels": 48}}, {"type": "Feature", "geometry": {"type": "Polygon", "coordinates": [[[-48.74100107639952, -2.094955619359422], [-48.739640840855294, -2.096328321284898], [-48.73966512924217, -2.0964060912170623], [-48.73970164696373, -2.096463422429107], [-48.739851913707646, -2.096602744837954], [-48.74053010076988, -2.097262429138188], [-48.74098897617869, -2.0977213213932315], [-48.74124482970288, -2.0979630798579136], [-48.741436121592514, -2.0978528925723205], [-48.74297569207966, -2.0962022401117135], [-48.74291087163313, -2.0960303112190806], [-48.742894757384896, -2.0959239138777765], [-48.74284619186914, -2.095760191188261], [-48.74281385783932, -2.0956210398827344], [-48.74291164536387, -2.095490259866391], [-48.743009374264325, -2.0954003928102396], [-48.743066395481655, -2.095339105872018], [-48.742002951531504, -2.093926063899312], [-48.741502008271475, -2.094444933184267], [-48.74152210123288, -2.0946127057339066], [-48.741529976613485, -2.094792734476661], [-48.74154603219708, -2.0949400446634576], [-48.74158638219337, -2.095161033544598], [-48.741683559880464, -2.09545574833087], [-48.741764553002604, -2.095693161421179], [-48.74179675788482, -2.09592232113818], [-48.74179645289226, -2.0961350684757623], [-48.74186928916902, -2.096388834992397], [-48.741925940898504, -2.096585299787861], [-48.741836227852396, -2.096757004332765], [-48.74169780867111, -2.0968631772948725], [-48.74164064062792, -2.097026746425158], [-48.74162413921676, -2.0971903745854763], [-48.741607673000516, -2.097329454975463], [-48.74155057532138, -2.097443928542714], [-48.74152605792213, -2.097525718992388], [-48.74145267006809, -2.0976565340930073], [-48.74137123105677, -2.0977300592518433], [-48.74132265415556, -2.097574519217171], [-48.7413636612992, -2.097337283248434], [-48.74138006883851, -2.0972391158217296], [-48.741331503637866, -2.0970753932148125], [-48.74139686372451, -2.0968709230037708], [-48.7414458514869, -2.096740072447806], [-48.74144601579045, -2.0966255162179057], [-48.74138121908194, -2.0964372222502834], [-48.741365316191676, -2.096183538427843], [-48.741373672446265, -2.0960280810699725], [-48.741227964801936, -2.095545095980134], [-48.74109028485984, -2.0951357660451158], [-48.74100107639952, -2.094955619359422]]]}, "properties": {"id": 389, "Parcela": "U-011", "ANO": 2022, "Ha": 7.37, "PLANTAS": 1119, "VARIEDADE": "PB-141", "Rot_labels": 48}}, {"type": "Feature", "geometry": {"type": "Polygon", "coordinates": [[[-48.749158333463605, -2.103829240369914], [-48.74840870673954, -2.1047712016615816], [-48.749156023556786, -2.105439172953126], [-48.749158333463605, -2.103829240369914]]]}, "properties": {"id": 398, "Parcela": "V-012", "ANO": 2022, "Ha": 0.74, "PLANTAS": 78, "VARIEDADE": "PB-141", "Rot_labels": 48}}, {"type": "Feature", "geometry": {"type": "Polygon", "coordinates": [[[-48.74829053444893, -2.104936728495743], [-48.745695791546964, -2.1078909762754496], [-48.74901224931161, -2.1078569361832056], [-48.74903716694743, -2.1074969359682423], [-48.74908517716757, -2.106631690856732], [-48.74915381989773, -2.105557818142212], [-48.748359791765154, -2.104850911369423], [-48.74829053444893, -2.104936728495743]]]}, "properties": {"id": 400, "Parcela": "V-022", "ANO": 2022, "Ha": 7.32, "PLANTAS": 1282, "VARIEDADE": "PB-141", "Rot_labels": 48}}, {"type": "Feature", "geometry": {"type": "Polygon", "coordinates": [[[-48.7447961174229, -2.10146630633218], [-48.74307829836279, -2.099800693431222], [-48.736907741632045, -2.1064196053480124], [-48.73820733960138, -2.1076263897059255], [-48.73908991646022, -2.107554035888328], [-48.7447961174229, -2.10146630633218]]]}, "properties": {"id": 395, "Parcela": "U-023", "ANO": 2022, "Ha": 26.18, "PLANTAS": 3986, "VARIEDADE": "PB-141", "Rot_labels": 48}}, {"type": "Feature", "geometry": {"type": "Polygon", "coordinates": [[[-48.74487249404344, -2.10137845408662], [-48.74697424189354, -2.099053546035988], [-48.74707917880109, -2.0989002737315237], [-48.746973474272565, -2.098879663909801], [-48.74690435234106, -2.098871381070483], [-48.746368721978776, -2.098762184603132], [-48.74577934024712, -2.098560855500052], [-48.74549085799121, -2.0983845106249683], [-48.745226875568726, -2.098138648976511], [-48.74503201502678, -2.097901070240143], [-48.74493853420811, -2.0978641128592357], [-48.74491814806172, -2.0979009051038], [-48.74494237225042, -2.098023679603769], [-48.74486913687913, -2.098048121256551], [-48.744804070042115, -2.098048026880522], [-48.744747136562125, -2.0980479442992674], [-48.743174987640344, -2.0997271903678474], [-48.74487249404344, -2.10137845408662]]]}, "properties": {"id": 391, "Parcela": "U-013", "ANO": 2022, "Ha": 8.01, "PLANTAS": 1156, "VARIEDADE": "PB-141", "Rot_labels": 48}}, {"type": "Feature", "geometry": {"type": "Polygon", "coordinates": [[[-48.74487937291045, -2.1015441622126083], [-48.73921095055166, -2.107519436667907], [-48.74076875171913, -2.107341694040468], [-48.74212711523036, -2.1072823064060873], [-48.74221821490765, -2.107560647961034], [-48.7422423615205, -2.107736609264595], [-48.742212743822904, -2.107829643226278], [-48.74659324376861, -2.103129990809023], [-48.74575356194074, -2.1023575579209797], [-48.74487937291045, -2.1015441622126083]]]}, "properties": {"id": 396, "Parcela": "U-024", "ANO": 2022, "Ha": 20.23, "PLANTAS": 2986, "VARIEDADE": "PB-141", "Rot_labels": 48}}, {"type": "Feature", "geometry": {"type": "Polygon", "coordinates": [[[-48.74666655586199, -2.1030523622953634], [-48.74918383212668, -2.1002248208970355], [-48.749164869070384, -2.0992674235780138], [-48.749148918463916, -2.0990464689732478], [-48.74721340873534, -2.098880011711079], [-48.74498118101013, -2.101446118626195], [-48.74666655586199, -2.1030523622953634]]]}, "properties": {"id": 392, "Parcela": "U-014", "ANO": 2022, "Ha": 11.78, "PLANTAS": 1778, "VARIEDADE": "PB-141", "Rot_labels": 48}}, {"type": "Feature", "geometry": {"type": "Polygon", "coordinates": [[[-48.74830291075524, -2.10481400683491], [-48.746650095289326, -2.1031873518390145], [-48.74225938845204, -2.1079146058382947], [-48.74235687120611, -2.107996574145461], [-48.74294245197863, -2.108013793573026], [-48.74554742453328, -2.1078437100388427], [-48.74830291075524, -2.10481400683491]]]}, "properties": {"id": 399, "Parcela": "V-021", "ANO": 2022, "Ha": 15.46, "PLANTAS": 2293, "VARIEDADE": "PB-141", "Rot_labels": 48}}, {"type": "Feature", "geometry": {"type": "Polygon", "coordinates": [[[-48.746707164094786, -2.1030933344573843], [-48.74836402290473, -2.104736360511446], [-48.749138076224106, -2.1037760237530088], [-48.74919186300451, -2.100296430707512], [-48.746707164094786, -2.1030933344573843]]]}, "properties": {"id": 397, "Parcela": "V-011", "ANO": 2022, "Ha": 6.99, "PLANTAS": 984, "VARIEDADE": "PB-141", "Rot_labels": 48}}, {"type": "Feature", "geometry": {"type": "Polygon", "coordinates": [[[-48.74124873047897, -2.098078664801377], [-48.73961420059082, -2.0964725008160614], [-48.7395328909118, -2.096456017505554], [-48.7334315667667, -2.1030259193904914], [-48.73339480735936, -2.103136330218173], [-48.73484871712542, -2.1044926690190726], [-48.73499694369492, -2.1046360805563515], [-48.73507817070401, -2.104709842368263], [-48.74124873047897, -2.098078664801377]], [[-48.740597452891755, -2.098503213700064], [-48.740597452891755, -2.098503213700064], [-48.740597452891755, -2.098503213700064], [-48.740597452891755, -2.098503213700064], [-48.740597452891755, -2.098503213700064], [-48.740597452891755, -2.098503213700064], [-48.740597452891755, -2.098503213700064], [-48.740597452891755, -2.098503213700064], [-48.740597452891755, -2.098503213700064], [-48.740597452891755, -2.098503213700064], [-48.740597452891755, -2.098503213700064], [-48.740597452891755, -2.098503213700064], [-48.740597452891755, -2.098503213700064], [-48.740597452891755, -2.098503213700064]]]}, "properties": {"id": 393, "Parcela": "U-021", "ANO": 2022, "Ha": 26.34, "PLANTAS": 3922, "VARIEDADE": "PB-141", "Rot_labels": 48}}, {"type": "Feature", "geometry": {"type": "Polygon", "coordinates": [[[-48.74301578198107, -2.0997908496359776], [-48.74298892813972, -2.0996905227268097], [-48.74133385216597, -2.0981754433634374], [-48.74129027643221, -2.0981503081115256], [-48.73515854152512, -2.1047269238151767], [-48.7351791883476, -2.104810526776236], [-48.736771954885626, -2.1063213440587103], [-48.73681968400287, -2.1063464856729275], [-48.73686952004165, -2.106350737144632], [-48.74301578198107, -2.0997908496359776]]]}, "properties": {"id": 394, "Parcela": "U-022", "ANO": 2022, "Ha": 26.43, "PLANTAS": 4035, "VARIEDADE": "PB-141", "Rot_labels": 48}}, {"type": "Feature", "geometry": {"type": "Polygon", "coordinates": [[[-48.61039715628893, -2.147888590489671], [-48.610480180665654, -2.1478488044244077], [-48.61049339855522, -2.1477679342938654], [-48.610546484144926, -2.147629725934374], [-48.61059432398615, -2.147464914717307], [-48.61076403301565, -2.147556586760006], [-48.61082155192769, -2.1475397370069205], [-48.61092729318691, -2.1475399033261735], [-48.610996132462915, -2.147470865636618], [-48.61108072547667, -2.1474709986786262], [-48.611181146627764, -2.147492432291458], [-48.61123937045006, -2.1474499724872738], [-48.611292522069, -2.1472692127466377], [-48.6112186601911, -2.147168037103427], [-48.61102303060927, -2.147173048405083], [-48.61079050733289, -2.14710353678712], [-48.610494465004486, -2.147081795521711], [-48.61039401086983, -2.1470816375236814], [-48.61000912291372, -2.1469045779225815], [-48.60979630674207, -2.1469042431489758], [-48.60960169509003, -2.1467950733320196], [-48.60935294841642, -2.146766183796205], [-48.60927367567743, -2.146744783418255], [-48.60920498140646, -2.1467545325153568], [-48.609078204245264, -2.1470954390224737], [-48.608976681966816, -2.1474327564207214], [-48.609416533869116, -2.1475892933046103], [-48.61019520622719, -2.1478592423961413], [-48.61039715628893, -2.147888590489671]], [[-48.610582799034624, -2.148076572220492], [-48.610556471216235, -2.1480073848546484], [-48.60930406650141, -2.1476011763235046], [-48.60877510040402, -2.147373965431144], [-48.60867108355014, -2.1474782818014706], [-48.60834745151316, -2.1483886243133337], [-48.608382769778885, -2.148466708276379], [-48.60827792337763, -2.1485760431430263], [-48.608071813952456, -2.1492588573169287], [-48.60810634397669, -2.1494289953222485], [-48.60819084580747, -2.1494876365034057], [-48.60828596318113, -2.149519699870355], [-48.60840156310157, -2.149551385418622], [-48.60855043213727, -2.1494456519145126], [-48.609062375634494, -2.149292565848839], [-48.60919564334969, -2.1492150854202716], [-48.60933960866512, -2.1491081530508587], [-48.60947830228784, -2.1489663856188117], [-48.60965703995705, -2.148760385701144], [-48.609709498910505, -2.1486762352622084], [-48.609868234898556, -2.1485967014461425], [-48.61015925500602, -2.148448229906703], [-48.610551018766905, -2.1481137546435307], [-48.610582799034624, -2.148076572220492]]]}, "properties": {"id": 360, "Parcela": "COPAR1-AAB", "ANO": 1984, "Ha": 5.27, "PLANTAS": 784, "VARIEDADE": "AAB", "Rot_labels": -15}}, {"type": "Feature", "geometry": {"type": "Polygon", "coordinates": [[[-48.60523663474335, -2.1480202605086385], [-48.59677059276523, -2.144845959944162], [-48.5959521658733, -2.1469962302547896], [-48.60444704653516, -2.1501907439311037], [-48.60449746193818, -2.150137301247559], [-48.605250861906704, -2.148128148315863], [-48.60523663474335, -2.1480202605086385]]]}, "properties": {"id": 144, "Parcela": "G-153", "ANO": 1983, "Ha": 25.79, "PLANTAS": 3845, "VARIEDADE": "PB-121", "Rot_labels": -15}}, {"type": "Feature", "geometry": {"type": "Polygon", "coordinates": [[[-48.604416502255354, -2.1502935487059727], [-48.60433142454688, -2.15020961455285], [-48.59592942106615, -2.147062773599195], [-48.59516462641588, -2.149241571361746], [-48.60354712179335, -2.152371124047122], [-48.603655766095365, -2.1523861127205413], [-48.604416502255354, -2.1502935487059727]]]}, "properties": {"id": 143, "Parcela": "G-152", "ANO": 1984, "Ha": 25.69, "PLANTAS": 3809, "VARIEDADE": "PB-121", "Rot_labels": -15}}, {"type": "Feature", "geometry": {"type": "Polygon", "coordinates": [[[-48.60610033243303, -2.145805254659469], [-48.59755360569931, -2.142600750995616], [-48.59716941487095, -2.1437322612574423], [-48.596798567656386, -2.144775920593692], [-48.60519346018132, -2.147928475071398], [-48.60530166584255, -2.1479322744760503], [-48.60610033243303, -2.145805254659469]]]}, "properties": {"id": 145, "Parcela": "G-154", "ANO": 1983, "Ha": 25.77, "PLANTAS": 3758, "VARIEDADE": "PB-121", "Rot_labels": -15}}, {"type": "Feature", "geometry": {"type": "Polygon", "coordinates": [[[-48.60610045100173, -2.145729050482664], [-48.606158248345224, -2.1456747098050215], [-48.606926319902584, -2.143583736067749], [-48.60682596583251, -2.1435120103910936], [-48.60670845298302, -2.143457367104027], [-48.59841465932802, -2.1403772207088285], [-48.59759101287725, -2.142530993241966], [-48.60610045100173, -2.145729050482664]]]}, "properties": {"id": 173, "Parcela": "H-151", "ANO": 1983, "Ha": 26.03, "PLANTAS": 3802, "VARIEDADE": "PB-121", "Rot_labels": -15}}, {"type": "Feature", "geometry": {"type": "Polygon", "coordinates": [[[-48.60355740108192, -2.15246798715227], [-48.59511919373618, -2.149307650663533], [-48.594349789208714, -2.1514479079500806], [-48.59588678600506, -2.1520477046669844], [-48.59678619242839, -2.1523607966039107], [-48.59865497728961, -2.1530538766060228], [-48.600287860732834, -2.153661245198022], [-48.6013477166477, -2.1541021948976518], [-48.60148120014577, -2.1540878912612036], [-48.60155236554255, -2.153993466451313], [-48.60168337089484, -2.1539757196818283], [-48.60195399040511, -2.1539180879438864], [-48.60222449073539, -2.1539366600860745], [-48.60232199461666, -2.1538642390823663], [-48.60256376915236, -2.1537993039814785], [-48.60276575832035, -2.1538032524785224], [-48.60285589487451, -2.1538287965383622], [-48.60307230094896, -2.153840025360163], [-48.603130087547974, -2.153792942792179], [-48.603286817637176, -2.15333206457052], [-48.60357200260417, -2.1526070335846543], [-48.60355740108192, -2.15246798715227]]]}, "properties": {"id": 142, "Parcela": "G-151", "ANO": 1984, "Ha": 24.44, "PLANTAS": 3515, "VARIEDADE": "PB-121", "Rot_labels": -15}}, {"type": "Feature", "geometry": {"type": "Polygon", "coordinates": [[[-48.60215466195956, -2.1621337423099467], [-48.60050240989687, -2.161492916533555], [-48.59966099236879, -2.163663737445786], [-48.601252447165095, -2.1642931475488787], [-48.60140916743152, -2.164253292452073], [-48.60215466195956, -2.1621337423099467]]]}, "properties": {"id": 110, "Parcela": "F-141", "ANO": 1986, "Ha": 5.19, "PLANTAS": 775, "VARIEDADE": "PB-121", "Rot_labels": -15}}, {"type": "Feature", "geometry": {"type": "Polygon", "coordinates": [[[-48.60301270050737, -2.159988553843697], [-48.60298920447422, -2.1598673882733], [-48.60183123816751, -2.159436637108073], [-48.60135775575454, -2.159284971603504], [-48.600556936677016, -2.1614441478955007], [-48.600627957162956, -2.161468089281026], [-48.600627932207885, -2.161483974889275], [-48.60091594939542, -2.161587689507762], [-48.601156607177685, -2.1616833860022147], [-48.60145644258209, -2.1618030050449195], [-48.60183520647853, -2.1619386351933625], [-48.60215872812304, -2.162058291860628], [-48.602233783711895, -2.1620266398104553], [-48.60301270050737, -2.159988553843697]]]}, "properties": {"id": 111, "Parcela": "F-142", "ANO": 1986, "Ha": 5.13, "PLANTAS": 800, "VARIEDADE": "PB-121", "Rot_labels": -15}}, {"type": "Feature", "geometry": {"type": "Polygon", "coordinates": [[[-48.60381575268111, -2.157660589595006], [-48.60305037310062, -2.157361519863185], [-48.60280967791979, -2.1572896527488488], [-48.602450658864726, -2.1571500839215827], [-48.60222185036034, -2.157050435710021], [-48.602194229215804, -2.157042449081049], [-48.60182168074294, -2.1579791124176406], [-48.601762198176324, -2.158149788910041], [-48.60164721174249, -2.158471291080941], [-48.60143309146565, -2.1590746062537582], [-48.60139744417119, -2.15915000653262], [-48.60141517436953, -2.1591718774610436], [-48.60146636933191, -2.1592513870308587], [-48.601744514235705, -2.1593570711179964], [-48.60214696384115, -2.1594927381455626], [-48.60254939493837, -2.1596403193691005], [-48.602995219390074, -2.159807826535479], [-48.603042610052405, -2.1597959874902535], [-48.60307815149281, -2.159788101057143], [-48.60381575268111, -2.157660589595006]]]}, "properties": {"id": 112, "Parcela": "F-143", "ANO": 1986, "Ha": 5.03, "PLANTAS": 793, "VARIEDADE": "PB-121", "Rot_labels": -15}}, {"type": "Feature", "geometry": {"type": "Polygon", "coordinates": [[[-48.603853392291526, -2.1575732779778147], [-48.60470153519044, -2.155437995794052], [-48.60447278219275, -2.1553026053217086], [-48.603581195877, -2.154927880297066], [-48.60324182193498, -2.1548479145939834], [-48.60319430098755, -2.1549431534280954], [-48.603170354101266, -2.1551099151368622], [-48.6028856756199, -2.155395406471978], [-48.602830159847564, -2.155554175284868], [-48.6028142200468, -2.1556494640815353], [-48.60280617554531, -2.1557447653836443], [-48.602806100945706, -2.1557924222883518], [-48.60279809373491, -2.155863895136678], [-48.60270321325837, -2.155951116014757], [-48.60263210574548, -2.1559827746916285], [-48.60257673910418, -2.1560462296476417], [-48.60222787761315, -2.1569829311803264], [-48.603853392291526, -2.1575732779778147]]]}, "properties": {"id": 113, "Parcela": "F-144", "ANO": 1986, "Ha": 4.89, "PLANTAS": 788, "VARIEDADE": "PB-121", "Rot_labels": -15}}, {"type": "Feature", "geometry": {"type": "Polygon", "coordinates": [[[-48.594250933912875, -2.1515950988405894], [-48.59352130697878, -2.153674950073363], [-48.59360750657982, -2.153776028258541], [-48.59393195673884, -2.1538926636173934], [-48.59571278212232, -2.1545631820505244], [-48.59703944282567, -2.1550297688776725], [-48.59789591345673, -2.15534778084208], [-48.598653411956356, -2.155634924207294], [-48.59937151559555, -2.155870376695254], [-48.599450424902045, -2.15589830175141], [-48.59965607592115, -2.1556603434513417], [-48.599743197958816, -2.1554857396211884], [-48.59989300929627, -2.155613062346732], [-48.600035124525405, -2.155613287742778], [-48.60010625682293, -2.1555657436256874], [-48.60019346593196, -2.1553355400899816], [-48.600327872524616, -2.1552166108651534], [-48.60028864492567, -2.155057692219643], [-48.60039927851526, -2.1549943250271473], [-48.60063622431063, -2.1549391008589276], [-48.60068381996027, -2.1547962054532173], [-48.60077862563962, -2.15475664158384], [-48.60105565721887, -2.1543122822947542], [-48.601197847047395, -2.154264850596559], [-48.601245343117064, -2.154185497557407], [-48.60062993336681, -2.1539144665167527], [-48.59797865069091, -2.1529332981822855], [-48.59484261892472, -2.1517802845990803], [-48.594368087613745, -2.1515893835656286], [-48.594250933912875, -2.1515950988405894]]]}, "properties": {"id": 117, "Parcela": "F-154", "ANO": 1984, "Ha": 19.63, "PLANTAS": 2910, "VARIEDADE": "PB-121", "Rot_labels": -15}}, {"type": "Feature", "geometry": {"type": "Polygon", "coordinates": [[[-48.59823612104026, -2.155579610592788], [-48.59353532047307, -2.153804943526372], [-48.593437347247715, -2.1539030540781314], [-48.59296949416837, -2.155196983667071], [-48.59268410421951, -2.1559352081362397], [-48.59272750312092, -2.15595116274257], [-48.59362704820404, -2.156313151935932], [-48.595040139218504, -2.1568669690014106], [-48.5963740257593, -2.157326312406601], [-48.59654349030722, -2.1568309374054198], [-48.59664664019714, -2.156505446477734], [-48.59674959049533, -2.156307040003814], [-48.596852166742345, -2.156346916969526], [-48.59697055848947, -2.156370933452088], [-48.597094963376776, -2.156426927630042], [-48.597286357140746, -2.1563793778849805], [-48.59740482372328, -2.156355737629253], [-48.59746005328719, -2.156379653764248], [-48.597507325251726, -2.1564432712917183], [-48.59764142038503, -2.1565229123312903], [-48.597765748115094, -2.156507825671968], [-48.597946265447995, -2.15640287838916], [-48.59823612104026, -2.155579610592788]], [[-48.60201458601665, -2.1570580498960314], [-48.601951547988286, -2.1569785216139183], [-48.60185675450138, -2.1570101426233363], [-48.601754040815884, -2.157057636723795], [-48.601596035080604, -2.157120928776507], [-48.60150909956224, -2.157176390697435], [-48.60142202710029, -2.1573192235074994], [-48.60128764501964, -2.157422267097765], [-48.601106028055334, -2.157437864612783], [-48.600932057353496, -2.1576123307556974], [-48.60080553318185, -2.1577392151824313], [-48.60063954491505, -2.157858094112931], [-48.600489297411286, -2.1580087692767336], [-48.60049705567446, -2.1580961526507427], [-48.6003311296523, -2.1581753174626432], [-48.600164954392966, -2.1584133382717683], [-48.60011738315143, -2.1585403478709475], [-48.60014083226388, -2.1586912987152282], [-48.600361689014534, -2.158826677438159], [-48.60083513350404, -2.1590021714023373], [-48.601261231267195, -2.1591617045088536], [-48.60201458601665, -2.1570580498960314]]]}, "properties": {"id": 116, "Parcela": "F-153", "ANO": 1984, "Ha": 15.16, "PLANTAS": 2237, "VARIEDADE": "PB-121", "Rot_labels": -15}}, {"type": "Feature", "geometry": {"type": "Polygon", "coordinates": [[[-48.592629599397604, -2.155988063649459], [-48.592324780046575, -2.1567805462765515], [-48.59211524942867, -2.1574414444341516], [-48.591811400712324, -2.1581138429303617], [-48.59193240843065, -2.1582354305872316], [-48.59273727488846, -2.158522652743589], [-48.5935224038928, -2.158809843375387], [-48.5943548802481, -2.1591129948955468], [-48.59507491520478, -2.1593742676622627], [-48.595522719530535, -2.1595358220907963], [-48.59615591972467, -2.1597890137442897], [-48.59628019248034, -2.1598388540237976], [-48.59631990624552, -2.159688004049619], [-48.59633594660693, -2.159529173595051], [-48.5964071665579, -2.1594260305314865], [-48.596478473900596, -2.1592672879931705], [-48.59656572160736, -2.159013257187511], [-48.59662918351933, -2.1588227309185286], [-48.596676779927535, -2.1586798362030457], [-48.59670071541543, -2.158521018245067], [-48.59671669319482, -2.158401901633659], [-48.5966459351401, -2.158211161888137], [-48.59661454118941, -2.1580919699554975], [-48.596677915588806, -2.1579570431020523], [-48.5967648136184, -2.157925410052456], [-48.59682816303627, -2.157806368734257], [-48.59685994377918, -2.1576793344190195], [-48.59686539467638, -2.157599726942575], [-48.592629599397604, -2.155988063649459]], [[-48.6011762538117, -2.1592270979086976], [-48.59977964381333, -2.1586768251160784], [-48.599684750555475, -2.158771988210784], [-48.59958186223615, -2.158930681129439], [-48.59947104116987, -2.1591131898648115], [-48.599407729079914, -2.1592084030710157], [-48.5992969827836, -2.1593432549676472], [-48.59909140547694, -2.1595335558163016], [-48.59887789538869, -2.1597476724096065], [-48.59864864454601, -2.1599299926258997], [-48.598585132670586, -2.1601522903780523], [-48.59847421145719, -2.160398341137192], [-48.598442293182835, -2.160612746275357], [-48.598513325984534, -2.160628744888215], [-48.59889198876281, -2.160827917509756], [-48.59981521636739, -2.161162984075771], [-48.600406978561814, -2.161410152473485], [-48.600501971988066, -2.1612514470426856], [-48.6009936269944, -2.1598860624911866], [-48.60123932911199, -2.1592827978561147], [-48.6011762538117, -2.1592270979086976]]]}, "properties": {"id": 115, "Parcela": "F-152", "ANO": 1984, "Ha": 18.78, "PLANTAS": 2639, "VARIEDADE": "PB-121", "Rot_labels": -15}}, {"type": "Feature", "geometry": {"type": "Polygon", "coordinates": [[[-48.597344950198625, -2.162844719744264], [-48.597155394531484, -2.163096796216828], [-48.59712360068687, -2.163231773214316], [-48.59706008798922, -2.1634540704894842], [-48.596988817523446, -2.1635889845476477], [-48.59691747197576, -2.1637715552810555], [-48.59685402170592, -2.163954138578247], [-48.59681434493609, -2.164081160148749], [-48.596758827462324, -2.1642399276580346], [-48.596655875484316, -2.164438333513578], [-48.59658437955727, -2.164716217501416], [-48.59648938538129, -2.164874921978804], [-48.59649705535576, -2.165017904605202], [-48.596796318872705, -2.165112306049517], [-48.59732562603342, -2.1652972242823303], [-48.59792530796247, -2.1655285220077785], [-48.59878499230123, -2.1658553565623877], [-48.59917395875724, -2.164775945205768], [-48.599514870606875, -2.163878949983578], [-48.59957230484183, -2.16374588751085], [-48.599538869011646, -2.1636804177627518], [-48.599139628251805, -2.163501075707035], [-48.59853518561288, -2.163278524797806], [-48.597344950198625, -2.162844719744264]], [[-48.59023103070903, -2.162582374648948], [-48.590279265424755, -2.1626608864958574], [-48.590934146821596, -2.1629319866858103], [-48.59171829357766, -2.1632162003052366], [-48.59250439291274, -2.163514316819823], [-48.59302519383506, -2.1636978322520153], [-48.59310211654931, -2.1637336975704775], [-48.5938497666803, -2.1640069313884642], [-48.59438630888519, -2.164222242996702], [-48.59451262120556, -2.1642303873784594], [-48.59457593392918, -2.1641351749609288], [-48.59452877502341, -2.1640000723037423], [-48.594615861286414, -2.1638492982873383], [-48.59467912387917, -2.1637858569161987], [-48.59471095551146, -2.1636270519194976], [-48.594790259078145, -2.163404780325367], [-48.59486156714987, -2.163246038269258], [-48.59490918929296, -2.1630872584174283], [-48.59492516763482, -2.162968142042519], [-48.595004383441925, -2.162801469759161], [-48.595036214913556, -2.162642664692543], [-48.59503646517145, -2.1624838092671452], [-48.59500518427177, -2.16229313240962], [-48.59498163600862, -2.1622057241684742], [-48.59496604559081, -2.1620786146612905], [-48.59471367142917, -2.161903470970758], [-48.594027975979245, -2.161645633214872], [-48.593747042847966, -2.1615564186535225], [-48.59301325092121, -2.161257394214474], [-48.59258319611103, -2.161105795554118], [-48.591482475487034, -2.1606791013455804], [-48.59120629142126, -2.1605833474811753], [-48.59099323824057, -2.160507551253362], [-48.59023103070903, -2.162582374648948]]]}, "properties": {"id": 94, "Parcela": "E-154", "ANO": 1984, "Ha": 19.68, "PLANTAS": 2909, "VARIEDADE": "PB-121", "Rot_labels": -15}}, {"type": "Feature", "geometry": {"type": "Polygon", "coordinates": [[[-48.598691577330946, -2.1659077879069373], [-48.59766928490572, -2.165508050064082], [-48.5966320250405, -2.1651308226203914], [-48.596524385364084, -2.1652105610948444], [-48.596524222593956, -2.165313817231013], [-48.59650032376533, -2.1654488066941986], [-48.596413337485956, -2.1655360386912723], [-48.5963342465177, -2.1656232832711892], [-48.59630253999121, -2.1657026606579652], [-48.596326125758985, -2.1657662406850373], [-48.59638930085902, -2.165758398704932], [-48.59648404472755, -2.165758549897576], [-48.59654715721575, -2.165790421808512], [-48.596554902251526, -2.1658857477653832], [-48.596538923734336, -2.1660048642620904], [-48.59650721718375, -2.1660842416558532], [-48.596388762269235, -2.166099938195191], [-48.59623880123218, -2.1660679276451034], [-48.596135986650324, -2.166178962695476], [-48.596119957960894, -2.1663298502559982], [-48.59608810101312, -2.1665045409328525], [-48.59602083412302, -2.1666037184919285], [-48.596008796897, -2.166726812618496], [-48.59589005370036, -2.1669251929006044], [-48.59579503403727, -2.1670997826446863], [-48.595826301949316, -2.167298402471893], [-48.59608668480178, -2.167402074730244], [-48.5965680492793, -2.1675616995054625], [-48.59691128950027, -2.167693303864284], [-48.59794892284367, -2.1681037069665665], [-48.59815507466506, -2.1675245191714376], [-48.598289859041465, -2.167167307834391], [-48.598470076551344, -2.1666923830647544], [-48.59857503474507, -2.16642213763921], [-48.598713752198336, -2.1660505411684308], [-48.598691577330946, -2.1659077879069373]], [[-48.59386943600029, -2.1665831634490886], [-48.59426199580469, -2.1654492050971625], [-48.59440476300671, -2.1650364081533464], [-48.5945475550769, -2.1646077255706655], [-48.59459518370474, -2.16444497443167], [-48.59455974251616, -2.1643893183470193], [-48.594453249859015, -2.164329577468872], [-48.59407256460297, -2.1641621713259944], [-48.59372734571458, -2.164034535713008], [-48.593246008307275, -2.1638590260861945], [-48.592784396853894, -2.163691490703887], [-48.59193614225397, -2.1633803679021657], [-48.59076242772085, -2.162929726684115], [-48.5902870447153, -2.1627343694857677], [-48.59017029998116, -2.1626957201422075], [-48.59003532171587, -2.1630635641085787], [-48.58995286985197, -2.1632662406961582], [-48.5898157536731, -2.163697669018081], [-48.589756267787855, -2.163869336107564], [-48.58951445317339, -2.164507348698411], [-48.58945493104089, -2.1647018510729796], [-48.589422267315136, -2.164750775365225], [-48.58937163681014, -2.1648971670041304], [-48.589694279303394, -2.1650000874223547], [-48.59021211053925, -2.165188563492515], [-48.59078011729741, -2.165421463757703], [-48.59146290100614, -2.1656779441648886], [-48.59203208584186, -2.1658954479298305], [-48.59299878487034, -2.166231022901207], [-48.59386943600029, -2.1665831634490886]]]}, "properties": {"id": 93, "Parcela": "E-153", "ANO": 1984, "Ha": 20.14, "PLANTAS": 2989, "VARIEDADE": "PB-121", "Rot_labels": -15}}, {"type": "Feature", "geometry": {"type": "Polygon", "coordinates": [[[-48.59101910445159, -2.1603765368535344], [-48.59124000906955, -2.1604801452766593], [-48.59158717542016, -2.160623668976863], [-48.59175684231085, -2.1606755676466958], [-48.592009328202806, -2.160779226441152], [-48.5922815523505, -2.1608829167138603], [-48.5925300844986, -2.16099054058129], [-48.59303508183644, -2.1611819726228867], [-48.59427001174456, -2.1616168233369937], [-48.59475527183803, -2.161808223810161], [-48.59509852320761, -2.1619318841893116], [-48.595228745544624, -2.1619638629117603], [-48.59531560005426, -2.1619600299428243], [-48.5953987132881, -2.1618251349148783], [-48.59550569996243, -2.161571135995857], [-48.595537412439185, -2.1614877871848472], [-48.595644130210914, -2.1614045578641052], [-48.59579081198667, -2.1610116231503578], [-48.59588591173578, -2.160785404921308], [-48.59595323418838, -2.1606504845870833], [-48.595977163749424, -2.1604956381522205], [-48.59601279253141, -2.160432152504451], [-48.59603665333922, -2.1603209913331214], [-48.596068334462245, -2.1602574993917893], [-48.59611188975179, -2.1601741693553596], [-48.59616725673823, -2.160110715109442], [-48.596191005076165, -2.1600710389216498], [-48.59623071887906, -2.1599201889669417], [-48.596230775089836, -2.1598844464634785], [-48.5959664452727, -2.1597807693679747], [-48.59558768385623, -2.159645138928846], [-48.5949840445022, -2.159421779739468], [-48.59450666750534, -2.159238335495716], [-48.59401349397039, -2.1590588374664157], [-48.59367023710112, -2.158939149043692], [-48.59295218019438, -2.158675893561111], [-48.59247085665933, -2.158492442921415], [-48.59206843595317, -2.1583408890661877], [-48.59178324396859, -2.158238368951631], [-48.59101910445159, -2.1603765368535344]], [[-48.59962196208882, -2.1635584292371144], [-48.60043053194772, -2.1614945824147753], [-48.59959805612868, -2.1611874600416563], [-48.598635414581665, -2.1608126166206785], [-48.59844602704332, -2.1607487728581445], [-48.59831149466253, -2.160947129102219], [-48.598208593418896, -2.1611137643880522], [-48.59812937806739, -2.161280437334973], [-48.59805023762678, -2.1613994535237415], [-48.597963289299045, -2.161462857607875], [-48.59792367534493, -2.1615501654464517], [-48.59791555517112, -2.1616931230675362], [-48.597868020897536, -2.161796303901972], [-48.597820561578075, -2.161851828001658], [-48.59777316472835, -2.161867638159054], [-48.59770186952644, -2.1620184379814873], [-48.597654385197856, -2.162089847634548], [-48.5974016477996, -2.162145044815677], [-48.59733822284792, -2.162311742708344], [-48.59715402142943, -2.1626953204658164], [-48.59740855561269, -2.1627725374183076], [-48.59850536714751, -2.163179367583575], [-48.59941277960775, -2.1635302963308765], [-48.59961804566097, -2.163538565957168], [-48.59962196208882, -2.1635584292371144]]]}, "properties": {"id": 114, "Parcela": "F-151", "ANO": 1984, "Ha": 19.87, "PLANTAS": 2890, "VARIEDADE": "PB-121", "Rot_labels": -15}}, {"type": "Feature", "geometry": {"type": "Polygon", "coordinates": [[[-48.607753295991635, -2.1413557841894675], [-48.60770110915906, -2.1413049994717204], [-48.60766197122233, -2.1412655025281966], [-48.60701462553649, -2.141024117263021], [-48.605914818907785, -2.1406334393502533], [-48.60521254898436, -2.140370221721584], [-48.60426959207939, -2.1400311687006104], [-48.60410784461268, -2.1399634002756587], [-48.60344502757699, -2.1397161302099845], [-48.60167356821737, -2.1390580607247256], [-48.601152780370015, -2.1388666136827177], [-48.599558850192174, -2.138284279871285], [-48.59923928609102, -2.13816066331122], [-48.59876360975809, -2.139422822270648], [-48.598656573376786, -2.139712566417955], [-48.598494035556115, -2.140153136522768], [-48.59844644793712, -2.140292060770491], [-48.598464178136624, -2.140313931444984], [-48.598618041865194, -2.1403737449947777], [-48.598904060675274, -2.1404913521801423], [-48.59937553663953, -2.140660879857064], [-48.60000085827532, -2.140902135238082], [-48.60028097775369, -2.141005833159498], [-48.60075836658708, -2.1411813271897393], [-48.60265609396059, -2.141875341580224], [-48.60285335133433, -2.1419550804664365], [-48.603279453352435, -2.142110636526479], [-48.60493252577624, -2.142744694051567], [-48.60552434276572, -2.1429561106703887], [-48.60585969375976, -2.143083723856061], [-48.60643963760387, -2.143314978878719], [-48.60674734933705, -2.143446520000425], [-48.60683611864682, -2.143480416759571], [-48.60692487662202, -2.1435253110884127], [-48.607753295991635, -2.1413557841894675]]]}, "properties": {"id": 174, "Parcela": "H-152", "ANO": 1983, "Ha": 25.84, "PLANTAS": 3824, "VARIEDADE": "PB-121", "Rot_labels": -15}}, {"type": "Feature", "geometry": {"type": "Polygon", "coordinates": [[[-48.60855228288867, -2.139074820728299], [-48.60008162756748, -2.135924098300352], [-48.599290913598814, -2.1379621741005996], [-48.59926711687108, -2.1380336220188862], [-48.59935974650548, -2.138123124482955], [-48.59990816650058, -2.1383146150792527], [-48.60033425435729, -2.1384781132985133], [-48.60073274622557, -2.13861773961144], [-48.60143895404478, -2.138884935156072], [-48.60210178808486, -2.139120291105659], [-48.603608887516444, -2.1396945449781346], [-48.604311162327456, -2.1399537912766857], [-48.60554999975343, -2.14041642335635], [-48.606165502306254, -2.140627876034458], [-48.60775546570658, -2.141230059402235], [-48.608072520530385, -2.1404283274715192], [-48.608262813415536, -2.1399083681292255], [-48.60851647730858, -2.1392534791922624], [-48.60855228288867, -2.139074820728299]]]}, "properties": {"id": 175, "Parcela": "H-153", "ANO": 1983, "Ha": 25.65, "PLANTAS": 3742, "VARIEDADE": "PB-121", "Rot_labels": -15}}, {"type": "Feature", "geometry": {"type": "Polygon", "coordinates": [[[-48.607889427632756, -2.136301720046089], [-48.60089482761254, -2.133685135928785], [-48.600137307010364, -2.135658101217399], [-48.60008178788873, -2.1358208418536244], [-48.60266990317656, -2.1367979042764165], [-48.60447690972476, -2.1374441116882577], [-48.60632332218817, -2.1381380376435493], [-48.60702557381526, -2.138413168097376], [-48.60860556139065, -2.139038790261739], [-48.608698855806914, -2.13874542135577], [-48.608841573236994, -2.1383564443004666], [-48.60889711063293, -2.138181788124792], [-48.608944826538384, -2.1379594624285043], [-48.60882634856446, -2.1379910482458038], [-48.60872389479672, -2.1378717445747117], [-48.608787167491734, -2.1378003578749887], [-48.60889015008335, -2.137578118784619], [-48.608827135651005, -2.13748270556049], [-48.60866149529873, -2.1373791886666043], [-48.608567145829404, -2.1371248689138915], [-48.60836243507716, -2.136759176091113], [-48.60819900224723, -2.1365047481937225], [-48.607889427632756, -2.136301720046089]]]}, "properties": {"id": 176, "Parcela": "H-154", "ANO": 1983, "Ha": 24.53, "PLANTAS": 3570, "VARIEDADE": "PB-121", "Rot_labels": -15}}, {"type": "Feature", "geometry": {"type": "Polygon", "coordinates": [[[-48.609475007296005, -2.13661249394817], [-48.60961983854837, -2.1362570994057464], [-48.60972864427459, -2.1358726180746963], [-48.6098226851042, -2.135705840939476], [-48.610061848373796, -2.1349949723256607], [-48.61017054143918, -2.134683066366081], [-48.61018869992815, -2.1346032613737993], [-48.610116598665826, -2.1345777470820773], [-48.609860651287086, -2.1344793694617508], [-48.60969047954414, -2.1344220782558465], [-48.60879886429082, -2.1340672255557744], [-48.60830172881288, -2.1338956760300247], [-48.60792297898812, -2.1337521117527545], [-48.60777306797215, -2.1336883342296864], [-48.60768231588794, -2.1336603921826924], [-48.607666371930065, -2.133759653074596], [-48.60769374729754, -2.1339264961315205], [-48.60776059263661, -2.134097372403186], [-48.60792597477069, -2.1343676887730707], [-48.60801657950169, -2.1344909450583], [-48.60808742774093, -2.134626084734857], [-48.60813465785459, -2.134717501666855], [-48.608225287174584, -2.1348248722787857], [-48.60827640348578, -2.134956009659594], [-48.60831170475631, -2.1351030080324387], [-48.608327292504946, -2.135234089806875], [-48.608350818483565, -2.135337383963351], [-48.60838559132553, -2.135825924992147], [-48.60838145935879, -2.1359450615911575], [-48.60840496686357, -2.1360602700405376], [-48.6085272263188, -2.1361359187933533], [-48.60851526669554, -2.1362113573479693], [-48.60859415765034, -2.136251195263863], [-48.608641393899255, -2.136338640841844], [-48.60862945270531, -2.136402165121529], [-48.60859387494827, -2.1364338808885175], [-48.60874773999548, -2.1364936934246317], [-48.60891737712221, -2.136565444971533], [-48.609078178061985, -2.13664816040901], [-48.609252882053255, -2.13659377045267], [-48.6093883487834, -2.1366704188671153], [-48.609475007296005, -2.13661249394817]], [[-48.606435992002446, -2.1331749059957956], [-48.60173518278162, -2.1314662988826263], [-48.601640059370396, -2.1317123776151115], [-48.60149744179397, -2.1320378101694355], [-48.60141814549722, -2.132260085125334], [-48.600926576215045, -2.1335937094396535], [-48.6012185133197, -2.1337133099686643], [-48.60190897289249, -2.1339526782301292], [-48.60351076234881, -2.1345588463989396], [-48.60417355352547, -2.134821999608257], [-48.60620933828632, -2.1355877047645278], [-48.607542894179254, -2.136066366129284], [-48.60763012287418, -2.1358202739121857], [-48.60755144099273, -2.135645407596467], [-48.60749654313871, -2.135407035619641], [-48.6074888937326, -2.135248166315817], [-48.60746547843196, -2.135073386591744], [-48.607465748798205, -2.134898643962099], [-48.60745017953632, -2.134755647994947], [-48.60736351636531, -2.1346363693142787], [-48.60725322896694, -2.1344773393301613], [-48.60719819585712, -2.134326338736889], [-48.6071905709364, -2.1341515837797673], [-48.607111753861815, -2.134064088883764], [-48.60694626137371, -2.13386525821812], [-48.6068912896855, -2.133674543453444], [-48.606844188635826, -2.133499726746414], [-48.60671010508054, -2.1334121453847503], [-48.60663923240256, -2.133292891526272], [-48.60656430156812, -2.1332451170734794], [-48.606435992002446, -2.1331749059957956]]]}, "properties": {"id": 201, "Parcela": "I-151", "ANO": 1983, "Ha": 22.95, "PLANTAS": 3424, "VARIEDADE": "PB-121", "Rot_labels": -15}}, {"type": "Feature", "geometry": {"type": "Polygon", "coordinates": [[[-48.60253999025525, -2.1292395939047104], [-48.601740617740674, -2.1313912671464013], [-48.60615804823252, -2.1330181096569985], [-48.606292352807735, -2.132962719870455], [-48.606371317204946, -2.1329549006061908], [-48.60626107904654, -2.1327640994389068], [-48.60630881876178, -2.1325258883704046], [-48.60639586254903, -2.1323989388222326], [-48.60649071557236, -2.132327601495293], [-48.60649096114433, -2.1321687446672977], [-48.60636496932846, -2.131954090328168], [-48.60647780104193, -2.1317960347584597], [-48.60651560431536, -2.1315492400803917], [-48.606579072797516, -2.1313507678172083], [-48.60668985110554, -2.131192083818364], [-48.606745375223056, -2.131025370533082], [-48.60678509663494, -2.1308665753889904], [-48.60659582035305, -2.1307312508246974], [-48.60586994061773, -2.130420344384391], [-48.60256372489181, -2.1292078596961956], [-48.60253999025525, -2.1292395939047104]], [[-48.6110217670947, -2.1323692276223594], [-48.610938911962755, -2.132300151165885], [-48.60726654465333, -2.1309705852449707], [-48.607116118595656, -2.131240407488967], [-48.60708430463391, -2.1313912721683796], [-48.60714731905049, -2.131486685068072], [-48.60724967453665, -2.1316695310037255], [-48.607312480339345, -2.1318999723067096], [-48.607257029763765, -2.132019028569242], [-48.60723308637513, -2.1321857912875095], [-48.60720910613485, -2.132376382535939], [-48.60728777592913, -2.132559191489657], [-48.607334975349865, -2.132670465439128], [-48.607429239134376, -2.1329803846711757], [-48.607491995690104, -2.1332425974424476], [-48.60764146457458, -2.1335923174588274], [-48.607909791642165, -2.1336642231348226], [-48.61022482625628, -2.1345670299645816], [-48.610590632397646, -2.133598714623468], [-48.611014469058155, -2.132423648116778], [-48.6110217670947, -2.1323692276223594]]]}, "properties": {"id": 202, "Parcela": "I-152", "ANO": 1983, "Ha": 23.5, "PLANTAS": 3265, "VARIEDADE": "PB-121", "Rot_labels": -15}}, {"type": "Feature", "geometry": {"type": "Polygon", "coordinates": [[[-48.61032214810276, -2.1347104991712613], [-48.609539596957646, -2.136830322404785], [-48.612191548705226, -2.1378234015124447], [-48.616889050818, -2.1395621625957455], [-48.617765871128945, -2.139886530658623], [-48.61803825521628, -2.1399808510207974], [-48.618536867426975, -2.1386295457259896], [-48.618614467790934, -2.1383613070221625], [-48.61868688774291, -2.1381828408977066], [-48.61877307221491, -2.137908807522783], [-48.61878894856711, -2.137853231779953], [-48.61872889512343, -2.137780918368956], [-48.61293406601108, -2.1356280148917737], [-48.61043386556856, -2.1346762205872567], [-48.61033799995435, -2.13467080954761], [-48.61032214810276, -2.1347104991712613]]]}, "properties": {"id": 197, "Parcela": "I-141", "ANO": 1983, "Ha": 25.8, "PLANTAS": 3659, "VARIEDADE": "PB-121", "Rot_labels": -15}}, {"type": "Feature", "geometry": {"type": "Polygon", "coordinates": [[[-48.610357897604196, -2.134567583186568], [-48.61038310457718, -2.1346068864363876], [-48.61879304319002, -2.1377579229919053], [-48.618848359333676, -2.137726237586699], [-48.61897917682459, -2.1373729812180695], [-48.6192130370792, -2.136757768668847], [-48.619264638048364, -2.1365751616517183], [-48.61926078829807, -2.1365116121738508], [-48.619237285945694, -2.1363924315127183], [-48.61928873390286, -2.136309110920024], [-48.61937652652515, -2.1362647766167124], [-48.61939945168523, -2.136190139515511], [-48.61940353391912, -2.136102773592593], [-48.619376004351615, -2.136035215727655], [-48.619328779348, -2.135939826890341], [-48.619289523047065, -2.1357967928724557], [-48.61918326067214, -2.1355861394783644], [-48.61902564217327, -2.1353992348626587], [-48.61890734728018, -2.135311678218927], [-48.618750464516175, -2.1352477327325055], [-48.617952616363176, -2.134920986378669], [-48.61733316676696, -2.1347055615854447], [-48.615384128961665, -2.133991630627225], [-48.61444121411396, -2.133620814201002], [-48.61382572679158, -2.1333974523974204], [-48.612701290246534, -2.132982666544733], [-48.611612359176355, -2.1325838217639346], [-48.61115073283543, -2.1324242431240914], [-48.61104367524588, -2.1327298770841843], [-48.61088114244977, -2.133170453383992], [-48.6107542667965, -2.1335276849891036], [-48.610357897604196, -2.134567583186568]]]}, "properties": {"id": 198, "Parcela": "I-142", "ANO": 1983, "Ha": 25.78, "PLANTAS": 3643, "VARIEDADE": "PB-121", "Rot_labels": -15}}, {"type": "Feature", "geometry": {"type": "Polygon", "coordinates": [[[-48.58038012647416, -2.136172438159705], [-48.579647761250285, -2.1382761506145687], [-48.57962395771063, -2.138351568525168], [-48.57999881736893, -2.1384992503342604], [-48.580813523013816, -2.1387980970623515], [-48.58143712307269, -2.1390567247741816], [-48.58229870918077, -2.1393629031535704], [-48.58298002173687, -2.1396216222990203], [-48.58505064557912, -2.1403835809789027], [-48.58581601294188, -2.140678674952169], [-48.587817779658316, -2.1414182487059614], [-48.58808818413174, -2.141494880243716], [-48.588856126562696, -2.1394095743300414], [-48.58883404206892, -2.1393490703911358], [-48.5886802424255, -2.139249788348862], [-48.586780852975906, -2.1385866164143206], [-48.58038012647416, -2.136172438159705]]]}, "properties": {"id": 153, "Parcela": "G-174", "ANO": 1984, "Ha": 25.69, "PLANTAS": 3841, "VARIEDADE": "PB-121", "Rot_labels": -15}}, {"type": "Feature", "geometry": {"type": "Polygon", "coordinates": [[[-48.58805190423303, -2.1416290858512483], [-48.587970860666104, -2.1415563828908795], [-48.579717531837346, -2.1384625169461016], [-48.57961786829274, -2.1384587853520145], [-48.57936425409611, -2.1390779136101097], [-48.57910261974881, -2.139776455850328], [-48.578809292281846, -2.1405464316975884], [-48.57884850962252, -2.1405984460096144], [-48.57894221643616, -2.1406457680820017], [-48.57990473321613, -2.1409920244460237], [-48.58254707271122, -2.141994116418104], [-48.58430694617341, -2.142636152000232], [-48.58716489771761, -2.1437323436622067], [-48.587279770482, -2.143707180153757], [-48.58805190423303, -2.1416290858512483]]]}, "properties": {"id": 152, "Parcela": "G-173", "ANO": 1984, "Ha": 25.63, "PLANTAS": 3808, "VARIEDADE": "PB-121", "Rot_labels": -15}}, {"type": "Feature", "geometry": {"type": "Polygon", "coordinates": [[[-48.578781444370584, -2.140683398987832], [-48.5779964984995, -2.1428028505801824], [-48.57934572444173, -2.1433371576269886], [-48.58245465445963, -2.144454080059196], [-48.58334626837609, -2.1447970340180746], [-48.58437200092613, -2.1452037428102217], [-48.58453777407018, -2.145219891615975], [-48.58466410889562, -2.1452121495659506], [-48.5848142912195, -2.1451011898552017], [-48.58490920749159, -2.1449901423367175], [-48.58498824621434, -2.1449346687204933], [-48.585075317159784, -2.1447918377698896], [-48.585130782568264, -2.1446648420847167], [-48.58526513713933, -2.1445776853072003], [-48.58539949170298, -2.1444905285003992], [-48.58557330954693, -2.1444113770402256], [-48.58575498517471, -2.1443560662259302], [-48.58582622834358, -2.1442370382111666], [-48.58588961370489, -2.144094169493693], [-48.58596860255741, -2.144070466613009], [-48.585984206064545, -2.1441896324685246], [-48.58602361955119, -2.144229408710207], [-48.586086942641614, -2.144126253566445], [-48.586181759161384, -2.14407874756374], [-48.58630022378202, -2.1440551072911638], [-48.58637134239815, -2.144015506409786], [-48.58639517725027, -2.1439202313155286], [-48.58650573427074, -2.143904521208024], [-48.586576728396636, -2.1439443475383975], [-48.5866478594599, -2.143896803906144], [-48.58675854096789, -2.1438016665292676], [-48.586790308275496, -2.143682575744391], [-48.586577288540134, -2.143586924978445], [-48.57880516705017, -2.1406596085884018], [-48.578781444370584, -2.140683398987832]]]}, "properties": {"id": 151, "Parcela": "G-172", "ANO": 1984, "Ha": 21.74, "PLANTAS": 3301, "VARIEDADE": "PB-121", "Rot_labels": -15}}, {"type": "Feature", "geometry": {"type": "Polygon", "coordinates": [[[-48.577183761607664, -2.1450195529050533], [-48.57716789638028, -2.1450671837553927], [-48.58338564578353, -2.147372524964743], [-48.58342520893407, -2.147316988833177], [-48.583520450078844, -2.1469994313387386], [-48.58356005064851, -2.1469200670705577], [-48.58362344898549, -2.14676925611184], [-48.58370272494727, -2.146562871300188], [-48.5837819759069, -2.1463723718733307], [-48.583845473956046, -2.146158019196089], [-48.583964025927045, -2.1460787803739376], [-48.58395623057426, -2.14601522616108], [-48.58394848511444, -2.145919901117402], [-48.58397233270918, -2.145816683559712], [-48.58405944124058, -2.1456500247074866], [-48.584178030561986, -2.1455469576832704], [-48.584312460039804, -2.1454121448798134], [-48.58435212279923, -2.1452930669448653], [-48.584281103888465, -2.145269125925643], [-48.584091745090994, -2.1451893977862238], [-48.58322381579917, -2.1448464814573263], [-48.57942844519518, -2.1434504726909536], [-48.57796873767451, -2.142884219012216], [-48.577762565927046, -2.143455764744283], [-48.577183761607664, -2.1450195529050533]]]}, "properties": {"id": 150, "Parcela": "G-171", "ANO": 1984, "Ha": 18.95, "PLANTAS": 2779, "VARIEDADE": "PB-121", "Rot_labels": -15}}, {"type": "Feature", "geometry": {"type": "Polygon", "coordinates": [[[-48.57654953862101, -2.14667856330494], [-48.576537645893524, -2.1467103150736184], [-48.57657704007601, -2.146762005350888], [-48.57690449312468, -2.1468856392126767], [-48.57890079446524, -2.1476274924984806], [-48.581662441747426, -2.148680330392382], [-48.58170201749769, -2.1486168517215027], [-48.581745540816826, -2.148553379333691], [-48.58183241869581, -2.148533660926103], [-48.581935061876806, -2.14852985305151], [-48.58203381998364, -2.1484863254008135], [-48.58218386531988, -2.1484627362041953], [-48.58230238005243, -2.1484073259076473], [-48.58233796446338, -2.148371640339495], [-48.582385435333535, -2.148308174180889], [-48.582460445511536, -2.1483043222535487], [-48.58249206984757, -2.1482765730887157], [-48.58253953446224, -2.1482170782642886], [-48.58257910392158, -2.1481575708651173], [-48.58260290181522, -2.148086124274733], [-48.5826859195777, -2.1480108005899328], [-48.582812316942544, -2.147963345461208], [-48.582911056298066, -2.1479317317356585], [-48.58302556097982, -2.147916028534026], [-48.583116398945215, -2.147888373572878], [-48.58321516328762, -2.147840874408233], [-48.583278474368456, -2.14774566247346], [-48.58335756949957, -2.147654447003262], [-48.58339329746801, -2.147527420261487], [-48.58339340983956, -2.147455935921627], [-48.58326713111684, -2.1474279354819634], [-48.58309749776137, -2.1473561810821744], [-48.581858665612934, -2.1469054461035415], [-48.58029242471462, -2.146303278239722], [-48.57868670477053, -2.1457050186185933], [-48.577806918584365, -2.1453739953863966], [-48.577163848797255, -2.1451307188093964], [-48.577136178422556, -2.145154502784405], [-48.57654953862101, -2.14667856330494]]]}, "properties": {"id": 125, "Parcela": "F-174", "ANO": 1984, "Ha": 13.19, "PLANTAS": 2001, "VARIEDADE": "PB-121", "Rot_labels": -15}}, {"type": "Feature", "geometry": {"type": "Polygon", "coordinates": [[[-48.59333302723416, -2.1537574842714484], [-48.59332452079154, -2.1537217468822045], [-48.58970514237573, -2.152398760457509], [-48.58889050525128, -2.1520491062457117], [-48.58752782075388, -2.1515606882607643], [-48.586017342633625, -2.151013975158107], [-48.58511971377592, -2.150685960941389], [-48.58495201358501, -2.1509412055737274], [-48.58483633217784, -2.151197815684702], [-48.58469286608123, -2.151560671882941], [-48.58464526993844, -2.1517035652191154], [-48.584579825205985, -2.151900043537078], [-48.584549983790815, -2.1520489221867978], [-48.58448458589011, -2.1522156153054026], [-48.58443697088343, -2.1523704226539113], [-48.58438932770397, -2.152543101086705], [-48.584323995395785, -2.152668094929469], [-48.5843047974225, -2.1528074648783058], [-48.58443817067232, -2.1528621083252903], [-48.58533218696642, -2.1531937471826845], [-48.586334066514716, -2.153581511750654], [-48.59047361962704, -2.1551607700998154], [-48.59255642746253, -2.155886885605952], [-48.59257454247314, -2.1558361120301575], [-48.59333302723416, -2.1537574842714484]]]}, "properties": {"id": 120, "Parcela": "F-163", "ANO": 1984, "Ha": 25.14, "PLANTAS": 3593, "VARIEDADE": "PB-121", "Rot_labels": -15}}, {"type": "Feature", "geometry": {"type": "Polygon", "coordinates": [[[-48.620809558908086, -2.158907206402459], [-48.61794360422339, -2.1578140478730115], [-48.61570799219353, -2.157013059705914], [-48.61489503810259, -2.1591333465688582], [-48.614961132571466, -2.159191547391309], [-48.61794331636884, -2.160314297572768], [-48.62004872078518, -2.161054267031563], [-48.62079859642596, -2.1589979095817817], [-48.620809558908086, -2.158907206402459]]]}, "properties": {"id": 138, "Parcela": "G-131", "ANO": 1984, "Ha": 15.63, "PLANTAS": 2336, "VARIEDADE": "PB-121", "Rot_labels": -15}}, {"type": "Feature", "geometry": {"type": "Polygon", "coordinates": [[[-48.62085295150541, -2.1588383271905034], [-48.621610047625346, -2.1567747205919248], [-48.62160304202358, -2.1566404432406365], [-48.6165264719885, -2.1547520219282217], [-48.61573706770609, -2.156915894773837], [-48.62085295150541, -2.1588383271905034]]]}, "properties": {"id": 139, "Parcela": "G-132", "ANO": 1984, "Ha": 15.55, "PLANTAS": 2260, "VARIEDADE": "PB-121", "Rot_labels": -15}}, {"type": "Feature", "geometry": {"type": "Polygon", "coordinates": [[[-48.61734944788759, -2.152522308485365], [-48.61725085044885, -2.1525424897682304], [-48.61678786713513, -2.153820806935405], [-48.61668598031656, -2.1541197868821533], [-48.61665085950519, -2.1542179702617394], [-48.61663188648168, -2.154287527808598], [-48.61647767206659, -2.154669042232872], [-48.616592136659854, -2.154727432104185], [-48.62167525182939, -2.156597010943849], [-48.62239241131237, -2.1546966356880257], [-48.62247212798274, -2.1544645162581366], [-48.622435792656994, -2.1544105229137864], [-48.61734944788759, -2.152522308485365]]]}, "properties": {"id": 140, "Parcela": "G-133", "ANO": 1984, "Ha": 15.86, "PLANTAS": 2285, "VARIEDADE": "PB-121", "Rot_labels": -15}}, {"type": "Feature", "geometry": {"type": "Polygon", "coordinates": [[[-48.62326442345731, -2.1521743182710935], [-48.61810679325417, -2.150291780376656], [-48.617806811742625, -2.1511581778704194], [-48.61730515841898, -2.1524317370071953], [-48.62250832289211, -2.154384739002536], [-48.62327625829048, -2.152302999410204], [-48.62326442345731, -2.1521743182710935]]]}, "properties": {"id": 141, "Parcela": "G-134", "ANO": 1984, "Ha": 15.74, "PLANTAS": 2341, "VARIEDADE": "PB-121", "Rot_labels": -15}}, {"type": "Feature", "geometry": {"type": "Polygon", "coordinates": [[[-48.62412032542357, -2.14997098724114], [-48.61895434960728, -2.1480359891282754], [-48.61889429665028, -2.148029647878294], [-48.61813060761431, -2.1501478326886625], [-48.61817181645701, -2.150230192682234], [-48.62331979089816, -2.152143399395574], [-48.623359570211235, -2.15207814292618], [-48.62412032542357, -2.14997098724114]]]}, "properties": {"id": 166, "Parcela": "H-131", "ANO": 1983, "Ha": 15.92, "PLANTAS": 2316, "VARIEDADE": "PB-121", "Rot_labels": -15}}, {"type": "Feature", "geometry": {"type": "Polygon", "coordinates": [[[-48.624935294349044, -2.1477913369979236], [-48.624856106462744, -2.147682348297645], [-48.61980548494712, -2.145794715430258], [-48.61962064213492, -2.145873779584095], [-48.6189411787408, -2.1479419362625687], [-48.61899770765259, -2.147988882536726], [-48.62410206757527, -2.14989383982029], [-48.62415290159937, -2.14989846171556], [-48.624935294349044, -2.1477913369979236]]]}, "properties": {"id": 167, "Parcela": "H-132", "ANO": 1983, "Ha": 16.11, "PLANTAS": 2585, "VARIEDADE": "PB-121", "Rot_labels": -15}}, {"type": "Feature", "geometry": {"type": "Polygon", "coordinates": [[[-48.6257720573611, -2.1455101104416574], [-48.62559587270643, -2.1454127442427873], [-48.62047483843527, -2.143513695618288], [-48.6196685844389, -2.145685636619267], [-48.61971901614693, -2.1457292613652514], [-48.624924674910126, -2.1476606825480085], [-48.62500408707029, -2.147624518432092], [-48.6257720573611, -2.1455101104416574]], [[-48.620336677678004, -2.1435322585531913], [-48.62036666585723, -2.143453433756409], [-48.61892644100692, -2.142917858759208], [-48.618806935261254, -2.1429439623555817], [-48.61871727257515, -2.1429851357855236], [-48.61866114558574, -2.143067675361924], [-48.61852283987926, -2.1431801326686406], [-48.61832484806687, -2.1432624502259054], [-48.617906650617776, -2.1433068652040865], [-48.61738714337603, -2.1436816306600317], [-48.61737958384139, -2.1437417114087087], [-48.617364569359836, -2.1437942689099616], [-48.61728246619738, -2.143775361412453], [-48.61719270470283, -2.1438803828602064], [-48.61714776002015, -2.1439742071220262], [-48.61711405004831, -2.14404551425761], [-48.61708406754081, -2.1441205830129566], [-48.617065337189295, -2.1441618673181444], [-48.61701667081874, -2.1442481741570347], [-48.616960497179754, -2.1443607597255783], [-48.616904271200845, -2.1445071472678996], [-48.61674298990185, -2.1449913908178275], [-48.61678395716037, -2.145055303362839], [-48.61688840188927, -2.14511180382083], [-48.61933221790474, -2.1460771144081554], [-48.619410611261245, -2.1460809929816667], [-48.620336677678004, -2.1435322585531913]]]}, "properties": {"id": 168, "Parcela": "H-133", "ANO": 1983, "Ha": 25.04, "PLANTAS": 3217, "VARIEDADE": "PB-121", "Rot_labels": -15}}, {"type": "Feature", "geometry": {"type": "Polygon", "coordinates": [[[-48.626592498887646, -2.1432832876451386], [-48.626401474144394, -2.14318501124964], [-48.621223592768274, -2.1413774736730318], [-48.62048902592589, -2.1434624559356137], [-48.62570188703575, -2.1454011359288603], [-48.62581004940795, -2.1454339643098983], [-48.626592498887646, -2.1432832876451386]], [[-48.61810610479366, -2.1401640517448897], [-48.6174061722078, -2.141945400542072], [-48.61750019943607, -2.1419813042124716], [-48.61784179593675, -2.1420922357864227], [-48.617886635930994, -2.1420660154138838], [-48.617940875878126, -2.1419966181778682], [-48.61798951880131, -2.1419253342858124], [-48.61804547156774, -2.141955468108695], [-48.61808281597784, -2.14194801494118], [-48.618101592654334, -2.141876684325006], [-48.61812780106382, -2.1418279000615357], [-48.61816517448965, -2.141801667989413], [-48.61825865737691, -2.1417041636688476], [-48.618318453690925, -2.1416629434937446], [-48.618389420831384, -2.1416405197268125], [-48.61853877526063, -2.14162573009618], [-48.61859108180491, -2.14159952134814], [-48.61862855385402, -2.1415094409722037], [-48.618812192281226, -2.141051521605305], [-48.61884214551809, -2.1409952315594243], [-48.618909622924086, -2.1408150590539354], [-48.61905204418699, -2.14045472564493], [-48.61899985364928, -2.1404058188198887], [-48.6181379478214, -2.1400927415199105], [-48.61810610479366, -2.1401640517448897]], [[-48.62048684036118, -2.14208792066254], [-48.620073535461955, -2.141985868344487], [-48.62003987209624, -2.1420271294688566], [-48.620002365245405, -2.1421397446661437], [-48.61997241775708, -2.1421922789720558], [-48.61984539323127, -2.14225217312192], [-48.619789266326514, -2.1423347128386214], [-48.619714472983965, -2.142417223364698], [-48.61952392456913, -2.142514576067488], [-48.61945672543136, -2.142514470998309], [-48.61929242606992, -2.142536748846831], [-48.61921395164918, -2.142585451426109], [-48.619120433820186, -2.1427054905060516], [-48.61895585586265, -2.14290804581872], [-48.62028415168154, -2.143398376235025], [-48.62039244610012, -2.1433797665938124], [-48.6207588484897, -2.142426367303365], [-48.62066575982954, -2.142268478419077], [-48.62048684036118, -2.14208792066254]], [[-48.6209021801705, -2.1414763748127865], [-48.62074555022483, -2.1413672120892873], [-48.62068949297252, -2.1414046824903568], [-48.62063340673601, -2.1414609318188957], [-48.620569906094985, -2.141483367400016], [-48.620491530281605, -2.1414682217872643], [-48.620427890510065, -2.1415807962226943], [-48.62037928242791, -2.141629545617144], [-48.62033810032871, -2.1417045971721116], [-48.620263330247056, -2.141772084651257], [-48.62022957991401, -2.1418696825718024], [-48.62024069279104, -2.1419260368539157], [-48.620356349282126, -2.141975042909904], [-48.62039736324684, -2.1420089091514187], [-48.62046823771051, -2.1420465778481415], [-48.620531663001294, -2.142072967519911], [-48.62059876359977, -2.1421369208887193], [-48.62062482703097, -2.1421820311600808], [-48.6206696206859, -2.1421858569478887], [-48.6207293416962, -2.1421934618544913], [-48.62078899892885, -2.142242380415405], [-48.62083384477462, -2.1422124041175135], [-48.62080408283386, -2.142144753287589], [-48.62081910875266, -2.142084684027364], [-48.62085658077562, -2.141994603463927], [-48.62093136247943, -2.141919604364124], [-48.62096900838218, -2.14171685016314], [-48.62099163995513, -2.141566653651539], [-48.6209021801705, -2.1414763748127865]]]}, "properties": {"id": 169, "Parcela": "H-134", "ANO": 1983, "Ha": 20.19, "PLANTAS": 2867, "VARIEDADE": "PB-121", "Rot_labels": -15}}, {"type": "Feature", "geometry": {"type": "Polygon", "coordinates": [[[-48.637192153372645, -2.1674820744725842], [-48.63803918526561, -2.165356371839589], [-48.62955140731058, -2.1621646950016804], [-48.62876251047551, -2.1642954792761917], [-48.634614496546554, -2.1665308948341835], [-48.637192153372645, -2.1674820744725842]]]}, "properties": {"id": 130, "Parcela": "G-111", "ANO": 1984, "Ha": 25.47, "PLANTAS": 3750, "VARIEDADE": "PB-121", "Rot_labels": -15}}, {"type": "Feature", "geometry": {"type": "Polygon", "coordinates": [[[-48.63810824991011, -2.165237245974238], [-48.6388653053755, -2.1631990102465615], [-48.6388293740335, -2.1631082323589794], [-48.63875008931224, -2.1630609329831723], [-48.63038811310054, -2.159937899582665], [-48.62956590910815, -2.1621175428523247], [-48.634652643139496, -2.1640306741983575], [-48.63807929698171, -2.165298891261589], [-48.63810824991011, -2.165237245974238]]]}, "properties": {"id": 131, "Parcela": "G-112", "ANO": 1984, "Ha": 26.11, "PLANTAS": 3853, "VARIEDADE": "PB-121", "Rot_labels": -15}}, {"type": "Feature", "geometry": {"type": "Polygon", "coordinates": [[[-48.63040621629794, -2.1598943818655205], [-48.638602376089736, -2.1629485941497144], [-48.638758161382825, -2.162973919867089], [-48.63885798580362, -2.1629113715818513], [-48.63904094343473, -2.1627529347253693], [-48.639697879450836, -2.160850705486235], [-48.63122955400924, -2.157687604586972], [-48.63040621629794, -2.1598943818655205]]]}, "properties": {"id": 132, "Parcela": "G-113", "ANO": 1984, "Ha": 26.19, "PLANTAS": 3810, "VARIEDADE": "PB-113", "Rot_labels": -15}}, {"type": "Feature", "geometry": {"type": "Polygon", "coordinates": [[[-48.640466705122684, -2.1586490996399], [-48.64045595641214, -2.1586019075517817], [-48.63202004582495, -2.155471533219756], [-48.63124477464127, -2.1576323261230237], [-48.63972026670964, -2.1608262832140355], [-48.640488146557296, -2.158779772428537], [-48.640466705122684, -2.1586490996399]]]}, "properties": {"id": 133, "Parcela": "G-114", "ANO": 1984, "Ha": 25.87, "PLANTAS": 3816, "VARIEDADE": "PB-113", "Rot_labels": -15}}, {"type": "Feature", "geometry": {"type": "Polygon", "coordinates": [[[-48.64128770407, -2.1564172376024824], [-48.63285497410834, -2.1532705829280827], [-48.63208145402824, -2.155415382155166], [-48.64044164532245, -2.1585256789451988], [-48.64058596538247, -2.158504131033141], [-48.641292287482806, -2.1566073334869795], [-48.64132131247881, -2.1564985125827634], [-48.64128770407, -2.1564172376024824]]]}, "properties": {"id": 158, "Parcela": "H-111", "ANO": 1984, "Ha": 25.35, "PLANTAS": 3796, "VARIEDADE": "PB-121", "Rot_labels": -15}}, {"type": "Feature", "geometry": {"type": "Polygon", "coordinates": [[[-48.632930010875164, -2.15311393941749], [-48.632914542882524, -2.1531841565839196], [-48.641375608354444, -2.1563762441084338], [-48.642183321574315, -2.154222737695904], [-48.642071639308476, -2.154131841954001], [-48.633687441289716, -2.1510082568942677], [-48.632930010875164, -2.15311393941749]]]}, "properties": {"id": 159, "Parcela": "H-112", "ANO": 1983, "Ha": 25.96, "PLANTAS": 3711, "VARIEDADE": "PB-121", "Rot_labels": -15}}, {"type": "Feature", "geometry": {"type": "Polygon", "coordinates": [[[-48.635310107505184, -2.146176245089858], [-48.63529887903426, -2.1461471562380052], [-48.63434755394846, -2.1458191195710388], [-48.63368053352675, -2.145625752264845], [-48.63210294987168, -2.1451451829532022], [-48.6304147336633, -2.1445656746872714], [-48.6289570198291, -2.144061770131203], [-48.62671342403305, -2.1432670367221607], [-48.62590571944101, -2.145421303045362], [-48.62594890377795, -2.1454866894464324], [-48.63440276113411, -2.1486206807264967], [-48.635310107505184, -2.146176245089858]]]}, "properties": {"id": 165, "Parcela": "H-124", "ANO": 1982, "Ha": 27.42, "PLANTAS": 3909, "VARIEDADE": "PB-121", "Rot_labels": -15}}, {"type": "Feature", "geometry": {"type": "Polygon", "coordinates": [[[-48.63537753129659, -2.1463268732047562], [-48.63454464321674, -2.148714925200364], [-48.63612709140558, -2.1493315822236183], [-48.63856900074903, -2.1502383289868257], [-48.64302378237197, -2.1518816061468096], [-48.64315779883371, -2.1515225556697097], [-48.64361061480221, -2.150271296440332], [-48.64403451066036, -2.1490599090319575], [-48.643140079982544, -2.1487154405946045], [-48.64229287372989, -2.148406872029221], [-48.6413273294751, -2.148041685363571], [-48.64044891224857, -2.1477644204358155], [-48.63543997095017, -2.146254860262766], [-48.63537753129659, -2.1463268732047562]]]}, "properties": {"id": 161, "Parcela": "H-114", "ANO": 1982, "Ha": 32.21, "PLANTAS": 4669, "VARIEDADE": "PB-121", "Rot_labels": -15}}, {"type": "Feature", "geometry": {"type": "Polygon", "coordinates": [[[-48.64481321169749, -2.1469962837949224], [-48.64356591814019, -2.1464863069955213], [-48.642549282963195, -2.146107327324362], [-48.641530302302094, -2.1457470087869757], [-48.64114326760246, -2.145604361796723], [-48.64077191096742, -2.1454876617446366], [-48.6396862672022, -2.145154723715817], [-48.63861946261418, -2.144827495866062], [-48.6374123206797, -2.144461443113596], [-48.63666468293468, -2.1442596274844714], [-48.63605246353932, -2.146344000147938], [-48.639293732255815, -2.147350605215529], [-48.640371769586125, -2.147675249426687], [-48.64100633052829, -2.1478685652345995], [-48.64299274088964, -2.1486046822401392], [-48.644052663263075, -2.148983730735445], [-48.64481321169749, -2.1469962837949224]]]}, "properties": {"id": 185, "Parcela": "I-111", "ANO": 1982, "Ha": 22.96, "PLANTAS": 2949, "VARIEDADE": "PB-121", "Rot_labels": -15}}, {"type": "Feature", "geometry": {"type": "Polygon", "coordinates": [[[-48.64558846185997, -2.1448274128262237], [-48.642693551374954, -2.1437632970906066], [-48.641997758238645, -2.1435118267635933], [-48.64051954697432, -2.1430450403497603], [-48.63896722165145, -2.142563908395448], [-48.63736480125166, -2.1420712410372995], [-48.636723096673876, -2.1441858710779496], [-48.63858350826612, -2.1447512338731713], [-48.63973004015359, -2.1451013847900664], [-48.63997159535597, -2.1451815947808175], [-48.64014826679706, -2.1452326731179983], [-48.64119022708455, -2.145560888184423], [-48.64184998225613, -2.145790530616765], [-48.64277288661587, -2.1461330762208046], [-48.64340375800647, -2.1463808181033026], [-48.64377508233589, -2.146519291193462], [-48.64413200603617, -2.1466395975434867], [-48.64446005048603, -2.1467743746290435], [-48.64484581494819, -2.1469056122885504], [-48.64558846185997, -2.1448274128262237]]]}, "properties": {"id": 186, "Parcela": "I-112", "ANO": 1982, "Ha": 23.36, "PLANTAS": 3072, "VARIEDADE": "PB-121", "Rot_labels": -15}}, {"type": "Feature", "geometry": {"type": "Polygon", "coordinates": [[[-48.64637079370989, -2.1427420143083333], [-48.64617258394765, -2.142621954663348], [-48.643680625872896, -2.1416964781298993], [-48.64250980543399, -2.141262717067574], [-48.641743221546434, -2.1410225394842146], [-48.6404661035682, -2.1406129820963207], [-48.63885874103535, -2.140140208288193], [-48.63802826049719, -2.139880436275871], [-48.637397359845544, -2.142009600887154], [-48.64073041314784, -2.1430337912128583], [-48.64180817596775, -2.143380337094603], [-48.64228163637449, -2.143537832418849], [-48.64343631554632, -2.14396403580505], [-48.6445430792658, -2.144375813037213], [-48.645339802145465, -2.144674614807599], [-48.64562464429021, -2.1447548911583265], [-48.64637079370989, -2.1427420143083333]]]}, "properties": {"id": 187, "Parcela": "I-113", "ANO": 1982, "Ha": 23.88, "PLANTAS": 3148, "VARIEDADE": "PB-121", "Rot_labels": -15}}, {"type": "Feature", "geometry": {"type": "Polygon", "coordinates": [[[-48.6589926513075, -2.135040527590985], [-48.65872233447405, -2.134894956700763], [-48.6584221692004, -2.134810524278665], [-48.655483741585286, -2.133672269521004], [-48.65281354683455, -2.132694034969861], [-48.65247200125299, -2.1325498162379977], [-48.652197763085695, -2.132543124867222], [-48.65204804984943, -2.132624411822493], [-48.65156136051583, -2.132968543089299], [-48.651206009150485, -2.1330181615406545], [-48.65095034614615, -2.133093015049199], [-48.65042033102319, -2.1332364226314104], [-48.6502268732705, -2.1333928881299986], [-48.650015050042995, -2.1333298575417503], [-48.6499589539942, -2.133329771337711], [-48.6497093933114, -2.1340210731425695], [-48.65252138118731, -2.1350632596969907], [-48.655455949246395, -2.1361528092666267], [-48.658192204607225, -2.137194877609345], [-48.6589926513075, -2.135040527590985]]]}, "properties": {"id": 211, "Parcela": "J-104", "ANO": 1989, "Ha": 23.75, "PLANTAS": 3716, "VARIEDADE": "PB-121", "Rot_labels": -15}}, {"type": "Feature", "geometry": {"type": "Polygon", "coordinates": [[[-48.62745784314296, -2.1412142762444373], [-48.626726138301024, -2.143208995205598], [-48.631713887735835, -2.144951353280035], [-48.632919896138894, -2.145323373604976], [-48.634556766666186, -2.145819445127605], [-48.63581863328388, -2.146227840175188], [-48.63594853423831, -2.1461990113660536], [-48.63656491021295, -2.1441387776370924], [-48.63456916044694, -2.1435673340769634], [-48.632696897884756, -2.1429919534397275], [-48.62755426936801, -2.1411572540211656], [-48.62748678917701, -2.1411562599479264], [-48.62745784314296, -2.1412142762444373]]]}, "properties": {"id": 189, "Parcela": "I-121", "ANO": 1982, "Ha": 25.87, "PLANTAS": 3446, "VARIEDADE": "PB-121", "Rot_labels": -15}}, {"type": "Feature", "geometry": {"type": "Polygon", "coordinates": [[[-48.6343809843126, -2.1487077392864173], [-48.634323382098444, -2.1486350724536796], [-48.63063899482281, -2.1472757680577295], [-48.62796759210407, -2.146262664678461], [-48.62588183989751, -2.1455007344586545], [-48.62507623820812, -2.147658995386863], [-48.62515549900627, -2.1477208094211253], [-48.62986009162262, -2.149462744724761], [-48.633591293550495, -2.1508729330240923], [-48.6343809843126, -2.1487077392864173]]]}, "properties": {"id": 164, "Parcela": "H-123", "ANO": 1982, "Ha": 26.12, "PLANTAS": 3695, "VARIEDADE": "PB-121", "Rot_labels": -15}}, {"type": "Feature", "geometry": {"type": "Polygon", "coordinates": [[[-48.636343147165064, -2.1168531468019807], [-48.62801560544458, -2.1137304361290337], [-48.62788939817703, -2.1137048402699476], [-48.62782799610198, -2.1137591784561103], [-48.62707820386446, -2.1158228333496614], [-48.62712501795376, -2.115873709108598], [-48.63543814195392, -2.118989155593079], [-48.63554631508641, -2.1190147237540513], [-48.636343147165064, -2.1168531468019807]]]}, "properties": {"id": 247, "Parcela": "K-134", "ANO": 1986, "Ha": 25.82, "PLANTAS": 4001, "VARIEDADE": "PB-121", "Rot_labels": -15}}, {"type": "Feature", "geometry": {"type": "Polygon", "coordinates": [[[-48.63551833328941, -2.1190867999529774], [-48.6354272602049, -2.1190290563133676], [-48.62995514713435, -2.117006969794177], [-48.627081667407005, -2.115917188414331], [-48.6270238777123, -2.1159679031613132], [-48.62622717807357, -2.1180387405740735], [-48.62627396998643, -2.118104131702211], [-48.6296230058704, -2.1193576119446127], [-48.630654057110426, -2.1197293417192884], [-48.633242428718276, -2.120713114859106], [-48.63461953002993, -2.121237788411339], [-48.63472773077431, -2.121245212553684], [-48.63551833328941, -2.1190867999529774]]]}, "properties": {"id": 246, "Parcela": "K-133", "ANO": 1986, "Ha": 25.94, "PLANTAS": 3973, "VARIEDADE": "PB-121", "Rot_labels": -15}}, {"type": "Feature", "geometry": {"type": "Polygon", "coordinates": [[[-48.64487543939376, -2.1200359300814817], [-48.640793978231194, -2.1185421358828056], [-48.637986182525914, -2.117477906715615], [-48.63645764835875, -2.116909460028338], [-48.635616369008794, -2.1190366984151465], [-48.63970308197184, -2.120576531746227], [-48.64229052801793, -2.121512552568494], [-48.64415796360042, -2.122197644506726], [-48.64490403262377, -2.1202101602092047], [-48.64487543939376, -2.1200359300814817]]]}, "properties": {"id": 243, "Parcela": "K-124", "ANO": 1982, "Ha": 25.53, "PLANTAS": 3822, "VARIEDADE": "PB-121", "Rot_labels": -15}}, {"type": "Feature", "geometry": {"type": "Polygon", "coordinates": [[[-48.658101764954864, -2.13722973949495], [-48.653069585350856, -2.135332534040865], [-48.649673254737436, -2.1340683218302146], [-48.64886911817427, -2.1362734517695383], [-48.650646608881935, -2.136909381315722], [-48.65733740136342, -2.1393732548923343], [-48.658101764954864, -2.13722973949495]]]}, "properties": {"id": 210, "Parcela": "J-103", "ANO": 1989, "Ha": 25.59, "PLANTAS": 4002, "VARIEDADE": "PB-121", "Rot_labels": -15}}, {"type": "Feature", "geometry": {"type": "Polygon", "coordinates": [[[-48.65733826359519, -2.139488271873205], [-48.65724130403196, -2.1394167609059713], [-48.65180111381299, -2.1373914855938096], [-48.648842205076285, -2.136307117315897], [-48.648802556743824, -2.1363211966834417], [-48.6486431804302, -2.1367564182927032], [-48.64836777907521, -2.137583381263504], [-48.64804539580836, -2.1384683336615256], [-48.65118897601759, -2.1396852287931405], [-48.65234292073578, -2.1400703174187803], [-48.654905856882415, -2.1410663061282555], [-48.65652460037187, -2.14164216466737], [-48.65733826359519, -2.139488271873205]]]}, "properties": {"id": 209, "Parcela": "J-102", "ANO": 1990, "Ha": 26.12, "PLANTAS": 3984, "VARIEDADE": "PB-121", "Rot_labels": -15}}, {"type": "Feature", "geometry": {"type": "Polygon", "coordinates": [[[-48.653493451686316, -2.123313282172753], [-48.65343219099629, -2.1232732706590234], [-48.64519463507282, -2.1201724881193016], [-48.64496354022911, -2.1203318052934073], [-48.6442824648343, -2.1222758429552817], [-48.652750765789825, -2.1254495716890185], [-48.65348243868793, -2.123440277030803], [-48.653493451686316, -2.123313282172753]]]}, "properties": {"id": 239, "Parcela": "K-114", "ANO": 1982, "Ha": 25.41, "PLANTAS": 3721, "VARIEDADE": "PB-121", "Rot_labels": -15}}, {"type": "Feature", "geometry": {"type": "Polygon", "coordinates": [[[-48.652243670750664, -2.1226659778171717], [-48.651989870937236, -2.1223715477797866], [-48.65197014945312, -2.1222554940890133], [-48.65190470928907, -2.1221548932426018], [-48.651873438742896, -2.1219483206774723], [-48.65189866448762, -2.1218199167407827], [-48.651771096210055, -2.121749582836094], [-48.65168972616572, -2.1216381525876864], [-48.65167548939838, -2.1215111193198424], [-48.6516648049727, -2.121420380485856], [-48.65159995922706, -2.121365847949536], [-48.65150990208853, -2.1212858746123264], [-48.651448532046395, -2.1213184409924244], [-48.651376929963234, -2.1213438745852673], [-48.65133677754893, -2.121274723520229], [-48.65130606180394, -2.121216674216566], [-48.651322008709336, -2.121113436211028], [-48.651322140542526, -2.1210260605694184], [-48.65134597099361, -2.120930777856686], [-48.651314496662984, -2.1208592404700326], [-48.65129784952322, -2.1207775048037245], [-48.65125949147879, -2.120684404800541], [-48.65129121744868, -2.1205891341414986], [-48.651299244795005, -2.120501770555398], [-48.65121253759614, -2.120406319082651], [-48.64749863858262, -2.119004429742055], [-48.64478399561581, -2.118013222990556], [-48.641867529460725, -2.1169128402088977], [-48.64001092805323, -2.1162241415250813], [-48.63775829682208, -2.115373572617563], [-48.636124855685125, -2.1147673885739517], [-48.63520949757695, -2.1144284009984307], [-48.633899592343695, -2.1139418599403434], [-48.63322490192028, -2.113698559069684], [-48.63294871919571, -2.1135948745099946], [-48.632879602814626, -2.1136156192864797], [-48.6328360517063, -2.113698955599439], [-48.632800371918464, -2.113798190285264], [-48.632788360276635, -2.113909376000531], [-48.632738876524144, -2.113988505294322], [-48.63273671508115, -2.114123761895684], [-48.63264469749135, -2.1142496380988542], [-48.632491210879195, -2.114615860600751], [-48.632391500551925, -2.11471374245714], [-48.63230838457724, -2.114815222694661], [-48.63222154046521, -2.114996531892809], [-48.63218852643406, -2.1150671626652633], [-48.632167154161735, -2.1151815197453505], [-48.63635257475855, -2.1167447212237036], [-48.636453896672215, -2.116530773815528], [-48.63650460433967, -2.1163929548483273], [-48.63658055586101, -2.116258803434834], [-48.637041978428954, -2.116444582817236], [-48.63890939038082, -2.117136929337966], [-48.639356402376464, -2.117311799939459], [-48.64025043802144, -2.117654283365908], [-48.64172130927113, -2.11819360926899], [-48.64313450260841, -2.1187110733453522], [-48.64489379142562, -2.119352448745392], [-48.64676118661517, -2.1200665668388314], [-48.64737404093903, -2.1202997529086702], [-48.64787153449677, -2.1204892158723276], [-48.648643035973954, -2.1207661910983053], [-48.64939288455474, -2.121050390939777], [-48.650335366390195, -2.1213640568841625], [-48.65012016510635, -2.1219478397673304], [-48.65110433990765, -2.1223231203862], [-48.65202725519449, -2.122658389393911], [-48.65211736169416, -2.1227057027772345], [-48.65216063056495, -2.1227166555864008], [-48.65221474815163, -2.1227094804584197], [-48.652243670750664, -2.1226659778171717]], [[-48.656440607594725, -2.12415374206094], [-48.656635099727495, -2.123616248763839], [-48.65661196368122, -2.123546066940031], [-48.65695428146625, -2.122591816621452], [-48.65687304096808, -2.1225215462223517], [-48.65461982590234, -2.1216997344679718], [-48.6519950085124, -2.1207058861069283], [-48.65173950321148, -2.1206041736691064], [-48.65167751374129, -2.120611873073385], [-48.65163478062784, -2.120693645168462], [-48.65164239264553, -2.1207832881499438], [-48.65166935506165, -2.120884651722422], [-48.651704011782435, -2.1210211001884947], [-48.651742642047516, -2.121091305456272], [-48.651754051228586, -2.12123161545159], [-48.65185455929268, -2.121368164485945], [-48.65193572283601, -2.12148909592825], [-48.65202853073617, -2.1215944570944956], [-48.652121368045016, -2.121680333228981], [-48.6522026256874, -2.121738912566396], [-48.65224899143506, -2.121816923713101], [-48.6522177849866, -2.12196106569809], [-48.65218669024674, -2.1220311645203473], [-48.65224074440561, -2.1221481575912544], [-48.65229873686509, -2.1222222894921035], [-48.652360561777066, -2.1223237063736575], [-48.652418542483, -2.1224056323011706], [-48.65246490823162, -2.1224836434750927], [-48.6524996884253, -2.122538254848922], [-48.65249954727902, -2.122631783065641], [-48.65256918412354, -2.122690344703787], [-48.652685280832046, -2.1227645653826923], [-48.65271620506241, -2.122807479821447], [-48.652859252432215, -2.1229908582033348], [-48.65614225003185, -2.1242117421686904], [-48.656440607594725, -2.12415374206094]]]}, "properties": {"id": 252, "Parcela": "L-101", "ANO": 2005, "Ha": 45.94, "PLANTAS": 7156, "VARIEDADE": "PB-121", "Rot_labels": -15}}, {"type": "Feature", "geometry": {"type": "Polygon", "coordinates": [[[-48.61436586713456, -2.1496112527958284], [-48.61435876572389, -2.1495386656121216], [-48.61426503259323, -2.149505859049343], [-48.6126390621438, -2.148977126525091], [-48.611496260215205, -2.1485652750672553], [-48.6113411847693, -2.14854688712513], [-48.610630909571704, -2.1506613546791504], [-48.61360160481578, -2.1516494361062253], [-48.61369537747308, -2.151656841308397], [-48.61436586713456, -2.1496112527958284]], [[-48.61364113589579, -2.1517438471050765], [-48.61358351300274, -2.1516856956163304], [-48.61061280081988, -2.150708500434794], [-48.610188830346296, -2.1519561361715587], [-48.61023294790833, -2.1520545716504986], [-48.610153169431335, -2.1523576241156053], [-48.61003103621952, -2.152697842152081], [-48.6099991811273, -2.1527828945651195], [-48.6104853271367, -2.1529538666570374], [-48.61176189979944, -2.153422751558248], [-48.61282994289597, -2.1538037265441776], [-48.6129813949592, -2.153832995628912], [-48.61364113589579, -2.1517438471050765]]]}, "properties": {"id": 77, "Parcela": "COPAR1-AAM(1)", "ANO": 1982, "Ha": 17.52, "PLANTAS": 3583, "VARIEDADE": "AAM", "Rot_labels": -15}}, {"type": "Feature", "geometry": {"type": "Polygon", "coordinates": [[[-48.60883234795533, -2.165275175798324], [-48.60876512908209, -2.165152734165783], [-48.60865424146682, -2.16506213669409], [-48.608185268731766, -2.164896506125428], [-48.60790777044698, -2.164848195444859], [-48.60767519598213, -2.1648105938683213], [-48.607606375937586, -2.164866333118092], [-48.60754547403711, -2.1649300632900967], [-48.60741540153646, -2.1652729261398074], [-48.60718702891389, -2.1659267886605797], [-48.607144506559386, -2.166070331512131], [-48.606990512151846, -2.1664955990994335], [-48.606762222215025, -2.167096272244956], [-48.60674082306944, -2.167255805295846], [-48.606767150008885, -2.167324992890082], [-48.606819962667025, -2.167362309185082], [-48.60694149948234, -2.1674050536588547], [-48.60703661744211, -2.167437118317596], [-48.607184556450065, -2.167501180381553], [-48.60745935290935, -2.167586719748996], [-48.60757559433593, -2.16763477469813], [-48.60771301767806, -2.167661587694898], [-48.60795751359303, -2.1676832519793394], [-48.608848175937744, -2.1652964765637104], [-48.60883234795533, -2.165275175798324]]]}, "properties": {"id": 80, "Parcela": "COPAR-4", "ANO": 1985, "Ha": 4.48, "PLANTAS": 881, "VARIEDADE": "AVeBr", "Rot_labels": -15}}, {"type": "Feature", "geometry": {"type": "Polygon", "coordinates": [[[-48.592517276690856, -2.1559919836670933], [-48.59247334599433, -2.1559629570040677], [-48.592379654536174, -2.1559047480413573], [-48.58987453870205, -2.154974292396235], [-48.588115013144225, -2.1543066360387932], [-48.586182834376785, -2.153579747722666], [-48.584365990660096, -2.1528873942970637], [-48.584297440514604, -2.152898171167172], [-48.58421440520586, -2.1529452121424915], [-48.58416002007184, -2.153122932723501], [-48.584135494200765, -2.153295035905568], [-48.58406641983076, -2.1535129971420277], [-48.58393171539527, -2.1537975105127667], [-48.583862936416295, -2.153953435728918], [-48.583471926856056, -2.1548745063325283], [-48.58341606485927, -2.1550531641039132], [-48.58823012060108, -2.156823465878026], [-48.589809058853014, -2.157421095524954], [-48.5911788950015, -2.1579530743954467], [-48.59173197325434, -2.15813924196951], [-48.592517276690856, -2.1559919836670933]]]}, "properties": {"id": 119, "Parcela": "F-162", "ANO": 1984, "Ha": 25.31, "PLANTAS": 3735, "VARIEDADE": "PB-121", "Rot_labels": -15}}, {"type": "Feature", "geometry": {"type": "Polygon", "coordinates": [[[-48.656498558506435, -2.141719376029218], [-48.6564602748629, -2.141675457158474], [-48.65266181654262, -2.1402761761534146], [-48.650236512338005, -2.1393635173245285], [-48.64801213124209, -2.1385509764508863], [-48.647218877100144, -2.140708941515502], [-48.65078427541422, -2.1420698348488973], [-48.653466511022266, -2.1430501449829915], [-48.655694477895324, -2.1438809690343312], [-48.656498558506435, -2.141719376029218]]]}, "properties": {"id": 208, "Parcela": "J-101", "ANO": 1990, "Ha": 25.92, "PLANTAS": 4003, "VARIEDADE": "PB-121", "Rot_labels": -15}}, {"type": "Feature", "geometry": {"type": "Polygon", "coordinates": [[[-48.6556535872947, -2.1439140303430766], [-48.65402768460075, -2.143301868583945], [-48.65238054455616, -2.142690567488311], [-48.650318963574556, -2.1419403322300306], [-48.6484498438899, -2.1412318964493817], [-48.64717618314353, -2.140742000242768], [-48.646393712110395, -2.142921752255468], [-48.649313831981274, -2.1440185605778317], [-48.65123173578252, -2.1447436728584215], [-48.65228084332098, -2.1451226980594837], [-48.65342367194381, -2.145545414578751], [-48.654858544419795, -2.14605930413435], [-48.6556535872947, -2.1439140303430766]]]}, "properties": {"id": 184, "Parcela": "I-104", "ANO": 1987, "Ha": 25.67, "PLANTAS": 3998, "VARIEDADE": "PB-121", "Rot_labels": -15}}, {"type": "Feature", "geometry": {"type": "Polygon", "coordinates": [[[-48.654882027154336, -2.146151044681061], [-48.65237234010216, -2.1452322995880895], [-48.649891579873376, -2.1443223179281112], [-48.647507075903356, -2.1434194013871837], [-48.6464419423956, -2.1430234766719467], [-48.64560953373869, -2.14514965556361], [-48.64901992769535, -2.1464431881302497], [-48.652084234966445, -2.1476128018394838], [-48.65407793056855, -2.1483162607347093], [-48.654882027154336, -2.146151044681061]]]}, "properties": {"id": 183, "Parcela": "I-103", "ANO": 1987, "Ha": 25.59, "PLANTAS": 3827, "VARIEDADE": "PB-111", "Rot_labels": -15}}, {"type": "Feature", "geometry": {"type": "Polygon", "coordinates": [[[-48.654014129902336, -2.148489625737649], [-48.65396648516175, -2.14841126927127], [-48.65390470352865, -2.1483454604583665], [-48.65085618502546, -2.147218258475695], [-48.64862463504329, -2.146376532686333], [-48.64555667696268, -2.14524320077009], [-48.644752541143795, -2.1474301710317003], [-48.64854514956593, -2.14881865347538], [-48.65185462915546, -2.1500648592694156], [-48.65324982873175, -2.1505750641712473], [-48.654014129902336, -2.148489625737649]]]}, "properties": {"id": 182, "Parcela": "I-102", "ANO": 1986, "Ha": 25.85, "PLANTAS": 3800, "VARIEDADE": "PB-111", "Rot_labels": -15}}, {"type": "Feature", "geometry": {"type": "Polygon", "coordinates": [[[-48.65321435654208, -2.1506432193218306], [-48.6499152921381, -2.1494285189261606], [-48.647757534854584, -2.148622785248515], [-48.64621823822627, -2.148053192865656], [-48.644727893456235, -2.1474965278881926], [-48.64390574986862, -2.149661693757826], [-48.64871137670105, -2.1514400457904737], [-48.651595438160555, -2.1525386280486694], [-48.65222271484584, -2.1527827361991783], [-48.65245001710857, -2.1527504282164864], [-48.65321435654208, -2.1506432193218306]]]}, "properties": {"id": 181, "Parcela": "I-101", "ANO": 1986, "Ha": 25.84, "PLANTAS": 3772, "VARIEDADE": "PB-111", "Rot_labels": -15}}, {"type": "Feature", "geometry": {"type": "Polygon", "coordinates": [[[-48.65240218702557, -2.1529016917623323], [-48.6520886013245, -2.15274516322037], [-48.65032925548948, -2.152118266440445], [-48.64856276543194, -2.1514478114229716], [-48.64708107208768, -2.150890293338654], [-48.645797641230025, -2.1504201758573123], [-48.64426256071544, -2.149859222346899], [-48.64390493765034, -2.149731379542033], [-48.64310443725673, -2.1518929471283905], [-48.646233667678, -2.153059051769239], [-48.6491537860686, -2.154164046634835], [-48.65160168161887, -2.1550669040589985], [-48.65240218702557, -2.1529016917623323]]]}, "properties": {"id": 157, "Parcela": "H-104", "ANO": 1986, "Ha": 25.96, "PLANTAS": 4013, "VARIEDADE": "PB-121", "Rot_labels": -15}}, {"type": "Feature", "geometry": {"type": "Polygon", "coordinates": [[[-48.64307976889448, -2.151972912283543], [-48.64273219969603, -2.1528070132950936], [-48.642539994057934, -2.153474427335861], [-48.642286460726226, -2.1541453745643273], [-48.64356987793312, -2.1546227550144845], [-48.64362792170627, -2.154408741545269], [-48.643703839444726, -2.1542999933324514], [-48.643739977991935, -2.154256503022648], [-48.64375634131054, -2.1541712498417946], [-48.64383233431996, -2.1540135118561716], [-48.64389576638128, -2.15381402220553], [-48.64399171859776, -2.1535782943219566], [-48.644094929673784, -2.153313546652768], [-48.644101017127745, -2.153132103976986], [-48.64417105353609, -2.1530705300995856], [-48.64422352456675, -2.1529617452908765], [-48.64432495696315, -2.1526806647897696], [-48.644343095856826, -2.1526135587059265], [-48.64436126818318, -2.152524679392181], [-48.64437221782831, -2.1524412321705664], [-48.64307976889448, -2.151972912283543]], [[-48.64378645264476, -2.1545287412108234], [-48.64377905977706, -2.1546448538146374], [-48.64387993195964, -2.154728474992242], [-48.643970060784596, -2.1547612751530023], [-48.645181376104794, -2.155213140980032], [-48.646509850816635, -2.1557141787721883], [-48.64870898415725, -2.156526839821406], [-48.650700801581024, -2.1572793013852505], [-48.650790975645954, -2.157283070361866], [-48.6514575032057, -2.1554551408403384], [-48.651497360247234, -2.155339077932639], [-48.651461483130596, -2.1552120108230364], [-48.651415885031916, -2.155071804083803], [-48.650687454637925, -2.1548078209902255], [-48.6488083031956, -2.154097451340053], [-48.64705261924085, -2.1534378962002743], [-48.64528970767571, -2.1527892160993347], [-48.64459393265295, -2.1525232265503345], [-48.64449278733852, -2.152617420246545], [-48.6443986333918, -2.152856779991374], [-48.6443189693345, -2.1530562445462675], [-48.644214043969804, -2.15326292755503], [-48.64424361740771, -2.1533694173947246], [-48.64422974901337, -2.1534454844532265], [-48.64415392449978, -2.1535698751935857], [-48.64406417839456, -2.153804918611435], [-48.64399169070218, -2.1539950273888557], [-48.64378645264476, -2.1545287412108234]]]}, "properties": {"id": 156, "Parcela": "H-103", "ANO": 1986, "Ha": 25.37, "PLANTAS": 3922, "VARIEDADE": "PB-121", "Rot_labels": -15}}, {"type": "Feature", "geometry": {"type": "Polygon", "coordinates": [[[-48.633726003436095, -2.1509399504666655], [-48.63374042634722, -2.1509436018212496], [-48.63388642547043, -2.1510018912418802], [-48.634183809310414, -2.1511348083201907], [-48.63550507034005, -2.1516249501987366], [-48.63671817509754, -2.152078634638185], [-48.637619445466875, -2.15241389482431], [-48.638949737778695, -2.15289860690581], [-48.640020434624326, -2.1533067081292883], [-48.64218709620395, -2.1541138773402033], [-48.64225217014367, -2.154019627911649], [-48.643016448211256, -2.151959615592824], [-48.64085342452437, -2.151132497305737], [-48.63930460429946, -2.1505828608431026], [-48.63811714478781, -2.1501266718216687], [-48.636765212198426, -2.1496419282511754], [-48.63453735355364, -2.1487639033795234], [-48.63371160849554, -2.1509181548940335], [-48.633726003436095, -2.1509399504666655]]]}, "properties": {"id": 160, "Parcela": "H-113", "ANO": 1983, "Ha": 25.82, "PLANTAS": 3737, "VARIEDADE": "PB-121", "Rot_labels": -15}}, {"type": "Feature", "geometry": {"type": "Polygon", "coordinates": [[[-48.66204503245195, -2.1266450052393844], [-48.66223693766894, -2.12616265032802], [-48.66216136248744, -2.1260464095065608], [-48.65668157677848, -2.1240094886770615], [-48.65659858559936, -2.1240275066254677], [-48.65647725589774, -2.1242818846038025], [-48.65642040641156, -2.1243648043765786], [-48.656295094877144, -2.1243536456583643], [-48.65607517532067, -2.1242771028710465], [-48.653894100333325, -2.1234572686675985], [-48.6536345250043, -2.1233661496261025], [-48.653525895409224, -2.123641780510099], [-48.6536522404433, -2.123691338715702], [-48.6536830556487, -2.123774392143682], [-48.6537087610838, -2.1238263103835213], [-48.653827178340805, -2.123951000809807], [-48.65393023498523, -2.124003037205912], [-48.65405380119541, -2.124132923413355], [-48.654321380592926, -2.1245120487974676], [-48.65473838062283, -2.124974408955064], [-48.65508839785624, -2.1254003516262077], [-48.65525070374114, -2.125633056463901], [-48.6554228040033, -2.125919652850687], [-48.655527855197526, -2.126029031060094], [-48.65617317468072, -2.1262658961367915], [-48.65696630478508, -2.126557420617285], [-48.658379523120296, -2.1270748846347933], [-48.66008831024225, -2.1277379563303835], [-48.66034066784769, -2.1278326934165785], [-48.66042726659993, -2.127814680948677], [-48.66054631868979, -2.127803975838559], [-48.66065429776487, -2.12767077900873], [-48.66074726846187, -2.127572350298811], [-48.660871086024535, -2.1275362237132103], [-48.660965135548075, -2.1275469612063214], [-48.661059014224264, -2.1274854126876925], [-48.661145678611554, -2.1274238531519885], [-48.66121431821806, -2.1273550082647437], [-48.661250504471546, -2.1272788560265243], [-48.66125836867665, -2.1271892234236343], [-48.661344579951695, -2.1270866664513504], [-48.66140596150819, -2.127046841865321], [-48.661463828852945, -2.1269453201810093], [-48.66150640235564, -2.1268523864140625], [-48.66156503108565, -2.126811204217491], [-48.661671599191294, -2.126733315927861], [-48.66182634962501, -2.126702424244949], [-48.661904255513655, -2.1267101113658766], [-48.661998090412204, -2.126677594040329], [-48.66201613705641, -2.1266703636907622], [-48.66204503245195, -2.1266450052393844]], [[-48.65341000220332, -2.1239500603884234], [-48.65302604800679, -2.1250091136424403], [-48.65303675972828, -2.125081708091816], [-48.653206206496385, -2.1251400295960745], [-48.65378662359201, -2.1253586511171796], [-48.654507636582935, -2.125631921074699], [-48.65529354550626, -2.125927063587834], [-48.65530805617502, -2.1258726521151075], [-48.65520009446142, -2.1257055573317585], [-48.65509220944765, -2.1254876579570685], [-48.65469247628777, -2.125051578258471], [-48.65417402611713, -2.1244048407557243], [-48.6539399961997, -2.1241177996635114], [-48.65367703275634, -2.123881519112136], [-48.65357981895624, -2.1238416771178716], [-48.65344982835192, -2.1238521408011857], [-48.65341000220332, -2.1239500603884234]]]}, "properties": {"id": 235, "Parcela": "K-104", "ANO": 1988, "Ha": 22.24, "PLANTAS": 3487, "VARIEDADE": "PB-121", "Rot_labels": -15}}, {"type": "Feature", "geometry": {"type": "Polygon", "coordinates": [[[-48.660211280731076, -2.1279979332638135], [-48.660107669118055, -2.1278080016458265], [-48.658893903703905, -2.1273796915214334], [-48.657739451618056, -2.1269369560913605], [-48.65643035287363, -2.1264576689337207], [-48.65572943251243, -2.1261920148977436], [-48.655640173301485, -2.1261764947259874], [-48.65592442953853, -2.126645058549232], [-48.65625930071806, -2.1270374927068554], [-48.656331328239276, -2.127113809926799], [-48.65648093378745, -2.127111422576904], [-48.65656336373723, -2.1271634276105265], [-48.65663022157065, -2.1272828516592575], [-48.65666617012741, -2.1273814768500365], [-48.65670208735048, -2.1275008536312496], [-48.65670715795428, -2.1275579283740327], [-48.656601073966186, -2.1276367855562373], [-48.656634469636415, -2.1278846555109863], [-48.65665454522941, -2.128057821178647], [-48.6567268997534, -2.1281441922161206], [-48.65671123354767, -2.1282738659817744], [-48.65669039488264, -2.1284139076533073], [-48.65670058304046, -2.1284969297648537], [-48.65674688427697, -2.128569631274191], [-48.65683447888513, -2.1286164563759478], [-48.656942708433846, -2.128658125116857], [-48.65708708243285, -2.1286687216542295], [-48.65729339259609, -2.1286430974837804], [-48.65744360875878, -2.1286541691908556], [-48.65771624037274, -2.1286489317017674], [-48.65785547334632, -2.128649144488752], [-48.65801343769547, -2.1287203605686877], [-48.65811798441282, -2.1287604384154695], [-48.658179311234534, -2.128756903213493], [-48.65828851737158, -2.1287328128503598], [-48.658371135484195, -2.1286603082840982], [-48.658489819719506, -2.1286086104666575], [-48.65859820605734, -2.128546521068192], [-48.65869914451661, -2.1284891575334983], [-48.65877373231536, -2.128417091300786], [-48.65890273010392, -2.1283654091687305], [-48.65905232370211, -2.1283345101394295], [-48.65922254443348, -2.128303642588572], [-48.659323458880266, -2.1283050361764713], [-48.659434097698075, -2.1282209589373102], [-48.65948951323792, -2.1282218245703786], [-48.659543686031924, -2.128178360238408], [-48.65963537653143, -2.128112319948592], [-48.659796322699954, -2.128088022914283], [-48.660211280731076, -2.1279979332638135]], [[-48.652990484986034, -2.125149093174846], [-48.6527659939345, -2.125711229885826], [-48.65239285354996, -2.126773927400454], [-48.65219014692762, -2.1272417454276593], [-48.652189993229356, -2.127343354429875], [-48.652629820327604, -2.1275036994502607], [-48.65354910413266, -2.1278571102101913], [-48.65455856156726, -2.128214287764937], [-48.65543821277479, -2.1285386064147653], [-48.65609072513397, -2.128789999336385], [-48.656321477448756, -2.128859301580808], [-48.6564404251182, -2.128917546090847], [-48.65657382875766, -2.128957668145703], [-48.65665685864257, -2.128914248165612], [-48.656714748238315, -2.1287982114717128], [-48.65663919579412, -2.128667455080274], [-48.65655643457053, -2.1285330587641607], [-48.6565096569672, -2.1284567800770855], [-48.6565603596561, -2.1283225878303083], [-48.65660378228503, -2.1282319313963085], [-48.65656422441635, -2.1281520348422487], [-48.656525832707366, -2.128112757402778], [-48.65656092421806, -2.1279488106862896], [-48.65656102286916, -2.1278834904085193], [-48.656552149354106, -2.1277600198924542], [-48.65653616204624, -2.127625799610213], [-48.65659410080686, -2.1274771027357797], [-48.656489718675644, -2.127328157799631], [-48.656325972293345, -2.127282386719345], [-48.656269247859186, -2.1272823000289693], [-48.656212476423356, -2.127313340705006], [-48.656160947929926, -2.127287322417918], [-48.65617138680555, -2.127204331867085], [-48.6561199444873, -2.1271212467447547], [-48.656006900349865, -2.1269717865843707], [-48.655808864495036, -2.126735604724484], [-48.65575858936699, -2.1265867425562095], [-48.655362578087704, -2.126074461090735], [-48.655229207634804, -2.1260125658345363], [-48.652990484986034, -2.125149093174846]]]}, "properties": {"id": 234, "Parcela": "K-103", "ANO": 1988, "Ha": 17.4, "PLANTAS": 2737, "VARIEDADE": "PB-121", "Rot_labels": -15}}, {"type": "Feature", "geometry": {"type": "Polygon", "coordinates": [[[-48.652147841320854, -2.12739190703564], [-48.651329222347016, -2.1295203248760113], [-48.65183539526173, -2.12972775798299], [-48.65289948826905, -2.130142703458453], [-48.6531878889703, -2.130225177362328], [-48.6536241135324, -2.130027076175736], [-48.65409945869565, -2.129882670938965], [-48.654373859231995, -2.1298909789098714], [-48.6545824079743, -2.129894453374968], [-48.654690795866784, -2.1297684162976833], [-48.654901096468706, -2.129650422920016], [-48.65500307602209, -2.1296142956626363], [-48.655438190585954, -2.1291133042984383], [-48.655584054666285, -2.129091441956992], [-48.656103043670335, -2.1291206317366522], [-48.65634459840093, -2.129073675060285], [-48.656355021179024, -2.1289443294467922], [-48.65218391639476, -2.127385652131917], [-48.652147841320854, -2.12739190703564]], [[-48.6607882300617, -2.1298839400082974], [-48.66061024439399, -2.129930293722447], [-48.660290213541224, -2.130024457516245], [-48.6602054587321, -2.130076386995411], [-48.66005553026824, -2.1301803925051606], [-48.659934301778634, -2.1303427555753673], [-48.65960914987368, -2.1305238358797265], [-48.65950363452066, -2.130666893421318], [-48.659451666332224, -2.1308135255310803], [-48.6594396054676, -2.131012277586023], [-48.65929362191848, -2.131161467488964], [-48.65922882764363, -2.1312920668139324], [-48.65912460088327, -2.131474029705814], [-48.65883305139601, -2.131690475816089], [-48.65852946840005, -2.1317880366156596], [-48.658264643703156, -2.1318410565751393], [-48.658137364197735, -2.131911946598082], [-48.658122927880726, -2.1320172993234894], [-48.6597993245531, -2.13263315145973], [-48.6607882300617, -2.1298839400082974]]]}, "properties": {"id": 233, "Parcela": "K-102", "ANO": 1988, "Ha": 12.68, "PLANTAS": 2010, "VARIEDADE": "PB-121", "Rot_labels": -15}}, {"type": "Feature", "geometry": {"type": "Polygon", "coordinates": [[[-48.65894709708915, -2.134899936226558], [-48.65974211643585, -2.1327528330112338], [-48.65929518638221, -2.1325162694748476], [-48.65766557921859, -2.1319694381590537], [-48.657513517483004, -2.131947321902337], [-48.657389629071226, -2.1320301388279916], [-48.65724500364035, -2.1321855547180664], [-48.65713142877679, -2.132268387376456], [-48.656708792187594, -2.1321224787706017], [-48.65636861720216, -2.1320078238641456], [-48.65619327091597, -2.132017931125922], [-48.65601302695532, -2.131856829990545], [-48.6558479314803, -2.1317344047127555], [-48.65576507164277, -2.13166532850751], [-48.65553375268955, -2.1316537676204512], [-48.655325066783384, -2.131621107610469], [-48.655047267838334, -2.131653342202538], [-48.65476948541856, -2.131674690033855], [-48.65457457374069, -2.1317578562218213], [-48.65443376908811, -2.131841105288564], [-48.654401194965175, -2.1319136334956488], [-48.654357520731395, -2.1319736151874293], [-48.654182190404306, -2.1319733464354638], [-48.653872626827095, -2.132076629822525], [-48.65369718651658, -2.1321489913856744], [-48.653562968946126, -2.1322421677092502], [-48.65336687009878, -2.1323352490979706], [-48.65300578601456, -2.132407325782996], [-48.65275819811452, -2.132448449115012], [-48.65274452541009, -2.1325679247226232], [-48.658783075963925, -2.1348307355196154], [-48.65894709708915, -2.134899936226558]]]}, "properties": {"id": 232, "Parcela": "K-101", "ANO": 1990, "Ha": 14.17, "PLANTAS": 2260, "VARIEDADE": "PB-121", "Rot_labels": -15}}, {"type": "Feature", "geometry": {"type": "Polygon", "coordinates": [[[-48.65071496774904, -2.157439748930385], [-48.650729552460014, -2.157338162489056], [-48.643796893918115, -2.1547653887794564], [-48.643695898983346, -2.154761602728623], [-48.643636311071994, -2.154806870967103], [-48.643563032042586, -2.154906346355848], [-48.64352170681554, -2.155005690551443], [-48.64343923471724, -2.155088402602237], [-48.64340628410158, -2.1550966353507603], [-48.64330573957444, -2.155142027579889], [-48.64325512767611, -2.1552145263254707], [-48.64316703849506, -2.15538620433081], [-48.64306800819566, -2.155526878816305], [-48.64310079311312, -2.155626338356623], [-48.64314181249871, -2.155725810724663], [-48.643149464727976, -2.1559002195078456], [-48.64312066885791, -2.155860257016794], [-48.64307527380321, -2.156156477199269], [-48.64301769625087, -2.1561149673101343], [-48.64302675419622, -2.1559435749026683], [-48.64299805885655, -2.1558382927956643], [-48.642935581039936, -2.1559657266857437], [-48.64286066835856, -2.156044924728687], [-48.64280275268119, -2.1561754740362287], [-48.6428074685843, -2.1562761785797555], [-48.6427661304436, -2.156383806676592], [-48.64271660883371, -2.1564582858618158], [-48.64269589511369, -2.1565410939672156], [-48.64267518138683, -2.156623902069754], [-48.64264312686466, -2.156766732025584], [-48.64264305980988, -2.156810278424713], [-48.64270073530706, -2.156835770436064], [-48.64497556189085, -2.1576812143617294], [-48.64994340391043, -2.159543308766815], [-48.65071496774904, -2.157439748930385]], [[-48.64353031074582, -2.154765466691744], [-48.64348931675892, -2.154649426287346], [-48.642481048219985, -2.1542643701674598], [-48.642279153516085, -2.1541951072461507], [-48.641601833678735, -2.156001231218078], [-48.64145702196775, -2.1563421195031878], [-48.64155067954751, -2.156425729569232], [-48.64173258345065, -2.1564608943034123], [-48.64189323119223, -2.156509727619117], [-48.64202903700644, -2.1564530723517192], [-48.64222690660209, -2.1562959840677247], [-48.6424782841062, -2.15606065895763], [-48.642622849720404, -2.1558492630016053], [-48.642687923961034, -2.155785191030923], [-48.6427025201551, -2.1556763475020513], [-48.642763332888464, -2.1555264043327402], [-48.64287053392719, -2.1554271628181323], [-48.642986033147835, -2.1552865140025856], [-48.643085582744256, -2.1552197056676303], [-48.643233436733134, -2.155046662019817], [-48.64334923482369, -2.155006012397276], [-48.64349012060178, -2.154871963233826], [-48.64353031074582, -2.154765466691744]]]}, "properties": {"id": 155, "Parcela": "H-102", "ANO": 1986, "Ha": 24.95, "PLANTAS": 3806, "VARIEDADE": "PB-121", "Rot_labels": -15}}, {"type": "Feature", "geometry": {"type": "Polygon", "coordinates": [[[-48.64916093772523, -2.1616958386942007], [-48.649512309295474, -2.16073835819328], [-48.64992167379428, -2.159599522630451], [-48.646917210976405, -2.158481994368401], [-48.644398869671406, -2.157558542323771], [-48.6429998494728, -2.1570096156215377], [-48.6426130460159, -2.1568681841569797], [-48.64239903903422, -2.1568098623561682], [-48.642357726338304, -2.1569009223612285], [-48.64229163366055, -2.1570416479460492], [-48.64218067451336, -2.157243208009859], [-48.642140727377274, -2.1574173316794765], [-48.64219181180046, -2.157695931097521], [-48.64221604293183, -2.1580024781802964], [-48.642276569474404, -2.158215895827321], [-48.64233119796093, -2.1580854981279396], [-48.64238886483865, -2.1580690199904797], [-48.64240510401763, -2.1582181579667528], [-48.642380183551104, -2.1583589477120886], [-48.64233058516106, -2.1584831308861587], [-48.64237980052382, -2.1586074681941567], [-48.64242368587375, -2.1587205388562394], [-48.64249192559418, -2.158912975672476], [-48.64255655254623, -2.1591090357426683], [-48.64259247878231, -2.159203442545017], [-48.64257425272649, -2.1593267958592772], [-48.64908508616448, -2.1617610405973], [-48.64916093772523, -2.1616958386942007]], [[-48.64144441493396, -2.1564355927939034], [-48.64063294406793, -2.1585780327966293], [-48.64237060827776, -2.1592287565465735], [-48.64232961466313, -2.159112716081996], [-48.64215692041651, -2.158963333991678], [-48.64212074260761, -2.1586819630678415], [-48.642020155908284, -2.1584132694881966], [-48.64196278805703, -2.1581881898376967], [-48.641934031416355, -2.158122825259116], [-48.64194154775472, -2.1579268778190612], [-48.64187687605729, -2.1577598487783325], [-48.64184818651504, -2.15765093783714], [-48.64183397035399, -2.1575130184860325], [-48.641879488948305, -2.157314378511813], [-48.64191384231507, -2.157179286693368], [-48.641814034356244, -2.1570409033661875], [-48.64187810612061, -2.1569614985758587], [-48.64192886351502, -2.1567946495312604], [-48.64187866508945, -2.1565986121171576], [-48.6416665796015, -2.1565436315405715], [-48.64144441493396, -2.1564355927939034]]]}, "properties": {"id": 154, "Parcela": "H-101", "ANO": 1986, "Ha": 24.63, "PLANTAS": 3691, "VARIEDADE": "PB-111", "Rot_labels": -15}}, {"type": "Feature", "geometry": {"type": "Polygon", "coordinates": [[[-48.64834009434351, -2.163988725142292], [-48.64913703046267, -2.16181263266839], [-48.646707188216446, -2.1608979953046488], [-48.645081272028385, -2.1602966946573487], [-48.64288935731679, -2.159484035801497], [-48.64279572275225, -2.1595671694690437], [-48.64274614977942, -2.159674784619663], [-48.64272117807509, -2.1598487104587702], [-48.64277848738492, -2.160064184898906], [-48.64286057681218, -2.1602299937959093], [-48.64292624835621, -2.160362640924196], [-48.64305774476401, -2.160528526964911], [-48.64304931862398, -2.160652774416933], [-48.64300776281364, -2.16090123075038], [-48.64294161847034, -2.1610750923196296], [-48.64285901787727, -2.161240644133861], [-48.64284234437398, -2.1613731627217163], [-48.64285858328976, -2.161522300782838], [-48.64285842989237, -2.161621709011607], [-48.642800596627445, -2.161745879269122], [-48.64276749241939, -2.1618535200638616], [-48.642802625213804, -2.161926133872212], [-48.64834009434351, -2.163988725142292]], [[-48.640637966137, -2.158647695814581], [-48.639842813314814, -2.16083647617766], [-48.64232131659564, -2.161763897071747], [-48.64234786537204, -2.161637479619883], [-48.642405852060314, -2.16141390121928], [-48.642463365693914, -2.1614968314159033], [-48.642487877411405, -2.1616211302534767], [-48.642528973192334, -2.161670898666907], [-48.642537412252146, -2.161538367255086], [-48.64250466602625, -2.161414055554248], [-48.642524046420014, -2.161292460014899], [-48.64261432655497, -2.1612272812517945], [-48.64254237906193, -2.1611001582670295], [-48.642614651304925, -2.1610168069938687], [-48.642629399115904, -2.160809984129739], [-48.64264396216258, -2.160722913858882], [-48.642588314680324, -2.160569214376265], [-48.642539048285826, -2.160478013052563], [-48.64250630198843, -2.160353701375121], [-48.64244883943626, -2.160237635156909], [-48.64234194439282, -2.16013805985399], [-48.64234211049518, -2.160030367644259], [-48.6424244681643, -2.1600222121617283], [-48.64246562783623, -2.160030560443717], [-48.642518931339154, -2.1599316238903645], [-48.6425299263297, -2.1598191459231986], [-48.642530099799885, -2.15970665106606], [-48.642497842307066, -2.159572332349427], [-48.6424836094633, -2.1594452995144278], [-48.64234318357189, -2.159334510285156], [-48.64230352518552, -2.1592672036426137], [-48.640637966137, -2.158647695814581]]]}, "properties": {"id": 129, "Parcela": "G-104", "ANO": 1986, "Ha": 24.8, "PLANTAS": 3576, "VARIEDADE": "PB-111", "Rot_labels": -15}}, {"type": "Feature", "geometry": {"type": "Polygon", "coordinates": [[[-48.64827640872755, -2.1640757500917682], [-48.64598721316999, -2.163183100832243], [-48.64355353156675, -2.162293832921451], [-48.64282913615902, -2.1620024126804025], [-48.642705588488234, -2.1621558217599235], [-48.6426230004893, -2.1623130894428657], [-48.64255685588657, -2.1624869508699693], [-48.642490660083716, -2.162693948342873], [-48.642408123158035, -2.1628180798928245], [-48.64233383990823, -2.162929798271125], [-48.64221079061473, -2.162984871523893], [-48.64215287400049, -2.163115420447466], [-48.642110906881165, -2.16331879940268], [-48.64209433548872, -2.1633850457655055], [-48.642044723679135, -2.1635175127338004], [-48.6419703443301, -2.1636913611253563], [-48.64186313922063, -2.1638661442003424], [-48.64185579587709, -2.163949596794668], [-48.64181946610259, -2.164116468125354], [-48.64423488785683, -2.1650202065525423], [-48.64618888094178, -2.1657381501573716], [-48.64748309121379, -2.1662409583173092], [-48.64827640872755, -2.1640757500917682]], [[-48.64232730018383, -2.1618321533495215], [-48.639797242553165, -2.1608727246678257], [-48.63902566288976, -2.1629762604017944], [-48.63902551696222, -2.1630706106801956], [-48.64161397474546, -2.1640399403522856], [-48.641700793792644, -2.163880405767991], [-48.64168205342746, -2.163744756461954], [-48.641816649671775, -2.1636047926373356], [-48.64180608303363, -2.163413589157885], [-48.641855707640836, -2.163272838203867], [-48.6419761391639, -2.163104257527024], [-48.642044927760324, -2.162941065760319], [-48.642193191890534, -2.162701791845746], [-48.642247574121136, -2.1625240620119364], [-48.642334415294805, -2.1623500117577263], [-48.6423634575904, -2.162230304283961], [-48.64244673634515, -2.162027217426661], [-48.64243962842951, -2.161958257703821], [-48.642407247882076, -2.161903773997852], [-48.64232730018383, -2.1618321533495215]]]}, "properties": {"id": 128, "Parcela": "G-103", "ANO": 1986, "Ha": 25.18, "PLANTAS": 3895, "VARIEDADE": "PB-121", "Rot_labels": -15}}, {"type": "Feature", "geometry": {"type": "Polygon", "coordinates": [[[-48.64746068504813, -2.1663083471109155], [-48.645178658914986, -2.165444735631714], [-48.64277403926516, -2.164551900784299], [-48.64186193300609, -2.164220246556258], [-48.6417569403886, -2.164489974302687], [-48.641690827376145, -2.1646431254462777], [-48.641649475508274, -2.1647590371795298], [-48.64158675509406, -2.164887528577271], [-48.64155761706803, -2.165068926589742], [-48.64149972259568, -2.1651849598830593], [-48.64148155199249, -2.1652720243706294], [-48.64148372834176, -2.1654422103022206], [-48.64145877492206, -2.1656037098263106], [-48.64146664419258, -2.16583981700648], [-48.64145808925488, -2.166046904364194], [-48.64140843861254, -2.166204223180709], [-48.64136708656, -2.1663201348337244], [-48.641391623453515, -2.1664278656483242], [-48.64170431724162, -2.1665691839039813], [-48.64200720009951, -2.1667167182540683], [-48.642496178613484, -2.166953781245021], [-48.643931054069505, -2.167464070380221], [-48.64501979805404, -2.1678722088881877], [-48.646306827160146, -2.168353235126735], [-48.64666013090998, -2.168484427654738], [-48.64746068504813, -2.1663083471109155]], [[-48.64152305178, -2.1640945203047965], [-48.63897605694915, -2.1631379562613815], [-48.63819716769408, -2.1652995393800945], [-48.63875953818731, -2.165525410441014], [-48.64018715962541, -2.166057462146708], [-48.64085595725881, -2.1662744276376293], [-48.640975286283975, -2.166085913283192], [-48.64099727691802, -2.16583908201632], [-48.64104453024863, -2.1656287840035273], [-48.64104731204086, -2.165433243017772], [-48.64112995189374, -2.1652428397599386], [-48.64117960241553, -2.1650855209479483], [-48.64129821723334, -2.164863489324213], [-48.64128721475324, -2.1647211921173035], [-48.64137796798068, -2.1646095931187035], [-48.641419351160046, -2.164472878014695], [-48.64149384093329, -2.164323093549704], [-48.64149393559066, -2.1641664855956146], [-48.64152305178, -2.1640945203047965]]]}, "properties": {"id": 127, "Parcela": "G-102", "ANO": 1990, "Ha": 24.65, "PLANTAS": 3821, "VARIEDADE": "PB-121", "Rot_labels": -15}}, {"type": "Feature", "geometry": {"type": "Polygon", "coordinates": [[[-48.64659032056913, -2.1685672799807043], [-48.64231086907852, -2.166936908650447], [-48.64220374333099, -2.166986445098405], [-48.64213770047248, -2.1670940341135054], [-48.64208808818924, -2.167226500952543], [-48.642046761700776, -2.167325844625], [-48.641980552098076, -2.167541125775405], [-48.641980334093525, -2.1676819539988212], [-48.64198011607477, -2.1678227822219527], [-48.641979910867676, -2.1679553264317324], [-48.641996110575505, -2.1681293165144377], [-48.64202888194861, -2.168237060303337], [-48.642061704629256, -2.1683116680422474], [-48.642110970719855, -2.1684028696212034], [-48.6421107911262, -2.168518845814852], [-48.64208592075015, -2.1686264992757147], [-48.64201163032741, -2.168742359301959], [-48.64192913101634, -2.1688416383779905], [-48.641871117139495, -2.1690817843755013], [-48.641949166650356, -2.1692603990175363], [-48.64248825919352, -2.169456036889877], [-48.64585642436541, -2.1706903656412093], [-48.64659032056913, -2.1685672799807043]], [[-48.638183726643156, -2.165371019148002], [-48.63737599162739, -2.167521667501101], [-48.63879279076303, -2.16805370503938], [-48.63995362828385, -2.1684909902448704], [-48.64003323380047, -2.1683314449157263], [-48.64008403242948, -2.1681391945697146], [-48.64015189784364, -2.1679193248691093], [-48.64021448141601, -2.1677583679362593], [-48.64016049736106, -2.16767844818189], [-48.64014631599359, -2.1675187557306494], [-48.640146507124996, -2.1673953744998045], [-48.64020807092114, -2.1672394296601722], [-48.640255262166676, -2.167047173587326], [-48.64021581921629, -2.1668946992758547], [-48.64018716970162, -2.166760386231188], [-48.640198204780305, -2.1666225065149347], [-48.64026324640431, -2.166550031065858], [-48.640332041280125, -2.166383210892423], [-48.64039003143833, -2.1662054871632104], [-48.638183726643156, -2.165371019148002]]]}, "properties": {"id": 126, "Parcela": "G-101", "ANO": 1990, "Ha": 19.78, "PLANTAS": 3152, "VARIEDADE": "PB-121", "Rot_labels": -15}}, {"type": "Feature", "geometry": {"type": "Polygon", "coordinates": [[[-48.63354429461921, -2.150941807868849], [-48.63349750269782, -2.15087641552797], [-48.628691871829886, -2.1491016585727225], [-48.626838966017814, -2.1484020327301905], [-48.625223932917606, -2.147786235359162], [-48.625032835324944, -2.1477351329353866], [-48.62484445323935, -2.148261018520454], [-48.62426844457616, -2.1498640590355196], [-48.62436565659566, -2.149980333719483], [-48.625540926048814, -2.1503994889748737], [-48.626936079104894, -2.1509169666173493], [-48.62819783284959, -2.1513943181358925], [-48.62965426056967, -2.151944550713603], [-48.63054835521088, -2.1522507714145345], [-48.63116838781025, -2.1525057597742467], [-48.63183532468335, -2.152753563719429], [-48.63275821687149, -2.153099746474208], [-48.63354429461921, -2.150941807868849]]]}, "properties": {"id": 163, "Parcela": "H-122", "ANO": 1982, "Ha": 26.03, "PLANTAS": 3713, "VARIEDADE": "PB-121", "Rot_labels": -15}}, {"type": "Feature", "geometry": {"type": "Polygon", "coordinates": [[[-48.63271478566256, -2.1531940286938345], [-48.632592311382716, -2.1530849718433025], [-48.63104929671005, -2.152541862066005], [-48.63083068069905, -2.1531475744573134], [-48.63075951027516, -2.153328868217857], [-48.63069791437601, -2.153506585235959], [-48.63063212093167, -2.1537519934370972], [-48.63053293695194, -2.1539920732621605], [-48.630419021425325, -2.1542464329947597], [-48.6303427391306, -2.1545136653938526], [-48.6302885757001, -2.154627257357143], [-48.630274091074874, -2.1546635231132485], [-48.63027042221283, -2.154703434641121], [-48.63039656498636, -2.154772580106179], [-48.630457863684605, -2.1547871914267693], [-48.630620083368086, -2.154852764516686], [-48.63108154319969, -2.155016784733025], [-48.631420422564815, -2.155140695794759], [-48.63148169888616, -2.155169822449703], [-48.63157183786474, -2.155195365423043], [-48.631708819056286, -2.155253641309025], [-48.63194860912506, -2.1553084492082144], [-48.63271478566256, -2.1531940286938345]], [[-48.629979384042265, -2.154521380620074], [-48.63005380098753, -2.1543226820146857], [-48.63011990664754, -2.154173674152521], [-48.630169505089036, -2.1540494923301226], [-48.63019398573889, -2.153981175316331], [-48.63023742270952, -2.153883264533352], [-48.63027714120465, -2.1536685984398343], [-48.63034315712114, -2.153577578119092], [-48.63039271706771, -2.153478248079743], [-48.63043417065269, -2.1532960657055167], [-48.63046730021233, -2.153171858053552], [-48.630483960996386, -2.1530476246383414], [-48.63050218416366, -2.1529510660239746], [-48.63060796308392, -2.1527330278718475], [-48.6306657189207, -2.152658562486199], [-48.63074808518186, -2.152552277709483], [-48.630787898055715, -2.1524652476917674], [-48.63065459711648, -2.1523598028193356], [-48.62976055841242, -2.1520172937593407], [-48.629140453891765, -2.151809480107192], [-48.628296888231894, -2.1514851940247155], [-48.627446097930815, -2.151168154234837], [-48.626652999705335, -2.1508657199734342], [-48.62572650667569, -2.1505195308752456], [-48.62479278356053, -2.150184216840193], [-48.6242376326548, -2.1499619891225223], [-48.62343710386791, -2.152130772713932], [-48.62361009297797, -2.1522290222258262], [-48.62991894079764, -2.1545649884360722], [-48.629979384042265, -2.154521380620074]]]}, "properties": {"id": 162, "Parcela": "H-121", "ANO": 1982, "Ha": 25.05, "PLANTAS": 3567, "VARIEDADE": "PB-121", "Rot_labels": -15}}, {"type": "Feature", "geometry": {"type": "Polygon", "coordinates": [[[-48.63185542929203, -2.1554272691967196], [-48.631806138159114, -2.1553526363126583], [-48.63016016896039, -2.1547618985244013], [-48.630077338140175, -2.155076559424892], [-48.62996169783881, -2.1553083292869823], [-48.62982952459644, -2.1555814930107484], [-48.62968910405356, -2.1558629277101042], [-48.629614661138405, -2.1560781940366525], [-48.62954856799264, -2.1562189177882827], [-48.62941656121144, -2.1563843901084008], [-48.62932585463323, -2.1564670875374503], [-48.629276307174585, -2.1565581334164614], [-48.6292266827286, -2.156698882908713], [-48.62914647907451, -2.1568407574063384], [-48.631047522246405, -2.1575561575140707], [-48.63185542929203, -2.1554272691967196]], [[-48.629972654746936, -2.154819091460703], [-48.6300089000096, -2.154706654100204], [-48.62338646951345, -2.1522177851149507], [-48.62261484845481, -2.1543503227096577], [-48.622679652491186, -2.154430258558802], [-48.62527168983977, -2.1553850795083886], [-48.62699850901671, -2.156026462882053], [-48.628624360089276, -2.156649543395494], [-48.62883182973243, -2.156441461355626], [-48.62889776898908, -2.156400144939336], [-48.62897203243484, -2.1563008538745043], [-48.62899676125709, -2.1562843247208234], [-48.62906264919391, -2.156276144028685], [-48.62915879928496, -2.1562729818565103], [-48.62932127169117, -2.1561752577839584], [-48.62937206361085, -2.1559866376747387], [-48.62943388927272, -2.1558293920550966], [-48.62948347512396, -2.1557134943177507], [-48.62953298403008, -2.1556473002035483], [-48.62959082988566, -2.1555148474672645], [-48.629648688540605, -2.1553741107778306], [-48.62969823587477, -2.1552830648180596], [-48.62980973900125, -2.15520349359971], [-48.629972654746936, -2.154819091460703]]]}, "properties": {"id": 137, "Parcela": "G-124", "ANO": 1984, "Ha": 24.85, "PLANTAS": 3683, "VARIEDADE": "PB-121", "Rot_labels": -15}}, {"type": "Feature", "geometry": {"type": "Polygon", "coordinates": [[[-48.63098559167889, -2.157582227700714], [-48.6290749249149, -2.1568607224179277], [-48.62899548941223, -2.15691140163923], [-48.62895208021037, -2.1569911680470657], [-48.62893782458098, -2.157120911833163], [-48.628880004152485, -2.157236796542032], [-48.62880566357808, -2.1573857911499283], [-48.62878085770766, -2.157452023883065], [-48.628722908855394, -2.157650747896136], [-48.628656866800256, -2.157758335705973], [-48.62863197102382, -2.1578825559549313], [-48.62867296323729, -2.1579985956086007], [-48.62877979210063, -2.15813959041384], [-48.62884550035026, -2.158247384903836], [-48.628927613195614, -2.158396624912708], [-48.62894387652677, -2.158529193710253], [-48.62894367104651, -2.158661736670314], [-48.6289022807024, -2.158802498959478], [-48.62884443437912, -2.1589349514597433], [-48.628803095378, -2.159042577990949], [-48.62872861421981, -2.1592044092146785], [-48.630253543275806, -2.1597801590726067], [-48.6303005542018, -2.159704027135652], [-48.63059399770085, -2.158887997714968], [-48.6310141509766, -2.1577746012153853], [-48.63103238329834, -2.1576476202224706], [-48.63098559167889, -2.157582227700714]], [[-48.62814460790863, -2.158978504560012], [-48.628169380632045, -2.1588262005831176], [-48.62828592755968, -2.1585650389344773], [-48.62831821640058, -2.1584288045335795], [-48.62843653314584, -2.1581871793060112], [-48.62837921344327, -2.157979990572883], [-48.62828696843431, -2.157893705644689], [-48.62822216389274, -2.157813769549928], [-48.62816098335975, -2.1577229526341526], [-48.62809978595509, -2.157643022208291], [-48.62803132265832, -2.1575833914143416], [-48.62813605972527, -2.157512440982741], [-48.62821193312899, -2.157432725587518], [-48.6282697427701, -2.157371126032985], [-48.62828432312486, -2.157273170291823], [-48.62829172858316, -2.1571498014329022], [-48.62835325778986, -2.1570156309401516], [-48.62840394310741, -2.1568959587794714], [-48.62849072215569, -2.15676182785073], [-48.628429603409124, -2.156631093854272], [-48.62827102482971, -2.1565437531095437], [-48.62707053332843, -2.156102781365369], [-48.62360249766171, -2.154801847427554], [-48.6225786366611, -2.1544409864160667], [-48.62178896358356, -2.1565807503033385], [-48.62183935034618, -2.156653405933991], [-48.62806526230383, -2.158971122327011], [-48.62811572835229, -2.158992974572173], [-48.62814460790863, -2.158978504560012]]]}, "properties": {"id": 136, "Parcela": "G-123", "ANO": 1984, "Ha": 24.39, "PLANTAS": 3516, "VARIEDADE": "PB-121", "Rot_labels": -15}}, {"type": "Feature", "geometry": {"type": "Polygon", "coordinates": [[[-48.621749791520315, -2.1567409903148875], [-48.62095939836343, -2.158854714732026], [-48.62681032074417, -2.161073875139035], [-48.626914967025094, -2.1610486378257465], [-48.627046217237215, -2.160940984755661], [-48.627120455516256, -2.160858262013599], [-48.62719474524586, -2.1607424035619753], [-48.62726901828846, -2.1606935686025595], [-48.62734484695102, -2.160642884087614], [-48.62742087281501, -2.1604651906463284], [-48.627500061232986, -2.1603286860865354], [-48.627566039324876, -2.1602625181771002], [-48.62764025181236, -2.1601963631948364], [-48.627722672979054, -2.160146788992327], [-48.627813418547234, -2.1600392402180684], [-48.62787114935623, -2.1599813432602697], [-48.627904344080925, -2.159815716423639], [-48.62793739737982, -2.159741212794951], [-48.62800296714431, -2.1595988132690116], [-48.62802485203694, -2.159442807658496], [-48.628064699375464, -2.1593340051234295], [-48.62807007316192, -2.1591449767687787], [-48.62807952758539, -2.159076380989876], [-48.62803632082998, -2.1590255094438215], [-48.62177077582887, -2.1566786998552963], [-48.621749791520315, -2.1567409903148875]], [[-48.62864921228736, -2.159233315291276], [-48.62857194754129, -2.1594191350610616], [-48.62844825159989, -2.1595349162020536], [-48.62836566339398, -2.1596921816156636], [-48.62837369215648, -2.159824737448183], [-48.62834051032418, -2.159982080420177], [-48.62828266381892, -2.1601145327933744], [-48.628200126934786, -2.160238662421746], [-48.6278816899761, -2.161042899653112], [-48.62779512350568, -2.1612155321053086], [-48.62777290677442, -2.1614092411296064], [-48.62939518342689, -2.162014177654961], [-48.62946012322715, -2.1620070220049654], [-48.63023163040179, -2.1599543091302515], [-48.63015235019596, -2.159810961448987], [-48.62864921228736, -2.159233315291276]]]}, "properties": {"id": 135, "Parcela": "G-122", "ANO": 1984, "Ha": 24.38, "PLANTAS": 3524, "VARIEDADE": "PB-121", "Rot_labels": -15}}, {"type": "Feature", "geometry": {"type": "Polygon", "coordinates": [[[-48.62942030947173, -2.1620940516179212], [-48.62919682732615, -2.1619902785309306], [-48.627296976421185, -2.161272411677966], [-48.62723908234443, -2.16135548515326], [-48.62722240763538, -2.161488002051094], [-48.62712331162645, -2.161670093011771], [-48.627032462855986, -2.1618439129658773], [-48.62690058362578, -2.161926544989324], [-48.6267357410163, -2.162025693019348], [-48.626669711265095, -2.1621249964501668], [-48.6266118901538, -2.1622408806637536], [-48.62641879073359, -2.1623342787663518], [-48.626151772597815, -2.162391919925835], [-48.626010250509175, -2.1625795754731905], [-48.62591954323511, -2.162662272078015], [-48.6257710147373, -2.1628608527498834], [-48.62569673758313, -2.1629684269790084], [-48.62567082454706, -2.1631622894753835], [-48.62697582879573, -2.1636651226808987], [-48.628201576556755, -2.164104326346086], [-48.62864147031685, -2.1642193268507257], [-48.628960190414816, -2.163388824127888], [-48.62942030947173, -2.1620940516179212]], [[-48.620908735087056, -2.15895987068303], [-48.62013353632202, -2.1610633630554092], [-48.62255251681326, -2.1619634940408496], [-48.624949861052954, -2.162863590224427], [-48.6251267629201, -2.1627658904091174], [-48.62523613939722, -2.162628060544906], [-48.62532193187391, -2.1625194372998724], [-48.625401342797346, -2.1622969632898785], [-48.62554139200535, -2.162255764054068], [-48.62565069439561, -2.1621897312600047], [-48.6257145333964, -2.1621152096516725], [-48.6257557440396, -2.162090422697147], [-48.625813526522656, -2.1619993903292953], [-48.62588779067403, -2.1619000999478772], [-48.625945521623066, -2.161842203224291], [-48.6260444374458, -2.1617760873502925], [-48.626126910215625, -2.1616933777174365], [-48.62625056785395, -2.1616024489146652], [-48.62635771805929, -2.1615363459400267], [-48.626503049237456, -2.161501594258683], [-48.626679900204934, -2.1614365533915096], [-48.62676144831631, -2.161379585999001], [-48.626835170399715, -2.1613315613848956], [-48.62684253124588, -2.161237223288018], [-48.62678652475595, -2.1611393911143515], [-48.626698499667455, -2.1610736993283473], [-48.62109629923423, -2.1589637948260947], [-48.62094845847522, -2.158930902686167], [-48.620908735087056, -2.15895987068303]]]}, "properties": {"id": 134, "Parcela": "G-121", "ANO": 1984, "Ha": 23.95, "PLANTAS": 3529, "VARIEDADE": "PB-121", "Rot_labels": -15}}, {"type": "Feature", "geometry": {"type": "Polygon", "coordinates": [[[-48.59705683354137, -2.1703613538487687], [-48.595377856496036, -2.169723951081317], [-48.59528448874376, -2.1697463360920928], [-48.59524697187399, -2.1698627035468157], [-48.59450834840626, -2.1718633219698287], [-48.596284290053774, -2.1725647305273563], [-48.597090350105724, -2.1704139876496615], [-48.59705683354137, -2.1703613538487687]]]}, "properties": {"id": 91, "Parcela": "E-151", "ANO": 1984, "Ha": 5.46, "PLANTAS": 1621, "VARIEDADE": "PB-121", "Rot_labels": -15}}, {"type": "Feature", "geometry": {"type": "Polygon", "coordinates": [[[-48.62764480651214, -2.1136067560684384], [-48.62207149648725, -2.111537007342011], [-48.62200002744409, -2.111603258062318], [-48.62194222488307, -2.1117108600033254], [-48.62186792888694, -2.1118350043724963], [-48.6217480017491, -2.1119755968109124], [-48.621669894369, -2.1121080686666875], [-48.621534951116004, -2.112131308053496], [-48.62149673857577, -2.112265196374259], [-48.62143073963705, -2.1123479338610207], [-48.62137300001422, -2.1124141162323213], [-48.621202482722346, -2.112540852706439], [-48.621086970227275, -2.1125987358664635], [-48.62089485425487, -2.1127861556077034], [-48.62065746061759, -2.112779515005675], [-48.620592479312485, -2.1128157030485593], [-48.62050023821015, -2.112839718615444], [-48.62036660506083, -2.1131020315603846], [-48.620114539832926, -2.1131947620777165], [-48.620409469024025, -2.113377887835872], [-48.624800333588595, -2.115010366941461], [-48.62691285640765, -2.1157974473883225], [-48.62770235353992, -2.1137157096577615], [-48.62764480651214, -2.1136067560684384]], [[-48.619288505518696, -2.1104731068109683], [-48.61924162012209, -2.1104694057753575], [-48.61921631041535, -2.1105092837578328], [-48.61845029192585, -2.1125692695334277], [-48.61846822183676, -2.1126382446413086], [-48.619668672319655, -2.11308644023423], [-48.61976615532732, -2.1130249006655957], [-48.61984486704577, -2.112875660186633], [-48.61993549264769, -2.1128426642841625], [-48.620116642922554, -2.1128429435433285], [-48.62032264692217, -2.1127438542027868], [-48.620454531359165, -2.112652934484194], [-48.620700915933334, -2.1126670885804164], [-48.62086232770358, -2.1125168783896062], [-48.62108364493554, -2.1124136609121216], [-48.62117754300545, -2.112337600337844], [-48.621242568474884, -2.112272381734943], [-48.62132207165309, -2.112174526035205], [-48.62138710263089, -2.1121056785989367], [-48.621441373331336, -2.1119968975486887], [-48.62154252953565, -2.111891817509439], [-48.621629246672356, -2.1117939728583948], [-48.621705126226985, -2.1117069979694842], [-48.62171593812101, -2.1116111046231696], [-48.62180475486489, -2.1114204744113403], [-48.619288505518696, -2.1104731068109683]]]}, "properties": {"id": 251, "Parcela": "K-144", "ANO": 1985, "Ha": 24.94, "PLANTAS": 3885, "VARIEDADE": "PB-121", "Rot_labels": -15}}, {"type": "Feature", "geometry": {"type": "Polygon", "coordinates": [[[-48.602390081373365, -2.129085432861952], [-48.60267821984559, -2.128314496651875], [-48.602191352562784, -2.1283137350224144], [-48.60206639579252, -2.128507569320045], [-48.60197897243997, -2.128765350165214], [-48.60194349279239, -2.128894253457147], [-48.602390081373365, -2.129085432861952]]]}, "properties": {"id": 207, "Parcela": "I-163", "ANO": 2000, "Ha": 0.44, "PLANTAS": 72, "VARIEDADE": "PB-121", "Rot_labels": -15}}, {"type": "Feature", "geometry": {"type": "Polygon", "coordinates": [[[-48.60237350200327, -2.129159942769492], [-48.6022101722128, -2.1290721371088703], [-48.60206171378063, -2.1290131121581948], [-48.601964397972374, -2.128965785850501], [-48.601790967838646, -2.1289727453257847], [-48.601607603605096, -2.129037776126239], [-48.60145233088693, -2.1290422695549402], [-48.601345300705006, -2.129033818201988], [-48.60120539830289, -2.1289838964254755], [-48.60111317085425, -2.1289499382644164], [-48.60107340416208, -2.1290079362659924], [-48.601026260678154, -2.1291711569369283], [-48.600939675821245, -2.129366110900386], [-48.600807263979156, -2.129796660482692], [-48.60075079293019, -2.1300343717734487], [-48.600758796787744, -2.1302506166069644], [-48.60068439509653, -2.13044102712499], [-48.60063470843295, -2.1306231925659125], [-48.600560293835045, -2.130821886805246], [-48.60054381226748, -2.1309267236767906], [-48.60160725160791, -2.131331183478887], [-48.60237350200327, -2.129159942769492]]]}, "properties": {"id": 206, "Parcela": "I-162", "ANO": 2000, "Ha": 3.33, "PLANTAS": 540, "VARIEDADE": "PB-121", "Rot_labels": -15}}, {"type": "Feature", "geometry": {"type": "Polygon", "coordinates": [[[-48.601491400696126, -2.131606788255141], [-48.601531234992954, -2.131505245196948], [-48.6014089005899, -2.1313091000260127], [-48.600550913848174, -2.1309993101090288], [-48.60049322446163, -2.1309847046175032], [-48.60043161332808, -2.1311733038006304], [-48.60025053288341, -2.131644759247036], [-48.6001096690295, -2.13202647088538], [-48.59997199588462, -2.132159606823745], [-48.59986344296282, -2.1323807910758683], [-48.59978030209495, -2.1324967810377027], [-48.599729989388855, -2.132614023716207], [-48.59964291564307, -2.1327034049160143], [-48.59954520043868, -2.132913719770956], [-48.59948722402639, -2.133084180588508], [-48.60078501670527, -2.1335543280394074], [-48.601491400696126, -2.131606788255141]], [[-48.59743988217618, -2.1319497977895745], [-48.597333032083135, -2.1318253735064854], [-48.59726732662857, -2.131717581373509], [-48.59722627196659, -2.1316429630169065], [-48.59718514019685, -2.13161804713509], [-48.59711921627236, -2.1316510786796257], [-48.59703681136617, -2.1316923681017608], [-48.596962769056034, -2.1316508330067645], [-48.596880312739934, -2.1317252573892116], [-48.5967979592537, -2.131733411815207], [-48.59674863200381, -2.131683631767279], [-48.59672407121322, -2.131592471804654], [-48.59669942044401, -2.1315592980408122], [-48.5966376906928, -2.1315426335700343], [-48.596575909527786, -2.131559104064381], [-48.596501725852974, -2.131608690120175], [-48.59641130545528, -2.131509142970493], [-48.596353712034094, -2.1314800593500447], [-48.59627139715852, -2.1314633625403943], [-48.59619725849531, -2.1314839554883127], [-48.59611502076851, -2.1314175562395588], [-48.59609040858998, -2.1313595312681617], [-48.59602461327478, -2.131309725369699], [-48.59593405151788, -2.1313012993603673], [-48.59585988073632, -2.1313426016386217], [-48.59578570995361, -2.131383903908744], [-48.59574444967268, -2.1314418253870246], [-48.59567852579914, -2.1314748568429986], [-48.595530338539845, -2.1314580565101693], [-48.5955261829341, -2.1314829012469914], [-48.59553029353123, -2.1314870495831943], [-48.59583476711528, -2.1316076424188264], [-48.59610632385612, -2.131715757897535], [-48.59646840392655, -2.1318571506142368], [-48.59673171394259, -2.1319735368891504], [-48.59684693941869, -2.13200685293013], [-48.59705268821346, -2.1320734462052324], [-48.59727486662673, -2.1321649165737373], [-48.597373598323884, -2.132214774232656], [-48.597447743508475, -2.132190039376539], [-48.597456157523894, -2.132074079851965], [-48.59743988217618, -2.1319497977895745]]]}, "properties": {"id": 205, "Parcela": "I-161", "ANO": 2000, "Ha": 4.23, "PLANTAS": 726, "VARIEDADE": "PB-121", "Rot_labels": -15}}, {"type": "Feature", "geometry": {"type": "Polygon", "coordinates": [[[-48.6526892304692, -2.125611269113472], [-48.652700194391585, -2.125516934405468], [-48.651344687345265, -2.1250068148404933], [-48.649534944864634, -2.1243254417906066], [-48.64494931418557, -2.1226019548043573], [-48.64424268753438, -2.1223613657277456], [-48.64342779886043, -2.1245338150233306], [-48.64391089591874, -2.124701484833926], [-48.64475807867126, -2.125022126237196], [-48.64515464462673, -2.1251642610354744], [-48.64507311307656, -2.1249945030847024], [-48.64510456602827, -2.1248865746534404], [-48.6451047640059, -2.1247559351640413], [-48.64505729725117, -2.124563707947117], [-48.64510522315706, -2.124452924125227], [-48.64510190196867, -2.124264217108204], [-48.645152511235416, -2.1241917170461506], [-48.64512377543393, -2.124111837553913], [-48.64514914602904, -2.124032041021694], [-48.64515715071003, -2.1238762844388286], [-48.64522320087714, -2.123760408908736], [-48.64527276985754, -2.123652792158246], [-48.645338606718056, -2.1236777452464857], [-48.64535150053489, -2.123796473811615], [-48.645318910280636, -2.1238798881794456], [-48.6453007538892, -2.1239596957869673], [-48.6452968454274, -2.124067031904165], [-48.64528017601398, -2.1241995512549368], [-48.64527992501552, -2.124365232004055], [-48.645255071457925, -2.1244646025727527], [-48.645188983546795, -2.124605330182969], [-48.64522996684365, -2.1247296538796876], [-48.64522976599201, -2.1248621984732603], [-48.6452543183016, -2.124961644808126], [-48.64528092598739, -2.125142681446989], [-48.645334894936106, -2.12523348632343], [-48.651896132900866, -2.12768578718274], [-48.6526892304692, -2.125611269113472]]]}, "properties": {"id": 238, "Parcela": "K-113", "ANO": 1982, "Ha": 25.55, "PLANTAS": 3777, "VARIEDADE": "PB-121", "Rot_labels": -15}}, {"type": "Feature", "geometry": {"type": "Polygon", "coordinates": [[[-48.651891570464706, -2.127721161977856], [-48.64929947200989, -2.1267809354297977], [-48.64539341813319, -2.1252943598990073], [-48.64535649399193, -2.125458844947027], [-48.645311073372554, -2.1255457578626387], [-48.64529446659449, -2.1256368570078568], [-48.64530671133567, -2.125707290276787], [-48.645376458197426, -2.1258689364028904], [-48.645376232131234, -2.126018049084241], [-48.645375993488564, -2.1261754458030895], [-48.6453923616551, -2.126241743379223], [-48.64544569008297, -2.126370228109662], [-48.645503129393305, -2.126502861186079], [-48.64559346833545, -2.1266603969406943], [-48.64570033875964, -2.1267765377888277], [-48.645815481218236, -2.1268678391645035], [-48.64589772404742, -2.1269342378711733], [-48.64593869471432, -2.1270668457190274], [-48.64598788714862, -2.127207750254032], [-48.64607373830832, -2.1276096589947695], [-48.64613125302133, -2.12769258790403], [-48.64611455517385, -2.1278610881224105], [-48.646122553722265, -2.127999084820856], [-48.64624588420763, -2.128079022911126], [-48.651141649092324, -2.1298646924791043], [-48.651891570464706, -2.127721161977856]], [[-48.64341414158439, -2.124619979933256], [-48.642662503922615, -2.126705430276265], [-48.64577271047598, -2.1279077387395158], [-48.64580084446307, -2.1277898431842237], [-48.64583352034607, -2.127650181287455], [-48.645858034814765, -2.127540445154828], [-48.645848223996616, -2.1274687596140556], [-48.645805131416054, -2.127341682486029], [-48.64562488638806, -2.1272688280815144], [-48.645539021708295, -2.127269191637618], [-48.645522691268944, -2.127178041928926], [-48.645489980119024, -2.127028878670827], [-48.64551005358967, -2.1268767322983377], [-48.64548854307379, -2.1267896060615046], [-48.64547059562804, -2.126731516368169], [-48.64534817436456, -2.1265861731053497], [-48.64530134811063, -2.126542554627087], [-48.64526532114384, -2.12651346826025], [-48.645247467255494, -2.126393687702013], [-48.64522958584553, -2.1262920515212755], [-48.64525860221352, -2.1261868584337402], [-48.645255127173854, -2.1260997598970683], [-48.645186779387075, -2.1259762729745835], [-48.645194136635844, -2.1258819332983], [-48.64515425705221, -2.1257857548869468], [-48.64519812884409, -2.1256279175899992], [-48.645140624337955, -2.125489931796413], [-48.64513716576588, -2.1253919466436266], [-48.64512659200359, -2.125228630678337], [-48.64508699095434, -2.1251777655633237], [-48.643496807388814, -2.12461930222928], [-48.64341414158439, -2.124619979933256]]]}, "properties": {"id": 237, "Parcela": "K-112", "ANO": 1982, "Ha": 24.53, "PLANTAS": 3578, "VARIEDADE": "PB-121", "Rot_labels": -15}}, {"type": "Feature", "geometry": {"type": "Polygon", "coordinates": [[[-48.64891337503871, -2.131628544636778], [-48.64911885976387, -2.1317086959465334], [-48.64924190570404, -2.1316861446825808], [-48.649324362636364, -2.1316117146165907], [-48.649415129363675, -2.131487592815415], [-48.649489301619724, -2.1314462863208337], [-48.64961348700137, -2.1314118863229745], [-48.64969533705442, -2.131330625564498], [-48.64978317589671, -2.1313105378258164], [-48.64985904657442, -2.1312308186206725], [-48.649975607554616, -2.1311322378746436], [-48.65005797648396, -2.131115796153398], [-48.65016935268985, -2.1311696037727885], [-48.650320923405964, -2.131122660781891], [-48.65045085689026, -2.131072055659799], [-48.65052665050649, -2.1310431408105512], [-48.650606018231656, -2.131036004823024], [-48.650721572746654, -2.1309527175145], [-48.650786748555895, -2.1307895171302276], [-48.65110191576203, -2.129900920533791], [-48.646343176969296, -2.128144492244643], [-48.64631571513641, -2.1282271931145167], [-48.646397756935386, -2.1284261365971107], [-48.64646345573132, -2.1285422143674473], [-48.6465703639683, -2.128633503236116], [-48.6466689624593, -2.1287744837383857], [-48.64666876134784, -2.128907028462766], [-48.646709669116525, -2.129081056646377], [-48.64680002069186, -2.1292303085840607], [-48.646882125351034, -2.1293878319347135], [-48.64692308339216, -2.1295287239656826], [-48.64693936351157, -2.1296530099638855], [-48.647005037177934, -2.1297856559070865], [-48.64708721727883, -2.129893475015902], [-48.64712825075081, -2.129984662788947], [-48.64715276521102, -2.130108961458305], [-48.647193710656445, -2.130258137577868], [-48.64722645946257, -2.130382448907975], [-48.64723454291181, -2.130481870141276], [-48.64729186902167, -2.130689059924751], [-48.64733285217125, -2.130813383924594], [-48.6473739359408, -2.1308714355363216], [-48.64746446362616, -2.130904710922407], [-48.6475466311821, -2.131020814157399], [-48.647678255251535, -2.1311038571193026], [-48.648451900552416, -2.1314717933013174], [-48.64891337503871, -2.131628544636778]], [[-48.64257391248871, -2.126848634749602], [-48.64183317932522, -2.128876036947454], [-48.64180955111685, -2.1289957534403943], [-48.646598900904245, -2.130772198949948], [-48.64667438011421, -2.1306301225132462], [-48.646740431085725, -2.1305142471219805], [-48.6467899881709, -2.130414914500576], [-48.64677368296962, -2.130307196597879], [-48.646747822915664, -2.1300938259439297], [-48.646654296952185, -2.1299231245470844], [-48.64650284222498, -2.129718611874439], [-48.64641249072108, -2.1295693599202616], [-48.64635511434415, -2.1293953064520745], [-48.64638829064225, -2.1292379602256184], [-48.64641306912571, -2.1291882939107913], [-48.64628976765096, -2.129047275443746], [-48.64618319781325, -2.1289788903427955], [-48.64614712673948, -2.1289788349336867], [-48.64612537393854, -2.129051379231497], [-48.64611669549298, -2.1291464183169313], [-48.64605899219722, -2.129187749973075], [-48.64598492080941, -2.129162783991864], [-48.645976824786636, -2.1290716468888062], [-48.64596690908513, -2.128887835956179], [-48.64597801680176, -2.128699150985532], [-48.645924003835546, -2.128637376971821], [-48.645989163038266, -2.1284850638734376], [-48.645909828741466, -2.1284704264839496], [-48.64583082485948, -2.128238056505458], [-48.64581652308897, -2.128154570188803], [-48.6458527372947, -2.128060274794947], [-48.64580963373916, -2.127940455401895], [-48.64270568434971, -2.1267744452924866], [-48.64257391248871, -2.126848634749602]]]}, "properties": {"id": 236, "Parcela": "K-111", "ANO": 1982, "Ha": 23.53, "PLANTAS": 3510, "VARIEDADE": "PB-121", "Rot_labels": -15}}, {"type": "Feature", "geometry": {"type": "Polygon", "coordinates": [[[-48.64160989215154, -2.1291012980868977], [-48.64164248846739, -2.129014255295368], [-48.64158489083948, -2.1289379602941882], [-48.63318097556566, -2.125857207744762], [-48.6329505460733, -2.1265539854128606], [-48.63292048443827, -2.1266855984028514], [-48.63298164965193, -2.1267873006234432], [-48.633172702520746, -2.1268674301942463], [-48.633453860232564, -2.1269948738854434], [-48.636197272832575, -2.128029700950952], [-48.64129117586254, -2.129949963659494], [-48.641338178558385, -2.1298774585934455], [-48.64155192472597, -2.129268137031668], [-48.64160989215154, -2.1291012980868977]]]}, "properties": {"id": 219, "Parcela": "J-124", "ANO": 1982, "Ha": 11.19, "PLANTAS": 1428, "VARIEDADE": "PB-121", "Rot_labels": -15}}, {"type": "Feature", "geometry": {"type": "Polygon", "coordinates": [[[-48.64388327889884, -2.1415658303215825], [-48.64387852628308, -2.1414415133479534], [-48.6439132611411, -2.141352064138702], [-48.64392822565516, -2.1412625843500916], [-48.64395282869486, -2.141152454046799], [-48.64389389348321, -2.1410884977819267], [-48.643923723711204, -2.140974179052766], [-48.64395672412748, -2.140963758332934], [-48.644032507114765, -2.1409421022303325], [-48.644022750083295, -2.1408599673044533], [-48.64405743931259, -2.1408003523104457], [-48.6441513939593, -2.140770663250207], [-48.644230566427744, -2.1407111170112874], [-48.64429619344312, -2.1407030037990937], [-48.644343257944136, -2.140590581253041], [-48.64445532834719, -2.1404274548366025], [-48.6444389142563, -2.140214200377981], [-48.64454242584023, -2.140082845736979], [-48.64457505620721, -2.139974029720579], [-48.644596876255015, -2.1398579392335377], [-48.64465835254739, -2.1397564255332004], [-48.64470182262301, -2.1396355967783918], [-48.64436295200936, -2.1395044335543547], [-48.642261417517446, -2.1387837609446003], [-48.6415772743539, -2.1385191672918906], [-48.641367077592335, -2.138423169826724], [-48.64108326088745, -2.138359287451289], [-48.64099935684997, -2.1382883329886093], [-48.64082630401908, -2.138230003453582], [-48.64056309554028, -2.138157019012198], [-48.64005121261019, -2.137942124035353], [-48.639660502344135, -2.1378996288291416], [-48.63952835335468, -2.1378288203733447], [-48.63936610548675, -2.137781394107731], [-48.639092059439015, -2.137719279409989], [-48.63893917796522, -2.1377095629251017], [-48.63883048737897, -2.137679560555838], [-48.638727819112326, -2.13766791173267], [-48.638659217480836, -2.137711351974833], [-48.63807906557397, -2.1396809274571225], [-48.63806888729212, -2.139771165170906], [-48.643116407247454, -2.141379311550592], [-48.64385101387381, -2.141685741854184], [-48.644117775226675, -2.141795020861451], [-48.6443507289934, -2.1418722892470052], [-48.64452515940045, -2.1419408061584613], [-48.64547330918192, -2.142287016166205], [-48.64589507262409, -2.1424654835774675], [-48.64618351622551, -2.1425493938575686], [-48.64626642500072, -2.1425858108801776], [-48.64632412260499, -2.1425967867297726], [-48.646392625004076, -2.142618665937887], [-48.64648672654318, -2.142411964889845], [-48.64670040659041, -2.141849817702292], [-48.64693592293769, -2.141160692977326], [-48.647153225959165, -2.140587664274146], [-48.64580498251228, -2.140044878400553], [-48.64558883639589, -2.1400270534100945], [-48.64543958835981, -2.139970484939904], [-48.64535009686837, -2.1398989853129047], [-48.645054850284694, -2.1398322781356502], [-48.64488646850886, -2.140050803126845], [-48.64480220168702, -2.1402097893609007], [-48.64472292297028, -2.1403389489508724], [-48.644668357151836, -2.1404681467133777], [-48.64458426489332, -2.1405127682419085], [-48.64448394709579, -2.1405835409487914], [-48.64445058733095, -2.1406617332486144], [-48.64440600535431, -2.1407263053671373], [-48.644287193477716, -2.140850431367758], [-48.64418317894858, -2.140994469759831], [-48.64408403100808, -2.1411882395046504], [-48.64405421596185, -2.141292613497692], [-48.64408365113758, -2.141436858199913], [-48.6440538892558, -2.1415064255707636], [-48.64400445580868, -2.1415113215036956], [-48.64388327889884, -2.1415658303215825]]]}, "properties": {"id": 188, "Parcela": "I-114", "ANO": 1982, "Ha": 23.86, "PLANTAS": 3127, "VARIEDADE": "PB-121", "Rot_labels": -15}}, {"type": "Feature", "geometry": {"type": "Polygon", "coordinates": [[[-48.57371448493138, -2.154007370609259], [-48.57016008945586, -2.1526917172000846], [-48.57006934738927, -2.1527920660272475], [-48.57000994461684, -2.152851636141022], [-48.56989121785537, -2.1529210553276403], [-48.56977258565202, -2.1529308092762722], [-48.569574938885744, -2.1529006595603093], [-48.569421812710694, -2.1528457206832994], [-48.56932775043581, -2.1529450120367457], [-48.569238472850486, -2.1531437532874036], [-48.569183894157355, -2.1532779127336967], [-48.56913426567831, -2.1534071079992647], [-48.56909452976699, -2.153531347018545], [-48.56901023382537, -2.1537052356210538], [-48.568950673264084, -2.1538642475703424], [-48.5688811017773, -2.1541027972017663], [-48.56885122681258, -2.1542419683334577], [-48.568845905821966, -2.154480621094124], [-48.5688331411763, -2.154703505668836], [-48.5729174668281, -2.156205079590308], [-48.57295363438356, -2.156143449883534], [-48.57371437004017, -2.154079944269651], [-48.57371448493138, -2.154007370609259]], [[-48.567234635414046, -2.151629861091562], [-48.56543957817983, -2.1508685874727917], [-48.56525848762482, -2.1509048904627597], [-48.56507628872165, -2.1509777412006583], [-48.56435060335517, -2.1530429757680922], [-48.56446047447868, -2.15307809156831], [-48.566306172650634, -2.153748733303707], [-48.56639993039913, -2.1537633986491813], [-48.56644027676502, -2.153661331668039], [-48.56650978526792, -2.153462559272435], [-48.56661363346492, -2.1532012976919135], [-48.56669356227641, -2.1528385587456342], [-48.56686360718748, -2.1525122511792483], [-48.56695656827173, -2.1522202510851725], [-48.567234635414046, -2.151629861091562]]]}, "properties": {"id": 106, "Parcela": "E-184", "ANO": 1985, "Ha": 19.03, "PLANTAS": 3001, "VARIEDADE": "PB-121", "Rot_labels": -15}}, {"type": "Feature", "geometry": {"type": "Polygon", "coordinates": [[[-48.56689539738479, -2.1565061059127926], [-48.566885623313254, -2.1564364807468013], [-48.56683493752988, -2.1563124700946212], [-48.56672851661251, -2.1562533632493905], [-48.5666784001476, -2.156212402805796], [-48.566629079368695, -2.1561476861450224], [-48.566510715832656, -2.1559883885005937], [-48.56645643691093, -2.15593360807892], [-48.566388257583796, -2.15588312862815], [-48.56635631174209, -2.155877719458706], [-48.56627114270417, -2.155850793535436], [-48.56619127385344, -2.1558399494940867], [-48.56611679034159, -2.155791609612813], [-48.56605830104061, -2.1557325798897082], [-48.56579494470238, -2.155440306164415], [-48.565711027569385, -2.1553755338974843], [-48.56562697610531, -2.155395287092904], [-48.56558737412991, -2.155435000177083], [-48.56551315203364, -2.155489573859154], [-48.56544392760328, -2.155509350886856], [-48.56535996308484, -2.1554744111220803], [-48.5652957837547, -2.1554295589932497], [-48.56519596838683, -2.155457945672942], [-48.56502551980579, -2.1554737447730936], [-48.5649723733475, -2.1554040081037833], [-48.56490868618537, -2.1552646033268172], [-48.56494037773956, -2.1551505497952936], [-48.56489107288925, -2.155075889033741], [-48.564817103763126, -2.1549713560228363], [-48.56476764084591, -2.154996136923648], [-48.564747871486816, -2.1549961051178532], [-48.56469346623016, -2.1550208780624556], [-48.564649072120865, -2.154966113591757], [-48.5646491274493, -2.1549313090162587], [-48.564629452940224, -2.1548716122241545], [-48.56456527367183, -2.1548267601172997], [-48.56451096327727, -2.154791868078401], [-48.564474061999256, -2.1547418573629176], [-48.56442722355435, -2.15470912400243], [-48.56435786936621, -2.1547170403569846], [-48.56437777308285, -2.1546325467829526], [-48.56443220202137, -2.1545928575953694], [-48.5645113821601, -2.1545283477472434], [-48.56457578269633, -2.1544339815452824], [-48.56461542412332, -2.154369408076917], [-48.56470937594401, -2.1543397266215822], [-48.56478846124735, -2.154334881723728], [-48.564873128966916, -2.1544286195343143], [-48.56497410053871, -2.15444329660243], [-48.56506055205318, -2.1545160090159254], [-48.565134108910755, -2.1545343214699746], [-48.56525161096435, -2.1545852609989793], [-48.56537131753539, -2.15454961923506], [-48.56551497618177, -2.1545493978219774], [-48.565623219372284, -2.1545277998519494], [-48.56570255708427, -2.1544855145815305], [-48.56579147974276, -2.154510518048068], [-48.56587551535671, -2.1545007089590054], [-48.56597440959477, -2.1544710353522794], [-48.566053558157286, -2.1544264136917466], [-48.56613267512957, -2.154401680372804], [-48.56622170048035, -2.154362046671343], [-48.566281912124126, -2.154262151431693], [-48.56628924128569, -2.154189589768101], [-48.56633987118145, -2.1541062116777203], [-48.566360607215216, -2.1540341112575705], [-48.566405175143274, -2.153979489764217], [-48.56642011269596, -2.1539099043471186], [-48.56637997980918, -2.1538341257043307], [-48.564681483550004, -2.1532309045495146], [-48.56432630600277, -2.153093765859606], [-48.563502748473496, -2.1552301939486695], [-48.5636651761248, -2.155324770852034], [-48.56689539738479, -2.1565061059127926]], [[-48.57209331324569, -2.1584517291865146], [-48.572904712980595, -2.156286704652695], [-48.569281865534606, -2.154920132696434], [-48.56914103271758, -2.155021509577316], [-48.568493348972964, -2.1570754958926814], [-48.56853892895614, -2.1571288045275394], [-48.57209331324569, -2.1584517291865146]]]}, "properties": {"id": 105, "Parcela": "E-183", "ANO": 1985, "Ha": 16.59, "PLANTAS": 2565, "VARIEDADE": "PB-121", "Rot_labels": -15}}, {"type": "Feature", "geometry": {"type": "Polygon", "coordinates": [[[-48.56350256097775, -2.1553480647025394], [-48.562710368842176, -2.1574714016440026], [-48.56286447620333, -2.1575623666336843], [-48.56854211075103, -2.159665255637921], [-48.56865763202, -2.1596037540689728], [-48.568726251086964, -2.159549434344617], [-48.568544186119595, -2.15929562438132], [-48.56851470587384, -2.159186190533234], [-48.56845552398287, -2.1591065415395327], [-48.568386552244995, -2.158967211491698], [-48.56840997431026, -2.1588340757207476], [-48.568428291878504, -2.1586562999874483], [-48.56836356256671, -2.158532820788784], [-48.568223081124735, -2.158412848386183], [-48.568071189651725, -2.1583700510269876], [-48.56801200778722, -2.1582904020774603], [-48.56795284964264, -2.1581958368497225], [-48.56787403272656, -2.1580316305013443], [-48.567935302440304, -2.15792251397209], [-48.567899417357616, -2.1578063385910364], [-48.56783991046768, -2.1577332492016548], [-48.56779879721761, -2.157570312756275], [-48.56776648448645, -2.1574759151957843], [-48.56771615999508, -2.157366973960676], [-48.567665898945656, -2.157218117400367], [-48.56752964833669, -2.157036655242052], [-48.56745083931256, -2.156867476896736], [-48.56737449032268, -2.1567422921944535], [-48.56350256097775, -2.1553480647025394]], [[-48.571274573161084, -2.1606929412072424], [-48.57131799538904, -2.160605922610709], [-48.57205712247775, -2.1585278734827456], [-48.571995890224244, -2.158473344792146], [-48.56923456662987, -2.1574492467447612], [-48.56914004404988, -2.1575513722292663], [-48.56911179130193, -2.1575361376653426], [-48.568967368381756, -2.1576266224298135], [-48.568863003075954, -2.1577199785181023], [-48.56878373563435, -2.15783918168382], [-48.56869448862189, -2.1580180340965405], [-48.56864471726124, -2.1582367268594025], [-48.56865425423544, -2.1584555150226623], [-48.56869352441893, -2.1586246299316953], [-48.56879216623002, -2.1587540634988818], [-48.56875984478207, -2.1588382673995286], [-48.56882142518456, -2.159002716083631], [-48.56880148178959, -2.1591120704136766], [-48.568781649069926, -2.1591518153781704], [-48.56887039032865, -2.159291177273631], [-48.56890978696594, -2.1593807386632213], [-48.568909581391175, -2.1595100132043594], [-48.568899538508425, -2.1596094392491083], [-48.56888952724802, -2.159688976901606], [-48.56893138114837, -2.159843687516547], [-48.571274573161084, -2.1606929412072424]]]}, "properties": {"id": 104, "Parcela": "E-182", "ANO": 1985, "Ha": 23.93, "PLANTAS": 3717, "VARIEDADE": "PB-121", "Rot_labels": -15}}, {"type": "Feature", "geometry": {"type": "Polygon", "coordinates": [[[-48.57045766851399, -2.162910566517545], [-48.57125824079297, -2.1607564169256106], [-48.56918543917579, -2.1599910579804154], [-48.569121012064564, -2.160196504826086], [-48.56910577366255, -2.1604550300740653], [-48.56912037139293, -2.1605992448010283], [-48.56916956573271, -2.160743515238565], [-48.56920897024891, -2.1608281045826088], [-48.56924341656787, -2.160922630169682], [-48.5692481928076, -2.161027052205013], [-48.569262853792345, -2.161131490159655], [-48.56923298590888, -2.1612656890715214], [-48.56919324116686, -2.1613948999568726], [-48.569158438784065, -2.161524118794469], [-48.56907423635388, -2.161638341711837], [-48.56906666449957, -2.1617377717325703], [-48.56910359778191, -2.1618223571197457], [-48.56914295476298, -2.1619367790825668], [-48.569152649553025, -2.1620561253711914], [-48.56914756469202, -2.1621456151800897], [-48.56911779959304, -2.162215176775747], [-48.56910781983869, -2.162274826027568], [-48.56915219833993, -2.1623395349831522], [-48.56920153505662, -2.1623943077086767], [-48.5692283512881, -2.16249128746507], [-48.57038914155385, -2.1629068274391576], [-48.57045766851399, -2.162910566517545]], [[-48.56882102820522, -2.1623237118049263], [-48.56890765351851, -2.16228756461896], [-48.568904237206425, -2.1621678127087884], [-48.56885393592278, -2.162044356571512], [-48.5688000738763, -2.1618918652747907], [-48.56871581907261, -2.16169742960025], [-48.56872589379319, -2.1615781152007925], [-48.56876560692489, -2.1614687927667164], [-48.568765749384845, -2.1613792950194317], [-48.568716673851625, -2.161160443136328], [-48.56874654966961, -2.1610212721867534], [-48.56877646503041, -2.1608572407444564], [-48.56874702441843, -2.160722946364474], [-48.56868313436812, -2.1605780952748486], [-48.56867593196419, -2.1605708263193195], [-48.568694064998674, -2.16050916798732], [-48.56875929655078, -2.1603169530645734], [-48.568842574483455, -2.160117509816217], [-48.568792215366656, -2.160030340450577], [-48.56879250396556, -2.159848906979258], [-48.56864834620454, -2.159772472664472], [-48.562920259715966, -2.15764047280942], [-48.56269485571047, -2.1575595239554293], [-48.561925073651395, -2.159692689887717], [-48.561971854111206, -2.1597617099464412], [-48.56203669250532, -2.159816244516783], [-48.56882102820522, -2.1623237118049263]]]}, "properties": {"id": 103, "Parcela": "E-181", "ANO": 1985, "Ha": 25.03, "PLANTAS": 3858, "VARIEDADE": "PB-121", "Rot_labels": -15}}, {"type": "Feature", "geometry": {"type": "Polygon", "coordinates": [[[-48.64251900631798, -2.126645948195767], [-48.643306794925095, -2.124507935129538], [-48.64179759903403, -2.1239311495274213], [-48.63786089602064, -2.122459038748239], [-48.634842179531425, -2.121336000248402], [-48.63480247429955, -2.121354083456237], [-48.634020095843866, -2.123492089210177], [-48.64251900631798, -2.126645948195767]]]}, "properties": {"id": 241, "Parcela": "K-122", "ANO": 1982, "Ha": 25.65, "PLANTAS": 3876, "VARIEDADE": "PB-121", "Rot_labels": -15}}, {"type": "Feature", "geometry": {"type": "Polygon", "coordinates": [[[-48.641576764393456, -2.1288098146156016], [-48.641718585132416, -2.1287857533718997], [-48.64250812993387, -2.1266822202392195], [-48.637244722266374, -2.1247435666769223], [-48.63513912062279, -2.123936930603921], [-48.63400740761686, -2.123533801486561], [-48.6331996889071, -2.125728012436134], [-48.63441813138746, -2.1262197866514536], [-48.641469623851634, -2.1288325455454227], [-48.641576764393456, -2.1288098146156016]]]}, "properties": {"id": 240, "Parcela": "K-121", "ANO": 1982, "Ha": 26.41, "PLANTAS": 3841, "VARIEDADE": "PB-121", "Rot_labels": -15}}, {"type": "Feature", "geometry": {"type": "Polygon", "coordinates": [[[-48.62608164709204, -2.1180279001497224], [-48.62688926172438, -2.115895389625531], [-48.62678117236196, -2.1158153888612743], [-48.61989930479536, -2.113228319717093], [-48.619834939310174, -2.1133530459703596], [-48.619716351830085, -2.113332973898395], [-48.61964718843317, -2.1133129780422117], [-48.61964732480299, -2.113223476876937], [-48.61958792500757, -2.113283052855841], [-48.61951859493316, -2.1133724473010433], [-48.61945925574406, -2.113392244972697], [-48.619421255486536, -2.1133074164617955], [-48.619415994284644, -2.1132094303212705], [-48.619331086571485, -2.1131732661950022], [-48.61939462874597, -2.1130279565836583], [-48.619153059296934, -2.1129622653608866], [-48.61880340714765, -2.112812944692067], [-48.61840680887771, -2.1126998397369605], [-48.61764610733928, -2.114817891812183], [-48.61770007942676, -2.114905066643313], [-48.62608164709204, -2.1180279001497224]]]}, "properties": {"id": 250, "Parcela": "K-143", "ANO": 1985, "Ha": 25.79, "PLANTAS": 3955, "VARIEDADE": "PB-121", "Rot_labels": -15}}, {"type": "Feature", "geometry": {"type": "Polygon", "coordinates": [[[-48.626042097608796, -2.118120374430218], [-48.625984495680605, -2.1180477089759284], [-48.62025618909425, -2.1159087520301534], [-48.61765339350938, -2.114946725858696], [-48.61757762989939, -2.1149574952603047], [-48.61679518130526, -2.1171408292608676], [-48.625079408586366, -2.120230869477512], [-48.62525977124843, -2.1202238902274093], [-48.626042097608796, -2.118120374430218]]]}, "properties": {"id": 249, "Parcela": "K-142", "ANO": 1985, "Ha": 26.2, "PLANTAS": 4039, "VARIEDADE": "PB-121", "Rot_labels": -15}}, {"type": "Feature", "geometry": {"type": "Polygon", "coordinates": [[[-48.62522345228661, -2.1203868611595276], [-48.62518028966303, -2.1203069602528344], [-48.6168798492333, -2.1172041939873023], [-48.61676262995862, -2.1171985694540663], [-48.61606193060273, -2.1189919303188507], [-48.616003979754886, -2.1191478792532044], [-48.61596408056797, -2.119292969713647], [-48.61601446202343, -2.1193692526875405], [-48.62443209481611, -2.12249580323134], [-48.62448990159217, -2.1224342024950174], [-48.62522345228661, -2.1203868611595276]]]}, "properties": {"id": 248, "Parcela": "K-141", "ANO": 1984, "Ha": 25.9, "PLANTAS": 3733, "VARIEDADE": "PB-121", "Rot_labels": -15}}, {"type": "Feature", "geometry": {"type": "Polygon", "coordinates": [[[-48.6339055671091, -2.1234539195851982], [-48.63471318672286, -2.121321396154215], [-48.62624143487403, -2.11815125639056], [-48.62541933163601, -2.1203200301459835], [-48.63384420839332, -2.123479227048827], [-48.6339055671091, -2.1234539195851982]]]}, "properties": {"id": 245, "Parcela": "K-132", "ANO": 1985, "Ha": 25.84, "PLANTAS": 4010, "VARIEDADE": "PB-121", "Rot_labels": -15}}, {"type": "Feature", "geometry": {"type": "Polygon", "coordinates": [[[-48.63307971914235, -2.125709792877776], [-48.63388731641152, -2.123595416761372], [-48.633808104635285, -2.1235009445565964], [-48.62543004758492, -2.1203889944825676], [-48.62535424455076, -2.1204251657854325], [-48.62460081362593, -2.122499692848033], [-48.62460792240328, -2.12256865158909], [-48.63116181316298, -2.1250173526262572], [-48.63127368731378, -2.1249812367995533], [-48.63123777163724, -2.1248795736759303], [-48.63108301114274, -2.1246543464079677], [-48.63103993667279, -2.12451638379659], [-48.630809466749966, -2.124265637853162], [-48.63075201937857, -2.1240913646458157], [-48.63061505084898, -2.1240258341182168], [-48.630618801723905, -2.1239314899375543], [-48.63057921262508, -2.123873367343684], [-48.63056136541462, -2.123749959087962], [-48.63050014505529, -2.1236845454413555], [-48.630485849583074, -2.123597431118561], [-48.630446337917824, -2.12348850483308], [-48.63045726415805, -2.1234195736417325], [-48.6304969528039, -2.123412377171467], [-48.6305401987314, -2.12343784578911], [-48.63058045107518, -2.123556084667412], [-48.63063950316569, -2.123725235240357], [-48.63075784986028, -2.123904421973159], [-48.63084661746964, -2.1240338397098486], [-48.63091556968372, -2.124193060920797], [-48.63097463693138, -2.1243522668934935], [-48.6310930442994, -2.1244916750749048], [-48.6312312064639, -2.124641058429799], [-48.63131997411698, -2.124770476229914], [-48.63143836637543, -2.124919829112719], [-48.63150742474387, -2.125009437799769], [-48.63159449431138, -2.125126885698379], [-48.6316953702908, -2.1252068759948743], [-48.63307971914235, -2.125709792877776]]]}, "properties": {"id": 244, "Parcela": "K-131", "ANO": 1985, "Ha": 25.78, "PLANTAS": 3904, "VARIEDADE": "PB-121", "Rot_labels": -15}}, {"type": "Feature", "geometry": {"type": "Polygon", "coordinates": [[[-48.61576694169428, -2.119365344557963], [-48.615426101370396, -2.119211720346144], [-48.61383805393647, -2.118597669189307], [-48.611180499317484, -2.117643845085786], [-48.607433822160985, -2.116255743417052], [-48.60736959420144, -2.1162407269559473], [-48.60725722843047, -2.116364039108247], [-48.60657556359743, -2.1183576730970897], [-48.61500619122179, -2.1215051601460675], [-48.61576694169428, -2.119365344557963]]]}, "properties": {"id": 231, "Parcela": "J-154", "ANO": 1984, "Ha": 25.36, "PLANTAS": 3615, "VARIEDADE": "PB-121", "Rot_labels": -15}}, {"type": "Feature", "geometry": {"type": "Polygon", "coordinates": [[[-48.615004293684784, -2.1215724937226], [-48.6065615364798, -2.118416849281678], [-48.60574300173252, -2.1206001018634444], [-48.605988142568265, -2.120687574131621], [-48.6140920213581, -2.1237265863079626], [-48.61424351581955, -2.1237268216293956], [-48.615004293684784, -2.1215724937226]]]}, "properties": {"id": 230, "Parcela": "J-153", "ANO": 1984, "Ha": 25.92, "PLANTAS": 3635, "VARIEDADE": "PB-121", "Rot_labels": -15}}, {"type": "Feature", "geometry": {"type": "Polygon", "coordinates": [[[-48.614160125702185, -2.1240061098108907], [-48.614135199669136, -2.1237956006063485], [-48.605707412536745, -2.120631389789964], [-48.604855956964634, -2.122765100668936], [-48.60498923096982, -2.122885058043299], [-48.613305810764295, -2.1259969930925475], [-48.613394387187775, -2.1259912953955284], [-48.614160125702185, -2.1240061098108907]]]}, "properties": {"id": 229, "Parcela": "J-152", "ANO": 1984, "Ha": 26.41, "PLANTAS": 3649, "VARIEDADE": "PB-121", "Rot_labels": -15}}, {"type": "Feature", "geometry": {"type": "Polygon", "coordinates": [[[-48.6133055151576, -2.1261893189854337], [-48.613304828849905, -2.1260287111858824], [-48.60489903958798, -2.1228958037901777], [-48.60427616661243, -2.1244987514001177], [-48.6041891513402, -2.1247889176201564], [-48.60414558771235, -2.1249702883749992], [-48.60415983658859, -2.1250864314099047], [-48.61257376128816, -2.1282275644097077], [-48.6133055151576, -2.1261893189854337]]]}, "properties": {"id": 228, "Parcela": "J-151", "ANO": 1984, "Ha": 25.74, "PLANTAS": 3648, "VARIEDADE": "PB-121", "Rot_labels": -15}}, {"type": "Feature", "geometry": {"type": "Polygon", "coordinates": [[[-48.611824258548644, -2.130077082236856], [-48.611914534680295, -2.1300119047052197], [-48.612519427040844, -2.128376260448845], [-48.612508762374475, -2.1282746375219084], [-48.60406238636412, -2.1251261958218524], [-48.603428441942455, -2.1268887897571234], [-48.60343559429271, -2.1269287174352587], [-48.611824258548644, -2.130077082236856]]]}, "properties": {"id": 204, "Parcela": "I-154", "ANO": 1983, "Ha": 21.35, "PLANTAS": 3054, "VARIEDADE": "PB-121", "Rot_labels": -15}}, {"type": "Feature", "geometry": {"type": "Polygon", "coordinates": [[[-48.61100566987409, -2.1322821114567914], [-48.611077888710646, -2.1322314211341227], [-48.61182763631263, -2.1302258681007924], [-48.61183861393816, -2.130124278959892], [-48.603489581487004, -2.1270050060319874], [-48.60338014595576, -2.1270032562334737], [-48.60254846692549, -2.129137252094345], [-48.60649587162841, -2.130605822911323], [-48.60657645967164, -2.1306117860329765], [-48.60659645972826, -2.130462649789635], [-48.60665596836119, -2.1303334642982183], [-48.606685868561776, -2.130174399012674], [-48.60674537715309, -2.13004521349627], [-48.606804885724955, -2.129916027966094], [-48.606844593919234, -2.129806700488365], [-48.6068744172746, -2.1296973575584843], [-48.60693392579541, -2.1295681719953494], [-48.60696371842338, -2.1294787180099584], [-48.607052681851414, -2.1294788569897314], [-48.60717119232312, -2.129548653654869], [-48.60722044761874, -2.1296581201568014], [-48.6073388506708, -2.129797528208111], [-48.607407937034075, -2.12986724768176], [-48.607496777717245, -2.1299469425274533], [-48.60752626336303, -2.1300563781729758], [-48.60752606380165, -2.130185656458249], [-48.60752583352344, -2.1303348237101583], [-48.607525710701786, -2.130414379577745], [-48.607505802850824, -2.130503849035925], [-48.60750566466402, -2.130593349385447], [-48.60748574912068, -2.130687791080851], [-48.607485641632366, -2.1307574024626037], [-48.6074855264624, -2.1308319860858296], [-48.6073915283676, -2.13089150621261], [-48.60748360905628, -2.1309847602761574], [-48.61100566987409, -2.1322821114567914]]]}, "properties": {"id": 203, "Parcela": "I-153", "ANO": 1983, "Ha": 24.73, "PLANTAS": 3432, "VARIEDADE": "PB-121", "Rot_labels": -15}}, {"type": "Feature", "geometry": {"type": "Polygon", "coordinates": [[[-48.60073654162443, -2.1337076013339993], [-48.60069298198255, -2.1335904712621288], [-48.59528155310283, -2.131583556379177], [-48.595212213143114, -2.1316779193805084], [-48.59519228922005, -2.1317773322417928], [-48.59514264925168, -2.131916476061971], [-48.59508315539631, -2.132035715547952], [-48.595023630632284, -2.1321748438044024], [-48.595023460722565, -2.1322842321130473], [-48.59500364486976, -2.1323140342076967], [-48.594864624864634, -2.132721536647923], [-48.594775353004316, -2.132920284544072], [-48.59475536713791, -2.133059474906437], [-48.59471565037285, -2.1331737731938913], [-48.594700630037394, -2.1332980547361915], [-48.59468560968845, -2.1334223362753924], [-48.59467554716485, -2.1335366811982577], [-48.594586336967296, -2.1336956514469216], [-48.594576297603474, -2.133795079776033], [-48.60000420615324, -2.135810193385091], [-48.60073654162443, -2.1337076013339993]]]}, "properties": {"id": 180, "Parcela": "H-164", "ANO": 1983, "Ha": 16.71, "PLANTAS": 2449, "VARIEDADE": "PB-121", "Rot_labels": -15}}, {"type": "Feature", "geometry": {"type": "Polygon", "coordinates": [[[-48.59991730003626, -2.136027782603475], [-48.599903165037006, -2.135839064706587], [-48.594647192562064, -2.133885786232183], [-48.594521745875205, -2.1339143268827323], [-48.5944918673811, -2.134058473837029], [-48.59445215049544, -2.1341727720648462], [-48.59442229516217, -2.1343020024237442], [-48.59435283888547, -2.1344709480830035], [-48.59431309874659, -2.1346001628621205], [-48.59425357358845, -2.134739290892842], [-48.59422374911975, -2.1348486324446316], [-48.594144469860794, -2.134977784936031], [-48.59406514416066, -2.135136770560851], [-48.59401551915862, -2.1352659697164094], [-48.59394606269626, -2.1354349152552143], [-48.593876575244984, -2.1356237495388934], [-48.593747500476454, -2.1359914892308765], [-48.59914226631823, -2.138044155454634], [-48.59991730003626, -2.136027782603475]]]}, "properties": {"id": 179, "Parcela": "H-163", "ANO": 1983, "Ha": 16.38, "PLANTAS": 2364, "VARIEDADE": "PB-121", "Rot_labels": -15}}, {"type": "Feature", "geometry": {"type": "Polygon", "coordinates": [[[-48.598338089524, -2.1402419175902043], [-48.599127725455105, -2.138116707791484], [-48.593693050769524, -2.136045017244727], [-48.593588686073744, -2.1364138761973956], [-48.59351434895725, -2.136543036291771], [-48.593444884506575, -2.1367169538671145], [-48.59342987921771, -2.1368312908565943], [-48.59335548781699, -2.136995256230523], [-48.593305870293264, -2.137119483035287], [-48.593241138935625, -2.1374276574399014], [-48.593191498108666, -2.13756680078036], [-48.593131848495496, -2.137785483533878], [-48.59303267522145, -2.1379941595115066], [-48.59292704412008, -2.1382702306273043], [-48.594902561489945, -2.138988210183486], [-48.59828393356267, -2.1402744910784475], [-48.598338089524, -2.1402419175902043]]]}, "properties": {"id": 178, "Parcela": "H-162", "ANO": 1983, "Ha": 16.53, "PLANTAS": 2441, "VARIEDADE": "PB-121", "Rot_labels": -15}}, {"type": "Feature", "geometry": {"type": "Polygon", "coordinates": [[[-48.594788168113254, -2.1405625866842923], [-48.594817651941945, -2.14067202176935], [-48.59478788895257, -2.140741585684058], [-48.59476801076627, -2.140811165198802], [-48.59469875506414, -2.1408508335241465], [-48.59461964557601, -2.140870597461847], [-48.59439226398552, -2.140890127299704], [-48.59414501972649, -2.140969292184966], [-48.59396710876214, -2.140959066831801], [-48.5938585621255, -2.140839562534063], [-48.59370028115857, -2.14091886781596], [-48.59357171666887, -2.1409584423819346], [-48.59340364402395, -2.1409780657170843], [-48.59737156364699, -2.1424575642462593], [-48.597529853755596, -2.142436948678209], [-48.598309092213974, -2.1403325908633435], [-48.59500538216796, -2.139077716790705], [-48.59488927953516, -2.1391108618001473], [-48.594819899970524, -2.139230085336537], [-48.59475044288884, -2.139399030801223], [-48.59472044746718, -2.1396177605680156], [-48.59463115869691, -2.139826452352396], [-48.59451215344531, -2.1400748748524343], [-48.59443282690922, -2.140233860231811], [-48.59436336963616, -2.1404028055772297], [-48.59438293760994, -2.1405321138008415], [-48.594590409944374, -2.1406020521861535], [-48.594788168113254, -2.1405625866842923]], [[-48.59441435974754, -2.1393985005845457], [-48.59459887257716, -2.1394376960527097], [-48.594649551516426, -2.13932165603914], [-48.5946966291004, -2.139201981585166], [-48.59473302140549, -2.1389952002868218], [-48.59292694228663, -2.1383355478656547], [-48.59281839880745, -2.1385494724885277], [-48.59249683459436, -2.139315918838571], [-48.59242731529933, -2.139524641390082], [-48.59241722880165, -2.13965390261145], [-48.592407111254104, -2.13980305257362], [-48.59243654835146, -2.1399423206122328], [-48.59249563980255, -2.1400816354957115], [-48.5925746560274, -2.1401215378893235], [-48.5926834042211, -2.140111765253749], [-48.592782190042186, -2.140151698868539], [-48.59285125942913, -2.1402313631470364], [-48.592890612371185, -2.1403507580940064], [-48.59295965072826, -2.140450311134864], [-48.593008966060715, -2.1405199998288698], [-48.59316713829187, -2.140510305251342], [-48.59328577135537, -2.1405005482114725], [-48.59336474110385, -2.1405702837468477], [-48.593532751628416, -2.1405904378846037], [-48.5936909239251, -2.14058074325714], [-48.59378983398089, -2.140541121817711], [-48.59389862883796, -2.1405015159731646], [-48.59395793764134, -2.1405016096144727], [-48.59403710912464, -2.1404420681656533], [-48.59433497352777, -2.139814669491458], [-48.594425606684986, -2.139520883901438], [-48.59441435974754, -2.1393985005845457]], [[-48.5905831175856, -2.13989492658633], [-48.590622877682954, -2.1398201223454585], [-48.59062796759782, -2.13972565875203], [-48.59064792348229, -2.139606357694049], [-48.590657971292664, -2.1395019575495415], [-48.59063831820508, -2.1394273436187126], [-48.59057914156662, -2.1393427228512754], [-48.59052985746289, -2.1392531455298536], [-48.59053001272134, -2.1391537019520146], [-48.590500505910946, -2.1390591836974813], [-48.59046601014168, -2.138994490709378], [-48.590411775892456, -2.1389098777735267], [-48.59041188456199, -2.1388402672748277], [-48.590416989941446, -2.138735859335013], [-48.590402279218594, -2.138661253232967], [-48.5903777147754, -2.138566742802947], [-48.59037786999377, -2.1384672992354035], [-48.5904028069495, -2.138323145097019], [-48.59046236382494, -2.1381641290603395], [-48.59042293341549, -2.138094456110688], [-48.59033898279674, -2.138049573801665], [-48.59025013636423, -2.1379748506196505], [-48.59018599407401, -2.137905138650495], [-48.59014988464595, -2.1378367478973117], [-48.59008741808753, -2.1377309563179527], [-48.59004306859455, -2.137646359052886], [-48.589973875318954, -2.1376462497727102], [-48.5898651430359, -2.1376460780403947], [-48.589756403001836, -2.1376508784764945], [-48.58970197478764, -2.1376905700109528], [-48.58968208888004, -2.137765121421366], [-48.58959438150856, -2.1378540141151703], [-48.58910163355929, -2.139171333022421], [-48.58909078439307, -2.139279310973462], [-48.58917356921178, -2.1393919326304265], [-48.5905831175856, -2.13989492658633]]]}, "properties": {"id": 177, "Parcela": "H-161", "ANO": 1983, "Ha": 17.29, "PLANTAS": 2490, "VARIEDADE": "PB-121", "Rot_labels": -15}}, {"type": "Feature", "geometry": {"type": "Polygon", "coordinates": [[[-48.59668219234416, -2.144756199209817], [-48.59747009196633, -2.142594705278568], [-48.59739985710669, -2.1425292768290185], [-48.593272235999635, -2.1409859839076515], [-48.59312672219606, -2.141072100084787], [-48.59288846230098, -2.141728054015684], [-48.59279901764566, -2.142036189007486], [-48.5927095262871, -2.1423741570724046], [-48.59263015267579, -2.142562975125964], [-48.59257050201795, -2.142781657534104], [-48.59249120602251, -2.142920753677715], [-48.59241187891968, -2.1430797385428946], [-48.59241578912157, -2.143156433381677], [-48.59668219234416, -2.144756199209817]], [[-48.59044933624245, -2.1424094303180503], [-48.59052152146685, -2.1423805146520576], [-48.591119175850984, -2.140781186233815], [-48.591091123238, -2.1406412742289316], [-48.59100713367061, -2.1406212526808877], [-48.59088358946012, -2.14061111298201], [-48.59081448921279, -2.140551337430293], [-48.5907503779614, -2.1404617366175165], [-48.59074559867163, -2.1403573130321694], [-48.59083497191809, -2.140301743391165], [-48.59087480747007, -2.140200201673922], [-48.59081725435424, -2.1400985060178366], [-48.588978741219755, -2.139424283163531], [-48.588236013678255, -2.141531401633992], [-48.58828642629531, -2.1415859124330883], [-48.59044933624245, -2.1424094303180503]]]}, "properties": {"id": 149, "Parcela": "G-164", "ANO": 1983, "Ha": 19.79, "PLANTAS": 2911, "VARIEDADE": "PB-121", "Rot_labels": -15}}, {"type": "Feature", "geometry": {"type": "Polygon", "coordinates": [[[-48.596633259689874, -2.144908529555402], [-48.59662256896833, -2.144825051318221], [-48.596550525020255, -2.1447632486515493], [-48.59228230749462, -2.1431707372009634], [-48.59212004400943, -2.1432284428017323], [-48.59199138609251, -2.143327683175859], [-48.59192197479995, -2.1434667948385147], [-48.59187230199658, -2.143625826503515], [-48.591812713258285, -2.1438047312436463], [-48.59169373787851, -2.1440332639144453], [-48.59164398720056, -2.144242017349976], [-48.591604121288036, -2.1444507864188203], [-48.59143188753042, -2.1449438456067984], [-48.59127637615333, -2.1452500461285897], [-48.59138802425991, -2.1453139076171555], [-48.59573556182127, -2.1469283252621296], [-48.59589796265876, -2.1468741509595075], [-48.596633259689874, -2.144908529555402]], [[-48.5873866364094, -2.143790754928146], [-48.58770745361777, -2.1439218978706753], [-48.587834037856155, -2.143828262077459], [-48.58804677084829, -2.1436943504071557], [-48.58819485170076, -2.143632372035288], [-48.58833206500494, -2.1435382424766978], [-48.588458394836074, -2.1434840116947558], [-48.588555857393914, -2.1434369926152956], [-48.58861728414708, -2.1433681440285843], [-48.58872197203951, -2.143313878906786], [-48.58888064548635, -2.1433359026966214], [-48.588956409309084, -2.143325136525441], [-48.5890681975959, -2.1433434572886987], [-48.589143955748604, -2.1433363198322044], [-48.58919820826774, -2.1432420586834326], [-48.58921633408515, -2.1431840276462997], [-48.589270535478214, -2.1431224250125136], [-48.589367424342, -2.1430351423714664], [-48.589505889118406, -2.1429856397857105], [-48.58972350219058, -2.1428915128133967], [-48.58986967065073, -2.1428838772689494], [-48.58995107005071, -2.142752651840237], [-48.59003017167272, -2.142737860500528], [-48.59006485397441, -2.1426832213233125], [-48.590169544726045, -2.142568651924551], [-48.590151611923055, -2.1425033062766436], [-48.59022395036027, -2.142376414979574], [-48.590008369830485, -2.142329566272943], [-48.589050129534776, -2.141955135350313], [-48.58820881937194, -2.141622076866046], [-48.5873866364094, -2.143790754928146]]]}, "properties": {"id": 148, "Parcela": "G-163", "ANO": 1983, "Ha": 17.78, "PLANTAS": 2591, "VARIEDADE": "PB-121", "Rot_labels": -15}}, {"type": "Feature", "geometry": {"type": "Polygon", "coordinates": [[[-48.59576429313065, -2.1470082032626956], [-48.59037313115269, -2.145007485660859], [-48.59023909205253, -2.1450403151220643], [-48.590099687993586, -2.145049940043475], [-48.58975830091514, -2.145392303323195], [-48.58949721171244, -2.1454722576026835], [-48.589284155285945, -2.14548799343128], [-48.589101389858875, -2.145645118481933], [-48.58890360040748, -2.1457044710242874], [-48.58867620333509, -2.1457339434557956], [-48.5884587534328, -2.1457236541573312], [-48.58803760401358, -2.1456896155674228], [-48.58776494766422, -2.1463535591093144], [-48.58780984990758, -2.1464803151702703], [-48.58801890761863, -2.1465749939996814], [-48.58825317451633, -2.1466951139614836], [-48.59504123538867, -2.1492169674243127], [-48.59582553298055, -2.1470591026960317], [-48.59576429313065, -2.1470082032626956]]]}, "properties": {"id": 147, "Parcela": "G-162", "ANO": 1983, "Ha": 20.05, "PLANTAS": 2896, "VARIEDADE": "PB-121", "Rot_labels": -15}}, {"type": "Feature", "geometry": {"type": "Polygon", "coordinates": [[[-48.59500502883509, -2.149304000040851], [-48.58792325396495, -2.1466183869393953], [-48.58755795865097, -2.146537662439618], [-48.5873800791917, -2.1465075469670993], [-48.58722196934175, -2.146477462869817], [-48.5870737443044, -2.1464473944579274], [-48.586945195253435, -2.1464770234118005], [-48.586826374964325, -2.146606111341798], [-48.58672738664915, -2.1466954533226925], [-48.586628335898766, -2.1468245725962847], [-48.586568824278864, -2.1469537546518613], [-48.586440072292376, -2.147112659750309], [-48.58630148231981, -2.1472417161246296], [-48.586251808580926, -2.1474007467997622], [-48.58618230277729, -2.1475995233428082], [-48.586132566511004, -2.147798331283426], [-48.586122463078645, -2.147937536111757], [-48.58603325005749, -2.148096503879212], [-48.58592431428535, -2.1482256072211814], [-48.58595832656869, -2.148349797400528], [-48.59420453979956, -2.151432806022636], [-48.59500502883509, -2.149304000040851]]]}, "properties": {"id": 146, "Parcela": "G-161", "ANO": 1984, "Ha": 24.63, "PLANTAS": 3586, "VARIEDADE": "PB-121", "Rot_labels": -15}}, {"type": "Feature", "geometry": {"type": "Polygon", "coordinates": [[[-48.59417240591018, -2.151508980338672], [-48.585924032130066, -2.1484192880999315], [-48.585825122675466, -2.1484442251488964], [-48.58574089101371, -2.148578339885834], [-48.58572089485789, -2.1487225011045132], [-48.58565138876092, -2.1489212774740816], [-48.58562650486178, -2.149030625693245], [-48.585596616032895, -2.1491797433265587], [-48.585537041531104, -2.149348702414636], [-48.585487273626704, -2.1495673988093236], [-48.585447468650294, -2.1497363893204953], [-48.58540761673485, -2.149935212776381], [-48.58534807337492, -2.1500842831621267], [-48.58529839914982, -2.150243313584002], [-48.585169662136586, -2.1503922737888175], [-48.585091017642775, -2.150584311009265], [-48.58771180085182, -2.1515464660874963], [-48.593342624286905, -2.1536782307099043], [-48.59336675913485, -2.153578758220062], [-48.59417240591018, -2.151508980338672]]]}, "properties": {"id": 121, "Parcela": "F-164", "ANO": 1984, "Ha": 25.07, "PLANTAS": 3635, "VARIEDADE": "PB-121", "Rot_labels": -15}}, {"type": "Feature", "geometry": {"type": "Polygon", "coordinates": [[[-48.59092014321471, -2.1603361652106576], [-48.59169846734263, -2.158173892824645], [-48.58379596757908, -2.1552487816747234], [-48.58362745210045, -2.155210331954415], [-48.583490321655965, -2.155246165428407], [-48.5833797197219, -2.1555977652195044], [-48.583276402297955, -2.155808398522397], [-48.583169514369054, -2.156043973350252], [-48.58326008174134, -2.156243955420751], [-48.58325981488482, -2.1564130085550715], [-48.583249678880755, -2.156572101593311], [-48.58321991450563, -2.156641664323591], [-48.58313087257075, -2.156691243676063], [-48.58302188825732, -2.1568501787261383], [-48.5829622966343, -2.157029081336776], [-48.582942244286485, -2.1572080471310757], [-48.58295571139069, -2.1574210414977464], [-48.59087207948485, -2.1603802112158563], [-48.59092014321471, -2.1603361652106576]]]}, "properties": {"id": 118, "Parcela": "F-161", "ANO": 1984, "Ha": 24.86, "PLANTAS": 3604, "VARIEDADE": "PB-121", "Rot_labels": -15}}, {"type": "Feature", "geometry": {"type": "Polygon", "coordinates": [[[-48.62443883463928, -2.122630350705357], [-48.624406520964335, -2.1225323223810997], [-48.61593121504975, -2.119380280551768], [-48.61513794599275, -2.1215563340716574], [-48.61532535474058, -2.1216582312829066], [-48.623541089358824, -2.1247227954293084], [-48.62362765827356, -2.1247229294310572], [-48.62438817540515, -2.1227355084211483], [-48.62443883463928, -2.122630350705357]]]}, "properties": {"id": 227, "Parcela": "J-144", "ANO": 1984, "Ha": 26.24, "PLANTAS": 3616, "VARIEDADE": "PB-121", "Rot_labels": -15}}, {"type": "Feature", "geometry": {"type": "Polygon", "coordinates": [[[-48.623515767941534, -2.1247699309729318], [-48.615101809170724, -2.1215998236672493], [-48.61432290716842, -2.123812184439014], [-48.62276933543079, -2.126978729220917], [-48.622816254755094, -2.1269606578283744], [-48.62356603336413, -2.1249224194871017], [-48.623515767941534, -2.1247699309729318]]]}, "properties": {"id": 226, "Parcela": "J-143", "ANO": 1984, "Ha": 26.08, "PLANTAS": 3757, "VARIEDADE": "PB-121", "Rot_labels": -15}}, {"type": "Feature", "geometry": {"type": "Polygon", "coordinates": [[[-48.631630304890365, -2.1252974967867657], [-48.63191160958751, -2.1257310510226937], [-48.63204963541758, -2.125969936473928], [-48.63209546113038, -2.1259784494756815], [-48.632158370243715, -2.125970104280874], [-48.632306629858114, -2.12598027776012], [-48.63237571862436, -2.1260499971875846], [-48.632484347347734, -2.1261197776345653], [-48.632672086324035, -2.126169790778384], [-48.63278312665911, -2.1262427763989824], [-48.63291664342005, -2.126206693903856], [-48.63306875968525, -2.1258004972554256], [-48.631630304890365, -2.1252974967867657]], [[-48.6321997845186, -2.1279492496067247], [-48.632337207522326, -2.127717215515779], [-48.6323915599374, -2.127555815656307], [-48.632395344175066, -2.127439698317853], [-48.63241710837809, -2.1273598972356274], [-48.63236465027911, -2.1272484522343706], [-48.63238144459178, -2.1270931217354496], [-48.632410611097185, -2.1268899511931645], [-48.632317369776146, -2.1265341800221558], [-48.632040555390766, -2.1264247039391133], [-48.631971611807856, -2.1261925345457793], [-48.63189968083599, -2.12605452728619], [-48.63182054680952, -2.1259092512241113], [-48.631719947486744, -2.1256478189180603], [-48.631611992943036, -2.125478910902978], [-48.63151129126161, -2.1252846121680835], [-48.6314114031338, -2.1252235766552245], [-48.62849765308381, -2.124060668687919], [-48.62456096720507, -2.122610310543736], [-48.62376408038798, -2.1247936323199066], [-48.6321997845186, -2.1279492496067247]]]}, "properties": {"id": 223, "Parcela": "J-134", "ANO": 1984, "Ha": 25.0, "PLANTAS": 3680, "VARIEDADE": "PB-111", "Rot_labels": -15}}, {"type": "Feature", "geometry": {"type": "Polygon", "coordinates": [[[-48.63141902768603, -2.130196114022106], [-48.63145519267753, -2.13013447956416], [-48.63220858342411, -2.128092602730833], [-48.63219067546629, -2.1280091115433075], [-48.6239532362835, -2.124933634945762], [-48.62367531110167, -2.1250529560158657], [-48.62294009386911, -2.1270041252804326], [-48.62301935987304, -2.1270623093368264], [-48.63141902768603, -2.130196114022106]]]}, "properties": {"id": 222, "Parcela": "J-133", "ANO": 1984, "Ha": 25.83, "PLANTAS": 3754, "VARIEDADE": "PB-111", "Rot_labels": -15}}, {"type": "Feature", "geometry": {"type": "Polygon", "coordinates": [[[-48.63060762471326, -2.1324302270161892], [-48.631408112190265, -2.1302577875328277], [-48.631328867542145, -2.1301850880221984], [-48.623069752874, -2.1271313351176233], [-48.62290749155506, -2.127094795358184], [-48.62214670899076, -2.1292491364048467], [-48.622193489272995, -2.129321785464089], [-48.63060762471326, -2.1324302270161892]]]}, "properties": {"id": 221, "Parcela": "J-132", "ANO": 1984, "Ha": 26.25, "PLANTAS": 3769, "VARIEDADE": "PB-121", "Rot_labels": -15}}, {"type": "Feature", "geometry": {"type": "Polygon", "coordinates": [[[-48.62979267039002, -2.1346244141220736], [-48.630589483820216, -2.1324991469625596], [-48.62215017134023, -2.1293434911607365], [-48.622077963654, -2.129386924943252], [-48.62134270368744, -2.1313598616173555], [-48.62131729274611, -2.131465057905978], [-48.62137130372707, -2.131526831798699], [-48.62974212125422, -2.13465699529653], [-48.62979267039002, -2.1346244141220736]]]}, "properties": {"id": 220, "Parcela": "J-131", "ANO": 1984, "Ha": 25.83, "PLANTAS": 3674, "VARIEDADE": "PB-121", "Rot_labels": -15}}, {"type": "Feature", "geometry": {"type": "Polygon", "coordinates": [[[-48.62908031300772, -2.136506162154038], [-48.629111668324626, -2.136495839392605], [-48.62976355237957, -2.1347949245434688], [-48.62976369142003, -2.1347042037032287], [-48.62132796620692, -2.131561238229008], [-48.62125221819959, -2.1315611204867944], [-48.62062552211216, -2.133301978961153], [-48.620667331924444, -2.1333422788006113], [-48.62908031300772, -2.136506162154038]]]}, "properties": {"id": 196, "Parcela": "I-134", "ANO": 1983, "Ha": 21.38, "PLANTAS": 3019, "VARIEDADE": "PB-121", "Rot_labels": -15}}, {"type": "Feature", "geometry": {"type": "Polygon", "coordinates": [[[-48.621986436033914, -2.129267302132385], [-48.62279418812004, -2.127062230700518], [-48.622736569942305, -2.1270004513750944], [-48.618525939990334, -2.12543715783178], [-48.6184382538726, -2.125431510483382], [-48.61839936578554, -2.125651061360671], [-48.618384831952625, -2.1257199862432485], [-48.61843886501522, -2.125767244668878], [-48.61854715950212, -2.125785602438257], [-48.618601799243216, -2.125840741921715], [-48.61867988617338, -2.125899850274903], [-48.618695352805375, -2.1260099836554387], [-48.618703001691216, -2.126120104904081], [-48.618757557012344, -2.1262302989610773], [-48.61884343154779, -2.12630908181326], [-48.61895269901207, -2.1264272257646137], [-48.61908546797028, -2.1265139463748963], [-48.61914780487535, -2.126647747416791], [-48.61924925463596, -2.126765879264235], [-48.61925954807992, -2.126889821970888], [-48.61933878590372, -2.1269661500871644], [-48.61943660313589, -2.1269470641337938], [-48.61949120675177, -2.127025798490572], [-48.619514575561226, -2.127080889485616], [-48.619639623368336, -2.127104678473583], [-48.61974120587607, -2.1271362959948705], [-48.61983493445859, -2.1271914962093765], [-48.61992080911492, -2.1272702791224014], [-48.61994410556921, -2.127372559794943], [-48.62013921168333, -2.1275930816123947], [-48.62021717211674, -2.127734771978053], [-48.62031857376454, -2.1278843637092923], [-48.62038876470429, -2.127994582178948], [-48.62050587427166, -2.1280970085275617], [-48.620552660199024, -2.1281757308159706], [-48.62060734833468, -2.128199410612212], [-48.62066791741627, -2.1281838669608506], [-48.620736540197434, -2.1281259123862757], [-48.62074833341036, -2.1280266001945787], [-48.62083429260027, -2.1280503285185173], [-48.620896617587576, -2.1281919946764614], [-48.62094336735903, -2.128294311826835], [-48.62098232349167, -2.1283808869478986], [-48.62101341360768, -2.1284989097363978], [-48.62103671008058, -2.1286011904931765], [-48.621044358952986, -2.12871131192924], [-48.621067667480546, -2.1288057277410957], [-48.6210948380493, -2.1289306832740844], [-48.621986436033914, -2.129267302132385]], [[-48.6199065151447, -2.1283895273553792], [-48.619942746982545, -2.128284347941588], [-48.6199809877513, -2.1280782683283346], [-48.61982826387163, -2.1278922502189728], [-48.6197167091027, -2.1278165771154773], [-48.61964655443534, -2.1276827638517655], [-48.61960368348057, -2.127600115202118], [-48.61950997904408, -2.127529185072518], [-48.619427983147006, -2.1274700705651393], [-48.619342060285526, -2.127422747401805], [-48.61924052606596, -2.127359670083124], [-48.61914685786991, -2.127265145148664], [-48.6191331291648, -2.127031270703765], [-48.61893626131658, -2.1269502198774712], [-48.61886959792195, -2.1268503887339563], [-48.61872193057087, -2.1268076952797377], [-48.61867072344786, -2.12677677857149], [-48.618616071640666, -2.1267295039872125], [-48.61857704325588, -2.1266901186166693], [-48.61858466795048, -2.1268159697313878], [-48.6185142720704, -2.126839455288812], [-48.6184517301335, -2.1268393581743723], [-48.61838918819945, -2.1268392610573885], [-48.61827981222591, -2.1267919014908148], [-48.61827209102188, -2.1267289698767287], [-48.61827218755568, -2.126666050402676], [-48.61827229615279, -2.126595265994292], [-48.618311469312275, -2.12654027214726], [-48.61833503111918, -2.1264695241507527], [-48.61836641065994, -2.126398788288795], [-48.61839774193862, -2.126359512162972], [-48.61844474488472, -2.126296665501976], [-48.61846825841913, -2.126257377233866], [-48.61847618472518, -2.1261866049506164], [-48.618445058522546, -2.126092177184152], [-48.61835146279285, -2.1259504627323946], [-48.61828124790869, -2.125855974303979], [-48.618226716746804, -2.1257300504145564], [-48.618255134811044, -2.125618178200574], [-48.6181686774817, -2.125545467772161], [-48.618133314009164, -2.125462497058947], [-48.61821578026467, -2.1254076460163733], [-48.61821950970061, -2.1253278179369484], [-48.61812215896789, -2.125302265175982], [-48.61788065524673, -2.1251930260287], [-48.61444509302232, -2.1239321246978], [-48.61430452537233, -2.1238629591122846], [-48.61348242856809, -2.126013560068769], [-48.61354008503328, -2.126049937746758], [-48.61988123804547, -2.1284076321822267], [-48.6199065151447, -2.1283895273553792]]]}, "properties": {"id": 225, "Parcela": "J-142", "ANO": 1984, "Ha": 23.61, "PLANTAS": 3388, "VARIEDADE": "PB-121", "Rot_labels": -15}}, {"type": "Feature", "geometry": {"type": "Polygon", "coordinates": [[[-48.62060350437821, -2.1311990445644584], [-48.621151429861484, -2.1314248830790383], [-48.62120202326398, -2.1313632717833224], [-48.62195897570156, -2.129357709659048], [-48.621959053622035, -2.1293069062737726], [-48.6213162714739, -2.1290605438309234], [-48.62114355654079, -2.129532173824936], [-48.62115120535214, -2.1296422952730327], [-48.62112764341543, -2.1297130434010096], [-48.621057126561816, -2.1298151784687835], [-48.62104130392194, -2.1299370609049353], [-48.621037189820626, -2.1300707589796133], [-48.62101747034024, -2.130184770388044], [-48.62096257690254, -2.130294794659772], [-48.62089204790277, -2.130404794625956], [-48.62085283828507, -2.130483383375711], [-48.62082921590534, -2.130593456211276], [-48.62082128944585, -2.1306642285990107], [-48.62077420164485, -2.130782129926432], [-48.620680098469585, -2.1309707428662694], [-48.620656512272824, -2.1310572208337746], [-48.62060952106051, -2.1311122025500717], [-48.62060350437821, -2.1311990445644584]], [[-48.62030439573053, -2.1286692937641862], [-48.620156629652755, -2.128589230309226], [-48.61995835950931, -2.128512717239658], [-48.6134694157584, -2.1260912886256236], [-48.61266168308531, -2.1282800111781235], [-48.620019425184225, -2.131027582071822], [-48.620121934668404, -2.131033994381039], [-48.62018920706871, -2.130864549274344], [-48.620211055555494, -2.1307303170036365], [-48.62023893782698, -2.1306161337028144], [-48.620312353710865, -2.130534518324156], [-48.62031745976302, -2.1303921042695904], [-48.62036684941718, -2.130280585791271], [-48.62043201576351, -2.1301246478969724], [-48.62051162696342, -2.129957845974423], [-48.62058400176602, -2.12980554805877], [-48.62064568351564, -2.129569770689497], [-48.62056507783239, -2.1295076804334467], [-48.620518304010105, -2.129421093153623], [-48.62059561933039, -2.129286645095767], [-48.62062101896959, -2.129188706450802], [-48.62065179743392, -2.1290359171542423], [-48.62059729029682, -2.128894263114955], [-48.620448873458166, -2.1288153829776784], [-48.62030439573053, -2.1286692937641862]]]}, "properties": {"id": 224, "Parcela": "J-141", "ANO": 1984, "Ha": 24.37, "PLANTAS": 3621, "VARIEDADE": "PB-121", "Rot_labels": -15}}, {"type": "Feature", "geometry": {"type": "Polygon", "coordinates": [[[-48.628274997597636, -2.138731718687427], [-48.62830754497575, -2.13867733672546], [-48.62903923996806, -2.13668261219337], [-48.629060932564244, -2.1366499863198665], [-48.62903937917408, -2.1365918914031616], [-48.629004955867785, -2.136565201715104], [-48.62323537893222, -2.134380170141943], [-48.62056764750261, -2.1334071246247954], [-48.61989946245874, -2.1353109881748735], [-48.61987588800305, -2.135389601059391], [-48.61992268579192, -2.13546045863006], [-48.61998510706383, -2.13553920550975], [-48.62006320025587, -2.1355943819257517], [-48.62019596959749, -2.1356811033881926], [-48.62030537032277, -2.135712733698109], [-48.62040692904794, -2.135760081716162], [-48.62054057757005, -2.1358666440578102], [-48.628274997597636, -2.138731718687427]]]}, "properties": {"id": 195, "Parcela": "I-133", "ANO": 1983, "Ha": 25.7, "PLANTAS": 3681, "VARIEDADE": "PB-121", "Rot_labels": -15}}, {"type": "Feature", "geometry": {"type": "Polygon", "coordinates": [[[-48.62743830182154, -2.1409802956391206], [-48.62746364075572, -2.140922273721949], [-48.628184407895745, -2.139000111821117], [-48.62818641775812, -2.1388658479439844], [-48.62819912897643, -2.1388096207238734], [-48.62819200681143, -2.1387497338219], [-48.62187239789087, -2.1364065610327163], [-48.62061765851232, -2.135988494028201], [-48.620590169077694, -2.136071033335406], [-48.62063300957515, -2.1361733446404565], [-48.620718835876374, -2.1362835878978483], [-48.620765591332784, -2.136381972832544], [-48.62085928994206, -2.136456836021623], [-48.62099202309914, -2.1365671523942784], [-48.62114037978419, -2.136685358090075], [-48.62124963534749, -2.136811367837712], [-48.62126519830961, -2.1368585819041708], [-48.62126500455663, -2.1369844211106086], [-48.62124129680866, -2.1371495485169145], [-48.62118618455759, -2.1374011416251673], [-48.62110770361045, -2.1375976435019997], [-48.621068457063146, -2.137699826904881], [-48.62104485824394, -2.137794169729292], [-48.620974195023855, -2.137990683745381], [-48.620934912078745, -2.1381164619683197], [-48.62088776282731, -2.1382736877832307], [-48.62082329879029, -2.1383862615930482], [-48.62079787039789, -2.1385023441234026], [-48.62743830182154, -2.1409802956391206]], [[-48.619270025097215, -2.1379152746557604], [-48.61942447532959, -2.1379195909539424], [-48.61947149014975, -2.137839830378616], [-48.61950095035032, -2.1377209772235326], [-48.61951675567364, -2.1376108924518005], [-48.61956943443591, -2.1374807304757018], [-48.61955156692719, -2.137371838149409], [-48.619512040296286, -2.137273798489108], [-48.619458779746004, -2.1371841279908907], [-48.61946183229618, -2.1370850217995954], [-48.61943313241947, -2.13698337022144], [-48.61941522015695, -2.1369035083593095], [-48.61934322443017, -2.1368090468980636], [-48.61897736248342, -2.1378136576863693], [-48.619270025097215, -2.1379152746557604]]]}, "properties": {"id": 194, "Parcela": "I-132", "ANO": 1983, "Ha": 21.49, "PLANTAS": 3014, "VARIEDADE": "PB-121", "Rot_labels": -15}}, {"type": "Feature", "geometry": {"type": "Polygon", "coordinates": [[[-48.62665763336345, -2.1431491223691093], [-48.627382079299025, -2.1411834228879774], [-48.627364552028546, -2.1410109649828626], [-48.62104112907102, -2.138644247475727], [-48.6209184371673, -2.1386610852534003], [-48.620894717040755, -2.1388340775283745], [-48.620855409747044, -2.1389755856122568], [-48.620761329213344, -2.1391484680931594], [-48.62070632560597, -2.139329276487235], [-48.620667018237256, -2.139470784531776], [-48.620643455635914, -2.139541532450183], [-48.620611990312284, -2.1396673227891183], [-48.620588367050864, -2.1397773954314485], [-48.62057247668716, -2.1399425348953316], [-48.62054108410063, -2.1400211355409415], [-48.62047839596168, -2.1401154172547723], [-48.62041571994405, -2.1402018340121174], [-48.620337408275546, -2.1402882263459304], [-48.62025904805991, -2.1404060784428225], [-48.620204201966125, -2.1404846424281843], [-48.620125878129784, -2.1405788996648103], [-48.62006409894374, -2.140667602863634], [-48.620035152816136, -2.1407256187160444], [-48.62008560134158, -2.1407583568584836], [-48.620215382935264, -2.140805734174782], [-48.62225568030182, -2.141654434974379], [-48.62658902039685, -2.1431998190491846], [-48.62665763336345, -2.1431491223691093]], [[-48.61910163623278, -2.1403731146600586], [-48.61933414281911, -2.1396974353004645], [-48.61925175115324, -2.1396258744168075], [-48.619122860429655, -2.1395588210027334], [-48.61900186034831, -2.139444590176301], [-48.618919955391526, -2.139326487934063], [-48.618873254841546, -2.139192710764306], [-48.61885389234077, -2.1390747061998368], [-48.61886972209072, -2.1389488916312995], [-48.61889487356101, -2.1388817426474946], [-48.61885428060761, -2.13882302823675], [-48.61879575626792, -2.1387521522681276], [-48.61873463823564, -2.1386899471496514], [-48.618618779273234, -2.1387723936431486], [-48.61855100778307, -2.1389400471862907], [-48.61834513749944, -2.139493077921966], [-48.618313553448026, -2.139663733797465], [-48.61821767277771, -2.139838411395421], [-48.618165099604056, -2.1400373860631086], [-48.61910163623278, -2.1403731146600586]]]}, "properties": {"id": 193, "Parcela": "I-131", "ANO": 1983, "Ha": 21.26, "PLANTAS": 2954, "VARIEDADE": "PB-121", "Rot_labels": -15}}, {"type": "Feature", "geometry": {"type": "Polygon", "coordinates": [[[-48.61970927524276, -2.1309908116494096], [-48.61956124853848, -2.1309229793045956], [-48.61265071682568, -2.128374342825988], [-48.61203486371728, -2.1301006900905266], [-48.612154718062165, -2.1301764546902664], [-48.61898971924778, -2.132741782678336], [-48.6190357638233, -2.13266111807206], [-48.61912963808826, -2.132622876632274], [-48.61915152590887, -2.132463242871741], [-48.61925514531849, -2.1323468612354106], [-48.61934909163713, -2.132260492895326], [-48.61938834980236, -2.13215044456235], [-48.61946687818358, -2.1319224829334864], [-48.619521832301125, -2.1317731341981543], [-48.619584604166675, -2.1316237976096017], [-48.61962922329378, -2.131444289121125], [-48.61963190967574, -2.1313643275026304], [-48.61971026867667, -2.1312464749624516], [-48.61971823146747, -2.131152107815349], [-48.61970927524276, -2.1309908116494096]], [[-48.62080712963525, -2.13248577734333], [-48.62086133016938, -2.132424171724453], [-48.62119097641358, -2.1315102218135205], [-48.62085931201321, -2.131389955208152], [-48.620830333016706, -2.131469744172372], [-48.62081937809817, -2.1315568187921996], [-48.620790387938676, -2.131643865369723], [-48.620779455305126, -2.1317164247451714], [-48.620779360533035, -2.131778114515092], [-48.620804537389304, -2.1318253283054776], [-48.62077187325596, -2.1319559149865093], [-48.62073206191941, -2.132042944723262], [-48.620699470245526, -2.1321263568633855], [-48.620652400185215, -2.1322424058456613], [-48.62062341554074, -2.1323258235846616], [-48.620515170643294, -2.132347428125851], [-48.62044293487648, -2.1324090056651075], [-48.62036710879035, -2.1324596911564804], [-48.620320127926455, -2.1325176791486324], [-48.62032724161792, -2.1325830089294366], [-48.62035241285967, -2.1326338515348575], [-48.620384798198046, -2.1326847053654174], [-48.62045332095945, -2.132692069607401], [-48.62054345812714, -2.132717611562957], [-48.62058662557582, -2.132793883899391], [-48.620608195355494, -2.132841092092652], [-48.62061891051798, -2.132910056308677], [-48.62063685093393, -2.132971774130617], [-48.620672999524764, -2.1329210269152], [-48.62080712963525, -2.13248577734333]]]}, "properties": {"id": 200, "Parcela": "I-144", "ANO": 1983, "Ha": 18.1, "PLANTAS": 2575, "VARIEDADE": "PB-121", "Rot_labels": -15}}, {"type": "Feature", "geometry": {"type": "Polygon", "coordinates": [[[-48.61885153736022, -2.1351989012940846], [-48.61895264093761, -2.135130111414438], [-48.61899970022151, -2.135021320341802], [-48.618954185025544, -2.1348710438002665], [-48.618935209136744, -2.1347381723706875], [-48.61891372327513, -2.1346365321089333], [-48.61888436986584, -2.134517011991211], [-48.61890321497398, -2.1344333021736186], [-48.61886900066709, -2.1343439590173365], [-48.61886915805584, -2.134241714837494], [-48.61886936386048, -2.1341080109098045], [-48.61888522942267, -2.133958601463757], [-48.618915041487, -2.1337801341439895], [-48.61882869574594, -2.1336348471152804], [-48.618784227700864, -2.13354946645141], [-48.61880015371439, -2.133360732325023], [-48.61883164264576, -2.133219212161903], [-48.618855277481764, -2.1331012746292766], [-48.61894509829967, -2.132999986002623], [-48.61896680755828, -2.132956474037354], [-48.618988600544704, -2.132858529992451], [-48.61887339742321, -2.1327539755013816], [-48.6183515390178, -2.132567550855567], [-48.612028465298394, -2.130180831391965], [-48.611951712150756, -2.130223939465481], [-48.61115491658276, -2.132331025486065], [-48.61874694409094, -2.1351914806410104], [-48.61885153736022, -2.1351989012940846]]]}, "properties": {"id": 199, "Parcela": "I-143", "ANO": 1983, "Ha": 22.32, "PLANTAS": 3179, "VARIEDADE": "PB-121", "Rot_labels": -15}}, {"type": "Feature", "geometry": {"type": "Polygon", "coordinates": [[[-48.64049979509599, -2.1320698194654524], [-48.64084201752516, -2.1311830881311353], [-48.64087107877944, -2.1310488646766337], [-48.64092540075277, -2.1309074224014295], [-48.6410049668635, -2.130769647884311], [-48.64123327455481, -2.1300732561481635], [-48.64118826868495, -2.1300187537399267], [-48.633311392069054, -2.1269873963283317], [-48.63318511146279, -2.127008974554038], [-48.63286050299601, -2.1269903292931596], [-48.63286392743195, -2.1271100866516703], [-48.632889116029375, -2.1271500428908294], [-48.632925015140216, -2.127262592680906], [-48.63306566314806, -2.127280954044395], [-48.63304758352742, -2.127309956946097], [-48.632975187543316, -2.127476772336996], [-48.632909472004435, -2.1274022794432184], [-48.63283535826531, -2.1275128449694884], [-48.632822628346226, -2.127581773476331], [-48.63284422370639, -2.127612652048969], [-48.63295438047277, -2.127520286426029], [-48.63290280259896, -2.1276363300222156], [-48.632776012601774, -2.127991761601431], [-48.632700253063085, -2.127998902305041], [-48.632689354332776, -2.128049689376311], [-48.63273979240041, -2.128089684625327], [-48.63271790079071, -2.128252949077858], [-48.63284794123894, -2.128261400941752], [-48.63289465619644, -2.1283873136722575], [-48.63291791765329, -2.1285131901840875], [-48.63291777361631, -2.1286075703999563], [-48.63293331325529, -2.1286705146960214], [-48.63287069856319, -2.128717608192414], [-48.63279972543228, -2.128733228626173], [-48.632854018079314, -2.1290164537983403], [-48.63285370945355, -2.129078722343355], [-48.632868021410836, -2.1291549503187857], [-48.63293284900772, -2.129220369795198], [-48.635247263364, -2.1300948696504713], [-48.64049979509599, -2.1320698194654524]], [[-48.632529048029454, -2.129094550520981], [-48.632597892633235, -2.1288914413064517], [-48.632565761069415, -2.12874466472839], [-48.63257315829123, -2.128553920052919], [-48.63253720390205, -2.1284776586636514], [-48.63246463949084, -2.128410244551922], [-48.63240616783072, -2.1283039762697404], [-48.632410184781186, -2.12823319717202], [-48.63241807463147, -2.1281860191572246], [-48.6324455750664, -2.1280956137464777], [-48.63241824267611, -2.1280759089447128], [-48.63236727075239, -2.1281780756478312], [-48.63234370923249, -2.128248824551852], [-48.632312275856876, -2.1283549539413102], [-48.63225345005396, -2.128480703586662], [-48.63208207597064, -2.1288942730996445], [-48.632529048029454, -2.129094550520981]]]}, "properties": {"id": 218, "Parcela": "J-123", "ANO": 1981, "Ha": 23.42, "PLANTAS": 2932, "VARIEDADE": "PB-111", "Rot_labels": -15}}, {"type": "Feature", "geometry": {"type": "Polygon", "coordinates": [[[-48.63969935288859, -2.1342150604751837], [-48.6397463282722, -2.134160699989827], [-48.64048526992997, -2.132133302298408], [-48.633094970651854, -2.1293494444957033], [-48.63300120335545, -2.1293384130630186], [-48.63292552129357, -2.1292947499139454], [-48.63282790316197, -2.1294433819479672], [-48.63286024492832, -2.1295232666386563], [-48.63293959500955, -2.1295270181108896], [-48.63293217031277, -2.1296649029668484], [-48.63295722589507, -2.129791951466792], [-48.633064391471464, -2.129866202834926], [-48.63307207720284, -2.129952730123155], [-48.633095362580804, -2.130062876634857], [-48.63312644177373, -2.130188765271435], [-48.63313319675102, -2.130300262595649], [-48.63312577199033, -2.130438147466476], [-48.633149366769885, -2.130534862364012], [-48.63322735300654, -2.130660823530244], [-48.633234966618936, -2.1307945409489073], [-48.633187927383204, -2.130880983641038], [-48.633156583908075, -2.1309281254061756], [-48.63316418547368, -2.131069707838543], [-48.63320309446751, -2.1311877435708837], [-48.63327333493674, -2.1312665025674526], [-48.63330445011485, -2.131368796182253], [-48.63328086437635, -2.1314552751311377], [-48.63325721853877, -2.1315810791747065], [-48.63325708633361, -2.1316675943904677], [-48.63324635023393, -2.131788266628462], [-48.63969935288859, -2.1342150604751837]], [[-48.63277056520318, -2.131558913073941], [-48.63281951516375, -2.1315174818836744], [-48.632900708398246, -2.1313704141523977], [-48.63292978683089, -2.1312253050985657], [-48.6328830667152, -2.1311127384755215], [-48.63290139041845, -2.1309240665796647], [-48.63280416567493, -2.1308150507228842], [-48.63281872703915, -2.13072798082906], [-48.632766148271465, -2.1306286503277394], [-48.63275068080052, -2.1305185159160147], [-48.6327903915277, -2.1303868250810356], [-48.63276537480663, -2.1302343746916494], [-48.6327583657351, -2.1301000963952728], [-48.63270440926293, -2.1300020340324597], [-48.63263444635182, -2.129841943205956], [-48.63261119703386, -2.1297082016791418], [-48.632622111594095, -2.129566444820797], [-48.632596005743586, -2.1294171719181456], [-48.63273420791034, -2.1293851755526325], [-48.63276326395032, -2.1292545818413156], [-48.63200262068888, -2.128959469577701], [-48.63122402296996, -2.130972275735182], [-48.63277056520318, -2.131558913073941]]]}, "properties": {"id": 217, "Parcela": "J-122", "ANO": 1981, "Ha": 23.7, "PLANTAS": 3080, "VARIEDADE": "PB-121", "Rot_labels": -15}}, {"type": "Feature", "geometry": {"type": "Polygon", "coordinates": [[[-48.638894563079134, -2.1362514258265044], [-48.6389993021802, -2.136164494982766], [-48.63906083361488, -2.136026693186314], [-48.63910798094953, -2.135859838205272], [-48.63926374591912, -2.1354282437939083], [-48.63931806303221, -2.1352904307784146], [-48.639336225982746, -2.1352069948961043], [-48.63935428366302, -2.135192507329447], [-48.63941219676412, -2.1350619575832623], [-48.63970196685491, -2.1342749408396244], [-48.63359142596439, -2.1319865727871097], [-48.63354561368966, -2.13214780804078], [-48.63348289054204, -2.132265686610882], [-48.6334573483265, -2.1323891679872347], [-48.633403092329104, -2.1324870630517254], [-48.6334065052538, -2.1326140781486127], [-48.63348573902177, -2.1326940354857125], [-48.63355413490608, -2.132784862615817], [-48.63355035029429, -2.1329009800326935], [-48.633755409486184, -2.132989691921347], [-48.63380212426438, -2.1331156048600914], [-48.63376259678919, -2.1332750802762943], [-48.63381739923982, -2.1333515797331937], [-48.633780360331876, -2.133452921554671], [-48.63389536140465, -2.1334932711275187], [-48.633910816738414, -2.1336112706716834], [-48.63391064836243, -2.1337213809956226], [-48.633918333926026, -2.1338079083501915], [-48.6340041620604, -2.1339181517807337], [-48.634043095029284, -2.134020457592223], [-48.634031851931965, -2.1341101332235155], [-48.63411317918168, -2.1342014620549397], [-48.63413648843866, -2.13429587865137], [-48.63417538531275, -2.134421779553209], [-48.634204270616124, -2.134582151111953], [-48.63720001801588, -2.1357298774438647], [-48.63870336988977, -2.136262016776198], [-48.63878273728201, -2.136254881775977], [-48.638894563079134, -2.1362514258265044]], [[-48.63044781772659, -2.133186483734384], [-48.63057394871534, -2.1332628849123796], [-48.63356969516324, -2.1344033548133416], [-48.63359302784301, -2.1343727045635235], [-48.63362022213808, -2.1343852887874513], [-48.633685221872604, -2.134338214346485], [-48.633692547071384, -2.1342656486363163], [-48.633634861439525, -2.134247415061966], [-48.63364582702768, -2.1341530818753767], [-48.63360623789297, -2.134094958945624], [-48.63351616621011, -2.1340258713061044], [-48.633429657215245, -2.133985820001215], [-48.633363024995525, -2.133964349537525], [-48.633308456364176, -2.133862019553556], [-48.63334769004115, -2.1337676998321378], [-48.63338672189267, -2.133757135864444], [-48.63342654968515, -2.133659218518556], [-48.63343750414058, -2.133572143029073], [-48.633397931659964, -2.1335031335892043], [-48.633344129970546, -2.1335396082035434], [-48.63334124037419, -2.1335120760958035], [-48.63336188301724, -2.1334885623828614], [-48.63332464546439, -2.133500252850432], [-48.63335833698147, -2.133448639524836], [-48.63337289295991, -2.1333651984644786], [-48.63324674352642, -2.1333192363883424], [-48.63324682772321, -2.1332641812526467], [-48.633239130142414, -2.133185518958642], [-48.633176647417486, -2.1331460970614966], [-48.63316109589541, -2.1330910177286295], [-48.63314550829069, -2.1330595334532934], [-48.633122138910934, -2.1330044420225955], [-48.63311441727029, -2.132941509773596], [-48.63317880966876, -2.132907662789454], [-48.633225884841856, -2.132787983545079], [-48.63311040273019, -2.132824093346388], [-48.63305210292949, -2.1327919776294357], [-48.633045697205354, -2.1326788391704645], [-48.63305674593044, -2.1325300733782053], [-48.63299192943518, -2.132457396063632], [-48.632888493207616, -2.1324220677270396], [-48.63292357798867, -2.1323375382248417], [-48.632904381426385, -2.1322569265540916], [-48.6329124517716, -2.132091773281273], [-48.63296737886014, -2.1320001228782206], [-48.63300349403178, -2.131971147943617], [-48.6330252529894, -2.131894975735729], [-48.63302893771944, -2.131844177522731], [-48.63302186776405, -2.1317498164620945], [-48.6329714185721, -2.1317170787665156], [-48.631208568070015, -2.131053900858176], [-48.63044781772659, -2.133186483734384]]]}, "properties": {"id": 216, "Parcela": "J-121", "ANO": 1981, "Ha": 23.38, "PLANTAS": 3108, "VARIEDADE": "PB-121", "Rot_labels": -15}}, {"type": "Feature", "geometry": {"type": "Polygon", "coordinates": [[[-48.6379118534973, -2.1396392645086832], [-48.63848458611501, -2.1378039460833533], [-48.638637105453256, -2.13713647088209], [-48.638559061009914, -2.137119395745705], [-48.638473100091666, -2.1370956675498642], [-48.63839884199494, -2.1370876875925635], [-48.63826788303884, -2.1370933837677146], [-48.63799422026521, -2.1371165555031575], [-48.6378221301537, -2.1371792096970577], [-48.63770471726232, -2.137273408736232], [-48.637626429966765, -2.1373440731256554], [-48.63757153622955, -2.1374540990270923], [-48.63746594640481, -2.1374853958168503], [-48.637422863719536, -2.1375403845500593], [-48.637438343123776, -2.1376426543139697], [-48.6373523341453, -2.1376503862112464], [-48.63725065326684, -2.137681689018295], [-48.6372271273596, -2.1377288429528165], [-48.63712548258146, -2.13773655061969], [-48.63705504925086, -2.1377836319079253], [-48.63689841438529, -2.137964285681543], [-48.636827969004734, -2.138019231979132], [-48.636507398906964, -2.13804233058351], [-48.636358870830605, -2.1380342354323707], [-48.63627291004765, -2.138010507093591], [-48.636171325513814, -2.1379788894927563], [-48.63606189901245, -2.1379629898471104], [-48.63600131331202, -2.1379609297135294], [-48.63590542064358, -2.1380413979250896], [-48.63581935151857, -2.1380884548703105], [-48.635704028502296, -2.138094174948936], [-48.63562381979065, -2.138143207217701], [-48.63551416448719, -2.138276743130747], [-48.635396739447735, -2.138378806771286], [-48.63531064621548, -2.1384415937104664], [-48.635224709592, -2.1384021352450007], [-48.63509765373199, -2.1384117695843914], [-48.63500764553122, -2.1384784829449437], [-48.634966466033546, -2.1385669008813215], [-48.63487253079668, -2.1386454056984014], [-48.634841174864434, -2.1387004124028515], [-48.63483993356369, -2.138763576614289], [-48.63781799640824, -2.139686294309257], [-48.6379118534973, -2.1396392645086832]], [[-48.63438561695123, -2.1386467486835934], [-48.63511532924654, -2.1366139815367373], [-48.62986623386739, -2.134762389667633], [-48.62907882442542, -2.136784171457703], [-48.62915809110643, -2.1368423560127088], [-48.631670899100925, -2.1377135510009695], [-48.63438561695123, -2.1386467486835934]], [[-48.63511747386935, -2.1365431469892666], [-48.63517524294004, -2.136506947905777], [-48.63521868913661, -2.1364017783596663], [-48.635197157623516, -2.1363291678827103], [-48.63511427217115, -2.1362782355246024], [-48.63505296821282, -2.136267254009835], [-48.634988068269664, -2.1362490092121744], [-48.63491336602167, -2.136228933285111], [-48.63486653094226, -2.136181670461604], [-48.63481193816414, -2.1360950703909314], [-48.634718219876305, -2.136032004865327], [-48.634686948352986, -2.1360319564302848], [-48.63459327822488, -2.1359374307997716], [-48.63450748616689, -2.1358035921533363], [-48.634476419259194, -2.1356698382745263], [-48.63438273712047, -2.135583177695316], [-48.634332676829615, -2.1355294808525778], [-48.6343653183397, -2.135413408067363], [-48.634203311102176, -2.1353312184161766], [-48.63426457520619, -2.1352463247641684], [-48.634189048399065, -2.1351010536492425], [-48.634062972373414, -2.134988363953683], [-48.63394770097888, -2.1348865775589827], [-48.63379634761359, -2.134791993003955], [-48.633727929535965, -2.1347156811476404], [-48.633724500114894, -2.134599552552045], [-48.63368139272367, -2.1344833625198927], [-48.633598418614106, -2.1344904917449563], [-48.63349394078984, -2.1344068663640945], [-48.630433289414356, -2.1332517804146023], [-48.629929710072425, -2.134684392834468], [-48.63511747386935, -2.1365431469892666]]]}, "properties": {"id": 192, "Parcela": "I-124", "ANO": 1982, "Ha": 29.18, "PLANTAS": 4118, "VARIEDADE": "PB-121", "Rot_labels": -15}}, {"type": "Feature", "geometry": {"type": "Polygon", "coordinates": [[[-48.637241046710045, -2.1419171501568317], [-48.63789359572742, -2.1397843907568928], [-48.63449891600808, -2.1388473512128394], [-48.63441266604381, -2.139012383361857], [-48.634365505520556, -2.1391774761270965], [-48.63431834496929, -2.139342568879213], [-48.63431034621625, -2.139460532122181], [-48.63427109998309, -2.139562716790449], [-48.634200630389095, -2.139633392827686], [-48.63412233083265, -2.139711921745611], [-48.63405181298212, -2.139814057853849], [-48.63399687060231, -2.139955543332043], [-48.63395752780561, -2.140120648136288], [-48.633894731288564, -2.1402857165189397], [-48.63383204332941, -2.140379999685681], [-48.63373814409754, -2.140434909178715], [-48.63365974792242, -2.1405763581682433], [-48.63359240668333, -2.140768396728874], [-48.637241046710045, -2.1419171501568317]], [[-48.63321742408609, -2.140666206499873], [-48.63324282414596, -2.1405682669694075], [-48.6331790740131, -2.1404930287996673], [-48.63319248066246, -2.1404665809514993], [-48.633210544004555, -2.1404484647493858], [-48.63325738062226, -2.140484825999405], [-48.63329705594101, -2.140486702041373], [-48.633304434401026, -2.140379662386017], [-48.63328103248424, -2.140280831131339], [-48.63335135733312, -2.1403045354486174], [-48.63339464531258, -2.1403580293642492], [-48.633470539172926, -2.1402637970678016], [-48.633557399057004, -2.140075231630947], [-48.633586497439246, -2.13991164859633], [-48.63367689533437, -2.1397742224052787], [-48.633759958803154, -2.1397090319912744], [-48.63385325865543, -2.139290724459359], [-48.63389246870306, -2.139212134892146], [-48.6339161273618, -2.1390784659004556], [-48.63393188371606, -2.1389998399334127], [-48.63396331201538, -2.1388976431535474], [-48.63401225521182, -2.138844630051316], [-48.63404159942845, -2.1388269792292447], [-48.6340806406643, -2.138858499962968], [-48.63411192428617, -2.1388506834507335], [-48.63413344759846, -2.1388349867541603], [-48.63412768061751, -2.1387720574676896], [-48.63411803783772, -2.1386874933028843], [-48.63403780309596, -2.1386266434614516], [-48.62904824608183, -2.136887938867326], [-48.62832884852202, -2.1389385364679523], [-48.63321742408609, -2.140666206499873]]]}, "properties": {"id": 191, "Parcela": "I-123", "ANO": 1982, "Ha": 23.95, "PLANTAS": 3184, "VARIEDADE": "PB-121", "Rot_labels": -15}}, {"type": "Feature", "geometry": {"type": "Polygon", "coordinates": [[[-48.63723194826446, -2.1419697545340664], [-48.63352253041905, -2.1408396238913814], [-48.63346774478242, -2.140878863995392], [-48.63342071367282, -2.140959407590207], [-48.633393224284205, -2.1410419477925906], [-48.63337360409155, -2.1410910738034876], [-48.63335785964799, -2.141161834687848], [-48.63333428522766, -2.141240448444222], [-48.63327939090914, -2.1413504736887194], [-48.63324793820201, -2.1414684003819797], [-48.63323216958157, -2.141554891290887], [-48.63320851060002, -2.141688560159213], [-48.63317702162383, -2.1418300818910967], [-48.63313772680382, -2.141963726447341], [-48.633106286103136, -2.1420737880930316], [-48.63308267537185, -2.142175996867315], [-48.633082554578735, -2.1422546470426167], [-48.63303546595912, -2.1423725493866863], [-48.63301183103552, -2.142490488183353], [-48.63303511560767, -2.1426006348864224], [-48.6330428126932, -2.1426792972135167], [-48.63305824310207, -2.1428130268180765], [-48.633065891844794, -2.1429231492168133], [-48.63318673505295, -2.1430339840856623], [-48.63648928329275, -2.144058825239061], [-48.63658306833874, -2.1440589709301032], [-48.63723194826446, -2.1419697545340664]], [[-48.63289449147981, -2.1429675285317398], [-48.63290208594133, -2.1428303258431183], [-48.6328336203112, -2.142720263388762], [-48.632819418022336, -2.1426378682477356], [-48.63277136103582, -2.142535338268318], [-48.632783625724045, -2.142456370101148], [-48.63274819730265, -2.1423465414272775], [-48.63279826596541, -2.142318496566333], [-48.63275237808136, -2.142169584652686], [-48.63285271251758, -2.142097221356865], [-48.63288527676451, -2.1420319526734724], [-48.632830895324, -2.1419494857351262], [-48.63283867423084, -2.1418431800319833], [-48.6329145849854, -2.1417380613599155], [-48.63296530730254, -2.141592986174212], [-48.632990824455995, -2.141418841006154], [-48.63294919034318, -2.141281141578699], [-48.63297282514972, -2.1411632027659446], [-48.63302739685509, -2.141092301283895], [-48.633081547934104, -2.1410633546073], [-48.63312956941592, -2.140911765118645], [-48.633145325923344, -2.1408331392272393], [-48.63326242652561, -2.1407225235900125], [-48.633114602232716, -2.1406787477730207], [-48.628316159605255, -2.138980248374869], [-48.62750857686821, -2.1410619441405117], [-48.627557217183956, -2.1411412195784005], [-48.63289449147981, -2.1429675285317398]]]}, "properties": {"id": 190, "Parcela": "I-122", "ANO": 1982, "Ha": 25.35, "PLANTAS": 3281, "VARIEDADE": "PB-121", "Rot_labels": -15}}, {"type": "Feature", "geometry": {"type": "Polygon", "coordinates": [[[-48.57908418606018, -2.1660922993689673], [-48.57985943980658, -2.1639816372117835], [-48.57967204779639, -2.1638724751048595], [-48.571452896777245, -2.160832932483376], [-48.571294224101784, -2.160810905097515], [-48.570533340140514, -2.1629578613022287], [-48.578911106903796, -2.1660557340620423], [-48.57908418606018, -2.1660922993689673]]]}, "properties": {"id": 99, "Parcela": "E-171", "ANO": 1985, "Ha": 25.92, "PLANTAS": 4010, "VARIEDADE": "PB-121", "Rot_labels": -15}}, {"type": "Feature", "geometry": {"type": "Polygon", "coordinates": [[[-48.57991895237299, -2.1640349484744297], [-48.57914007425618, -2.166156491016056], [-48.587496245570144, -2.169276092970124], [-48.587601016742774, -2.1691710279164935], [-48.5876516764458, -2.169069504769846], [-48.58761010790868, -2.169005134939708], [-48.58761812512677, -2.1688793114387925], [-48.58763191218566, -2.1688124829852704], [-48.5875869911232, -2.1687927490041323], [-48.58751651894227, -2.168863418918176], [-48.58744412347476, -2.1689144238074793], [-48.587408968408035, -2.1688986378717208], [-48.58739143450532, -2.168863218274362], [-48.58737593607193, -2.168776680930231], [-48.58737816208496, -2.1686771633427004], [-48.58729902563401, -2.16853914473789], [-48.58719823542208, -2.1684083488703365], [-48.587039709524454, -2.1682919753234016], [-48.586868591016085, -2.168264657099084], [-48.586765861819075, -2.168110099731861], [-48.586643475437974, -2.1679502394608834], [-48.58649398628247, -2.167855088343043], [-48.58643161865426, -2.167744881585639], [-48.58644921279345, -2.1676233425332856], [-48.58639282895868, -2.1675560649960284], [-48.5863616576074, -2.1674930968797126], [-48.586299252592035, -2.1674064843789687], [-48.586182036003606, -2.16737483732972], [-48.58613129533035, -2.167327567365903], [-48.5861078981303, -2.1672921384032837], [-48.58611974317074, -2.1672174421421757], [-48.586127710481215, -2.167123077750891], [-48.58616688651798, -2.1670680872255175], [-48.586198319556466, -2.166965895692816], [-48.5862217728376, -2.1669659333000055], [-48.58622194728407, -2.1668558268748734], [-48.58615952980892, -2.16677707915034], [-48.58605008118578, -2.1667769036577695], [-48.58593287711905, -2.166737391906293], [-48.58575308116818, -2.1667292388291552], [-48.585674903605295, -2.166729113459802], [-48.58565934286638, -2.1666818999370676], [-48.58560471827457, -2.1666188942487867], [-48.58555004383869, -2.166587347526663], [-48.585440570353235, -2.166602901485437], [-48.58538584607596, -2.1666028137210773], [-48.58533892709107, -2.166610603232436], [-48.58512804718714, -2.1664844288733196], [-48.58513595218296, -2.166429388243263], [-48.585210381641275, -2.166365817138242], [-48.58513124540098, -2.1662277987720264], [-48.585097212386586, -2.1662091128832537], [-48.58509739931485, -2.166091141810574], [-48.585097474083305, -2.166043953381443], [-48.58500203616982, -2.165821174684012], [-48.580027174317586, -2.1640278648040736], [-48.57991895237299, -2.1640349484744297]]]}, "properties": {"id": 95, "Parcela": "E-161", "ANO": 1985, "Ha": 21.11, "PLANTAS": 3135, "VARIEDADE": "PB-121", "Rot_labels": -15}}, {"type": "Feature", "geometry": {"type": "Polygon", "coordinates": [[[-48.579924492696556, -2.1639019100653782], [-48.579965574447655, -2.1638023305153395], [-48.579939496312114, -2.1635390632930274], [-48.579891469822485, -2.1634491774154774], [-48.57981697205404, -2.1633438987385896], [-48.57970886334076, -2.1632460774860305], [-48.579600796336514, -2.1631219665375045], [-48.57948144032837, -2.1630541726997548], [-48.5793657877809, -2.1630051632132736], [-48.579306187225335, -2.162922442570809], [-48.57924659263012, -2.1628359662622225], [-48.5791495288044, -2.162835810465233], [-48.57909672565327, -2.1627429321752643], [-48.57916910370802, -2.162587105403119], [-48.57925593660585, -2.1624203242487225], [-48.57933560147758, -2.162224501909703], [-48.5794658219425, -2.161992473577429], [-48.57950560822331, -2.1619387741484775], [-48.57945881499672, -2.161861828870855], [-48.579442262955936, -2.1617603960571685], [-48.57953828420283, -2.161789382201816], [-48.57956568504496, -2.161721040998365], [-48.57954342261474, -2.161634624615829], [-48.57958816175895, -2.1616722531913526], [-48.579637917225284, -2.1616270095459766], [-48.57968887543641, -2.1617249942760917], [-48.57977080558221, -2.1616350874088117], [-48.579856762849246, -2.16165881945129], [-48.57987227361065, -2.1617374916086702], [-48.579972439700526, -2.1618268525029287], [-48.580020872171374, -2.161698406284251], [-48.58013816256258, -2.161682864920066], [-48.580239705412595, -2.1617380808648425], [-48.58025516634661, -2.161848211882996], [-48.580247149247974, -2.161974034711213], [-48.58036789368295, -2.1619964924618396], [-48.58040902462274, -2.1619552459009608], [-48.5804427413063, -2.1618799716046095], [-48.580544533407306, -2.161777893314727], [-48.58061478638501, -2.1616814108941234], [-48.57216710945648, -2.158544379283409], [-48.572109265278314, -2.1586277461687065], [-48.571344923754616, -2.160683982669225], [-48.57135925940079, -2.1607420647009214], [-48.579924492696556, -2.1639019100653782]]]}, "properties": {"id": 100, "Parcela": "E-172", "ANO": 1985, "Ha": 24.16, "PLANTAS": 3729, "VARIEDADE": "PB-121", "Rot_labels": -15}}, {"type": "Feature", "geometry": {"type": "Polygon", "coordinates": [[[-48.611140410223314, -2.1593349706649114], [-48.61174938680803, -2.157423559250228], [-48.61169910851347, -2.1572819568817936], [-48.610314793927664, -2.1567644815978433], [-48.610220742502776, -2.156893890325459], [-48.610204922608794, -2.1570118388889794], [-48.61015776990333, -2.1571690624512714], [-48.6101263634103, -2.1572555267559483], [-48.61011050662673, -2.157397069957943], [-48.61005560971373, -2.15750709183167], [-48.61003974061125, -2.1576564999058845], [-48.60982899444517, -2.158029924930653], [-48.609741396608804, -2.15846611308139], [-48.60963613986291, -2.1587475862873386], [-48.609806292528376, -2.158924668065074], [-48.610037676124755, -2.158977800350289], [-48.61012352504546, -2.1590723149855617], [-48.61106461038287, -2.1593675099248317], [-48.611140410223314, -2.1593349706649114]], [[-48.61182561124095, -2.1571188609546987], [-48.611912385066944, -2.1569883613995735], [-48.61218419550465, -2.156168682937127], [-48.61213944786794, -2.156014084231223], [-48.61159240676109, -2.1558795172597613], [-48.61142826872641, -2.1558556634235893], [-48.611326612159765, -2.1558712327662604], [-48.61120539257588, -2.155898568579284], [-48.611080282478696, -2.155914100871207], [-48.611013701943406, -2.1559965772902276], [-48.610966604661336, -2.156118409006577], [-48.610765588128345, -2.156823254445508], [-48.61110442142196, -2.15697257015317], [-48.611486596464694, -2.1570856663861098], [-48.61177506111848, -2.1571514402664826], [-48.61182561124095, -2.1571188609546987]]]}, "properties": {"id": 78, "Parcela": "COPAR2-AVM", "ANO": 1982, "Ha": 5.93, "PLANTAS": 985, "VARIEDADE": "AVM", "Rot_labels": -15}}, {"type": "Feature", "geometry": {"type": "Polygon", "coordinates": [[[-48.58043409535294, -2.156427585373939], [-48.58053576792743, -2.155999560161532], [-48.58052156927834, -2.155854389037221], [-48.580521706874116, -2.155767300206046], [-48.58052104756711, -2.1556217365429053], [-48.58053646735784, -2.1555568585980844], [-48.58039979132589, -2.155309887780879], [-48.58014035140811, -2.1551425523491905], [-48.57984196673939, -2.154952148698351], [-48.57985227346314, -2.154837280218704], [-48.57971544851454, -2.154684655714515], [-48.57953772404232, -2.154542696441485], [-48.57950667702972, -2.154401081725965], [-48.57943670321567, -2.1541571633474668], [-48.57944480656104, -2.1539762875956847], [-48.57951478668632, -2.1538424746847467], [-48.57945018177341, -2.1536391638005834], [-48.5746773150891, -2.1518752403572976], [-48.574612378129416, -2.1518823938484832], [-48.573837236933834, -2.153934993424473], [-48.57392368943851, -2.1540077057790246], [-48.58043409535294, -2.156427585373939]]]}, "properties": {"id": 122, "Parcela": "F-171", "ANO": 1984, "Ha": 17.23, "PLANTAS": 2540, "VARIEDADE": "PB-121", "Rot_labels": -15}}, {"type": "Feature", "geometry": {"type": "Polygon", "coordinates": [[[-48.59005606403557, -2.162627673568584], [-48.590867463662384, -2.1604589844445306], [-48.590845972519716, -2.1604279719472843], [-48.582907600177236, -2.157474971204675], [-48.58269305656835, -2.1576023469564802], [-48.58269870150928, -2.1578273453891508], [-48.58260180690482, -2.1580522605467687], [-48.58269039915499, -2.1581340571628007], [-48.582768339970706, -2.1582836119725237], [-48.582791544481154, -2.15844094399319], [-48.58286170488587, -2.158566892143581], [-48.582955467547656, -2.1585985011002378], [-48.58301022872675, -2.1585749944480885], [-48.58310411568685, -2.15852795612629], [-48.583143092329195, -2.158598801188938], [-48.583282442557305, -2.1587284385094807], [-48.58350074970153, -2.158760934770858], [-48.583744819256516, -2.158749193706721], [-48.58384635000574, -2.1588122740691063], [-48.583893107123124, -2.158906725856228], [-48.584018078586745, -2.1589777084626016], [-48.58415868548568, -2.159048716072868], [-48.58422888332442, -2.1591510701163514], [-48.58428338361668, -2.1592927228356826], [-48.58468939515199, -2.1596158270466113], [-48.584728260044116, -2.1597574548121954], [-48.584774955073286, -2.1598912303500577], [-48.58486073868369, -2.160025068408868], [-48.58489186041682, -2.160119495270221], [-48.58500892733956, -2.160245518622706], [-48.58511032155377, -2.1603951111977815], [-48.58513355099367, -2.160536714009566], [-48.5851177539646, -2.160638930606619], [-48.58574366560755, -2.160968345630446], [-48.59005606403557, -2.162627673568584]]]}, "properties": {"id": 98, "Parcela": "E-164", "ANO": 1984, "Ha": 19.9, "PLANTAS": 2949, "VARIEDADE": "PB-121", "Rot_labels": -15}}, {"type": "Feature", "geometry": {"type": "Polygon", "coordinates": [[[-48.58392586041606, -2.1654133028227434], [-48.58423010491528, -2.165423179994956], [-48.5843210321239, -2.1651441600058736], [-48.58440261956772, -2.1649277049300393], [-48.58446246449931, -2.1648564426673023], [-48.58443654000499, -2.164724951786267], [-48.58435324990846, -2.164546490363393], [-48.58438101723148, -2.1644244072013086], [-48.584366328123224, -2.164270400173597], [-48.5843254646794, -2.1641426410633064], [-48.584213628022596, -2.1640410580767444], [-48.58413172867217, -2.163894454748506], [-48.584109436278574, -2.1638268165299794], [-48.584041761131324, -2.1637752453178263], [-48.58391650306924, -2.1638851510978725], [-48.583788538255924, -2.1637248985194217], [-48.58369526081469, -2.1636909477840756], [-48.58363021616064, -2.1637018141100093], [-48.58333326706925, -2.1636226906506613], [-48.58318037141811, -2.163502337886944], [-48.5830984067699, -2.1633970471451205], [-48.583106230122546, -2.1631717182095564], [-48.58317005196473, -2.1629464790118402], [-48.58294877395758, -2.1628297238155385], [-48.58277675921279, -2.162845177624141], [-48.58265155115202, -2.162923624386513], [-48.58252629325712, -2.1630335300179055], [-48.582401060263756, -2.1631277061728], [-48.582150768691925, -2.163205952300443], [-48.5819785546109, -2.1633472414854267], [-48.58171267746883, -2.1633940035255135], [-48.58137387115453, -2.1633117010519722], [-48.580977787430534, -2.1634085541679], [-48.58067621551821, -2.1632945083173314], [-48.58041506193686, -2.1633132744855006], [-48.580196091303385, -2.163360111479075], [-48.58003663431734, -2.163598878916073], [-48.57996691442614, -2.1639041639044057], [-48.580136976825614, -2.1640082293021408], [-48.58392586041606, -2.1654133028227434]], [[-48.58857171436542, -2.166651698335713], [-48.589201634429806, -2.164925081429737], [-48.5891435090187, -2.1648540808356027], [-48.586680999990016, -2.16394125917176], [-48.586605871597456, -2.164234083566886], [-48.58647109434574, -2.1644742325894857], [-48.586448540333855, -2.1645718446822224], [-48.586440919306824, -2.1646694806886884], [-48.586507951362975, -2.1647747476667845], [-48.58662728457968, -2.1648575642167915], [-48.58674670102425, -2.1648878010869446], [-48.58688107425781, -2.1649030391001287], [-48.586978067455675, -2.1649482628572594], [-48.5870301427887, -2.1650685287212887], [-48.587059830498674, -2.1651812473320637], [-48.58708951820443, -2.165293965947048], [-48.587134269679034, -2.16532408324253], [-48.587201420670326, -2.1653542364149034], [-48.58729827126748, -2.1654895968331336], [-48.58733540170748, -2.1656173502025853], [-48.58736512507756, -2.1657075346833006], [-48.58738732249359, -2.165835264142296], [-48.58740214850832, -2.1659028905470636], [-48.587431871870585, -2.1659930750368908], [-48.58746166657007, -2.1660381912054434], [-48.58756612637195, -2.166083426986278], [-48.587633301188475, -2.1660985574096667], [-48.58769292627438, -2.166166255592042], [-48.587715230694315, -2.1662263825846413], [-48.58777496279065, -2.1662264782710965], [-48.58787200367529, -2.166241656535931], [-48.58788684158983, -2.1663017715745196], [-48.58790164383491, -2.166384420783735], [-48.5879837041529, -2.166429620693196], [-48.58809571376159, -2.1664222887093105], [-48.588244901410086, -2.166512664605806], [-48.58857171436542, -2.166651698335713]]]}, "properties": {"id": 96, "Parcela": "E-162", "ANO": 1985, "Ha": 12.04, "PLANTAS": 1740, "VARIEDADE": "PB-121", "Rot_labels": -15}}, {"type": "Feature", "geometry": {"type": "Polygon", "coordinates": [[[-48.60944610606751, -2.1563675709626033], [-48.60953319708897, -2.1560338601001043], [-48.60955861088914, -2.1559286654013934], [-48.609548144910775, -2.1558094373376444], [-48.60960319508936, -2.1556011044357306], [-48.6096502187241, -2.155526462154824], [-48.6096620620866, -2.155451764301296], [-48.60966222164758, -2.155349520838849], [-48.60959198386219, -2.155270760896498], [-48.609482589405516, -2.155235196065754], [-48.60888486893638, -2.1550140347805087], [-48.60876349615094, -2.1551396813823915], [-48.608606537894126, -2.155524813262431], [-48.60857115502551, -2.1556545281136037], [-48.60853186936466, -2.1557803043415307], [-48.608480844655844, -2.155913926900752], [-48.608440237033975, -2.1560430191993527], [-48.60944610606751, -2.1563675709626033]]]}, "properties": {"id": 364, "Parcela": "COPAR2-AVB", "ANO": 1984, "Ha": 1.34, "PLANTAS": null, "VARIEDADE": "", "Rot_labels": -15}}, {"type": "Feature", "geometry": {"type": "Polygon", "coordinates": [[[-48.60946033976118, -2.163411070154113], [-48.61034802449047, -2.1608904683097663], [-48.6102579664935, -2.160814121162635], [-48.60775605892916, -2.1599102203736176], [-48.60684674853357, -2.162419895922464], [-48.60681780086274, -2.162477910485854], [-48.60684298786589, -2.162517867030698], [-48.60702317135163, -2.1626270163136665], [-48.60742333582233, -2.1627691736116437], [-48.60818039242353, -2.1630456505923865], [-48.60938451774117, -2.1634576128286818], [-48.60946033976118, -2.163411070154113]]]}, "properties": {"id": 79, "Parcela": "COPAR-3", "ANO": 1985, "Ha": 9.57, "PLANTAS": 1404, "VARIEDADE": "AVC", "Rot_labels": -15}}, {"type": "Feature", "geometry": {"type": "Polygon", "coordinates": [[[-48.57303100320447, -2.156257877746713], [-48.58078511290568, -2.1591297222094443], [-48.580832222132265, -2.158991906620183], [-48.58085406508463, -2.1588649367009785], [-48.58093013936506, -2.1586582219459878], [-48.58099175114738, -2.158473256283662], [-48.58096626896589, -2.158339714247173], [-48.581037208845096, -2.1582392771381653], [-48.581059040226954, -2.1581195645886337], [-48.58104480730217, -2.1579961656099607], [-48.580985667563624, -2.1577583903561357], [-48.58080925149309, -2.1575512715165535], [-48.58075650976723, -2.157505716729328], [-48.58069406780223, -2.157442698947194], [-48.58061134835607, -2.1572461431412266], [-48.58053035661068, -2.157151441884845], [-48.58049147959183, -2.157017679234412], [-48.58044474759493, -2.15690749821928], [-48.58041368824293, -2.156773748088536], [-48.580405101727116, -2.156514628040457], [-48.5737919917918, -2.1540347099808392], [-48.57300586940368, -2.1561852636195913], [-48.57303100320447, -2.156257877746713]]]}, "properties": {"id": 102, "Parcela": "E-174", "ANO": 1985, "Ha": 22.67, "PLANTAS": 3462, "VARIEDADE": "PB-121", "Rot_labels": -15}}, {"type": "Feature", "geometry": {"type": "Polygon", "coordinates": [[[-48.628652062935025, -2.1643963763123386], [-48.62830041168456, -2.1654015689167427], [-48.62853844606376, -2.1655108691901286], [-48.628621433905074, -2.1655255232347086], [-48.62870077872013, -2.165561956657837], [-48.628812560715225, -2.16562748796257], [-48.628945986335054, -2.165700315044054], [-48.629057779658055, -2.165758584663991], [-48.62915872860159, -2.165827729777708], [-48.62932462535323, -2.1659078696821883], [-48.62941844072391, -2.165922540756894], [-48.62950498133409, -2.1659735089257315], [-48.6295986386249, -2.16608984368611], [-48.62980784531275, -2.1661700517609646], [-48.63000983374047, -2.166250248471364], [-48.630110844908955, -2.1662794542828996], [-48.630201006039705, -2.1663231664440454], [-48.630327371644476, -2.166294318439705], [-48.63043200329044, -2.1663162682223276], [-48.63054032313052, -2.166287391799867], [-48.63065581048726, -2.166291204361568], [-48.63076045909554, -2.1663022615789123], [-48.63091925071391, -2.166309773109411], [-48.63100580840791, -2.1663498487222097], [-48.63109596962491, -2.1663935608626455], [-48.63118608005891, -2.166469950655756], [-48.63126175951272, -2.166542686892543], [-48.6313627425926, -2.166590046921495], [-48.63149985678221, -2.1666120477662565], [-48.631586437109185, -2.166637599976113], [-48.63175599426939, -2.1666850678619576], [-48.63192557402974, -2.1667180123315166], [-48.63207710801107, -2.1667509284091784], [-48.632159977667484, -2.166841830279796], [-48.632264530517254, -2.1669146119487652], [-48.63252063436708, -2.1670094171332157], [-48.63274419939825, -2.167140479773234], [-48.63330692449362, -2.1673374312788014], [-48.63336459217748, -2.167388354057775], [-48.63350168409199, -2.167424878256413], [-48.63362439576169, -2.167425071186034], [-48.63377956738787, -2.167439838599187], [-48.634152839535695, -2.1664564604325762], [-48.6286662165293, -2.164398143277173], [-48.628652062935025, -2.1643963763123386]]]}, "properties": {"id": 107, "Parcela": "F-114", "ANO": 2010, "Ha": 8.06, "PLANTAS": 1257, "VARIEDADE": "PB-121", "Rot_labels": -15}}, {"type": "Feature", "geometry": {"type": "Polygon", "coordinates": [[[-48.60213274447723, -2.1746345164385543], [-48.60239388396527, -2.1738216386278952], [-48.602770828969646, -2.1728092523059646], [-48.60275644413409, -2.1727765522870928], [-48.60268800303168, -2.1726929349907054], [-48.601025127169386, -2.172109354307963], [-48.600314671396646, -2.1740543155952676], [-48.60052028652276, -2.1741199984159674], [-48.601393183080454, -2.1744409027274303], [-48.601786425722345, -2.174535931720724], [-48.60213274447723, -2.1746345164385543]], [[-48.602944185970166, -2.1727332826468717], [-48.60301675167064, -2.172490135975895], [-48.603611299511115, -2.1708064004524816], [-48.60168509156928, -2.170138894589267], [-48.601036132093725, -2.171996817746632], [-48.60121637465896, -2.1721314444727513], [-48.60291176709311, -2.1726932922659747], [-48.602944185970166, -2.1727332826468717]]]}, "properties": {"id": 81, "Parcela": "COPAR5-GOA", "ANO": 1983, "Ha": 9.83, "PLANTAS": 1574, "VARIEDADE": "GRL", "Rot_labels": -15}}, {"type": "Feature", "geometry": {"type": "Polygon", "coordinates": [[[-48.602962268692124, -2.1727097114225558], [-48.603312179454136, -2.172819193579893], [-48.60335010649763, -2.1727992848098174], [-48.60364553632632, -2.1719828296207178], [-48.60369993609971, -2.1718159002703024], [-48.60393194839618, -2.1711627288444793], [-48.6039718487037, -2.171035714945662], [-48.60391431482678, -2.1709012840989987], [-48.60361491003685, -2.170805498513909], [-48.602962268692124, -2.1727097114225558]]]}, "properties": {"id": 361, "Parcela": "COPAR5-GPF", "ANO": 1987, "Ha": 1.0, "PLANTAS": null, "VARIEDADE": "", "Rot_labels": -15}}, {"type": "Feature", "geometry": {"type": "Polygon", "coordinates": [[[-48.59223031484427, -2.170630269857533], [-48.592273623621956, -2.1706303392457458], [-48.59236786161642, -2.1703763373315517], [-48.59280994830144, -2.169251510822822], [-48.592875072228814, -2.1691499538733376], [-48.59294362719997, -2.169160955877346], [-48.59308434621899, -2.1691829656558146], [-48.59318924447105, -2.169034272473467], [-48.593366398591726, -2.168838495023333], [-48.5934062590164, -2.1687368975660815], [-48.59351131788244, -2.168486543301696], [-48.59392453523845, -2.167358037958534], [-48.594055103702544, -2.166951601533242], [-48.594048046123255, -2.1668499289653087], [-48.594012230719606, -2.1666755952354397], [-48.589340505695304, -2.1649159984587003], [-48.588695270299866, -2.1667012930441745], [-48.58882936600947, -2.1668343179625116], [-48.58904558707021, -2.1670379860848783], [-48.58923286684991, -2.1672851768546835], [-48.58944885817147, -2.16763407460071], [-48.58960712770125, -2.1679683569637183], [-48.58973686965812, -2.1680847487599983], [-48.589895277160934, -2.168331893456782], [-48.58999603178812, -2.168520853835473], [-48.59035645445418, -2.1688264142622256], [-48.59064490306197, -2.1690011524133204], [-48.5907745072593, -2.169204682120277], [-48.59073528892374, -2.1693841848166087], [-48.59126000370753, -2.169675904918902], [-48.59150142163011, -2.170002789093897], [-48.591760551576655, -2.1703237654072423], [-48.591896393354254, -2.1702468109197603], [-48.59238052641488, -2.170081369514658], [-48.59223065969938, -2.170412425093034], [-48.59223031484427, -2.170630269857533]], [[-48.597089514282814, -2.170316011859179], [-48.59717316505813, -2.170227931565816], [-48.59791542386259, -2.168212796256918], [-48.59786964503241, -2.1681161077519095], [-48.59615867775104, -2.1674706733541433], [-48.59610849146427, -2.1675210011698547], [-48.59548365947277, -2.169212870067855], [-48.59541677745034, -2.1692589704108283], [-48.59539996900076, -2.169326154132037], [-48.5953873029223, -2.1694143477877037], [-48.59536628570881, -2.1695025280858364], [-48.59533679122879, -2.1696705074050255], [-48.597089514282814, -2.170316011859179]]]}, "properties": {"id": 92, "Parcela": "E-152", "ANO": 1984, "Ha": 25.6, "PLANTAS": 2900, "VARIEDADE": "PB-121", "Rot_labels": -15}}, {"type": "Feature", "geometry": {"type": "Polygon", "coordinates": [[[-48.60786345602382, -2.1413371783801383], [-48.607608557456906, -2.142005303336806], [-48.60781015306456, -2.142005620028171], [-48.60791463749963, -2.1420358302402156], [-48.60804152146426, -2.1420660756339056], [-48.60817581366512, -2.1421338902725418], [-48.608317572395954, -2.1422017166400535], [-48.60844443310254, -2.142246985036312], [-48.60849668701129, -2.14225457863086], [-48.60860126477233, -2.1422246967754446], [-48.60869832940496, -2.142224849212162], [-48.60879534742439, -2.1422550476742295], [-48.608892365453855, -2.142285246134391], [-48.609049034014234, -2.1423681189542187], [-48.60915353023928, -2.142390817626362], [-48.60921316911887, -2.1424510035012463], [-48.60928028617224, -2.142503689592872], [-48.60936984939409, -2.142526364815341], [-48.60948934860849, -2.1425040178599906], [-48.609571480288665, -2.142504146814237], [-48.60972076402076, -2.1425344273169875], [-48.60983268022681, -2.1425871837430237], [-48.60990727550345, -2.142632370045878], [-48.60998183583198, -2.142700090893122], [-48.61004895295083, -2.1427527769925723], [-48.61016837067797, -2.1427830106003762], [-48.61034756719912, -2.142783291906129], [-48.610429631957516, -2.142826612052651], [-48.61052662394622, -2.1428737113991594], [-48.61063105043346, -2.1429414791404575], [-48.61078029938685, -2.1429942941665523], [-48.61095943776948, -2.1430321330266504], [-48.61110871298407, -2.143068047121833], [-48.611168384054935, -2.143107576352905], [-48.61129522185953, -2.1431678677326467], [-48.61139967174036, -2.143220612437264], [-48.6114817802791, -2.143235764376762], [-48.61159369671407, -2.1432885207982153], [-48.611720581168754, -2.143318766082365], [-48.61185493217273, -2.1433490230778847], [-48.61196681371708, -2.143424314071172], [-48.612056249087864, -2.143529616022996], [-48.61219061179089, -2.1435523614904595], [-48.61233247598262, -2.143552584084107], [-48.61249677473424, -2.1435303072232093], [-48.612676029863295, -2.1434930307073587], [-48.61281789410001, -2.1434932532495883], [-48.612944918403436, -2.143433360110285], [-48.613034598366276, -2.1433809199273246], [-48.61307014009261, -2.1433321505993557], [-48.61304967112915, -2.143290804974317], [-48.61305716094851, -2.1432757936219753], [-48.60786345602382, -2.1413371783801383]]]}, "properties": {"id": 170, "Parcela": "H-142", "ANO": 1984, "Ha": 3.6, "PLANTAS": 508, "VARIEDADE": "PB-121", "Rot_labels": -15}}, {"type": "Feature", "geometry": {"type": "Polygon", "coordinates": [[[-48.60999598928179, -2.139590338505309], [-48.60869754263902, -2.1391207099511154], [-48.60788779790786, -2.141288391716573], [-48.612536748281165, -2.143030852084866], [-48.612577785124, -2.1430496953178104], [-48.612682217682085, -2.143113707268658], [-48.61308517793121, -2.143264570237284], [-48.6131112817207, -2.143283390050383], [-48.613189674570684, -2.143287268767446], [-48.61324572599861, -2.1432535546920475], [-48.613279401081236, -2.143204782421086], [-48.61329811980421, -2.1431710097957684], [-48.61331689089586, -2.1431034352721716], [-48.61332445635455, -2.143039598951732], [-48.61329844565662, -2.1429606868831614], [-48.61317172978512, -2.1428215245161293], [-48.61310085586304, -2.142783855640315], [-48.61310467058966, -2.142731280772975], [-48.61309359878608, -2.142648636366138], [-48.613045188480726, -2.142569689195442], [-48.6129930158199, -2.142509515003109], [-48.61293703426032, -2.142498159909813], [-48.61290346394419, -2.142479328404509], [-48.61286247364038, -2.1424304390718483], [-48.61285133202007, -2.142392863861239], [-48.61282151824705, -2.1423590151508733], [-48.612791663748816, -2.14235145679594], [-48.61273193730045, -2.1423476073795986], [-48.61267229812914, -2.142287421492127], [-48.612605134248085, -2.142264781545305], [-48.61250808097197, -2.1422571178263206], [-48.61236642635372, -2.142121687887573], [-48.612291958884406, -2.141993874852862], [-48.612217421601, -2.141911130988836], [-48.612172668979284, -2.141881014641894], [-48.6121317194431, -2.1418058349912306], [-48.61207209777341, -2.141734381840916], [-48.612031078423676, -2.141704271351872], [-48.61196395532715, -2.141655341076997], [-48.61190435112505, -2.141572620647721], [-48.6118671464996, -2.1414899353417667], [-48.61176281297851, -2.14136207553935], [-48.61165845619958, -2.1412492387965805], [-48.61150927703873, -2.1411513548746703], [-48.61139730250617, -2.1411361562355786], [-48.61135264302295, -2.1410459477310537], [-48.61130050538607, -2.140963239046855], [-48.61120353955514, -2.140899238934714], [-48.61109903740153, -2.1408802962433944], [-48.61096469828505, -2.140842527919738], [-48.610897522915316, -2.1408273995160534], [-48.61083037082465, -2.1407972480724147], [-48.61071096477488, -2.1407595031562563], [-48.6106289145843, -2.140706793741444], [-48.61062904259715, -2.1406241670419393], [-48.6105731833966, -2.140533941020999], [-48.61048364925468, -2.14049248718616], [-48.61040156999592, -2.1404585565759984], [-48.61033441212854, -2.1404321608977015], [-48.61022256576552, -2.140334335568874], [-48.610133060756304, -2.140274102948439], [-48.61000611847272, -2.140281415422461], [-48.60993882678863, -2.1403414021582616], [-48.609789496633866, -2.140341167965245], [-48.60977846564728, -2.140232233454594], [-48.60999598928179, -2.139590338505309]]]}, "properties": {"id": 171, "Parcela": "H-143", "ANO": 1984, "Ha": 10.26, "PLANTAS": 1481, "VARIEDADE": "PB-121", "Rot_labels": -15}}, {"type": "Feature", "geometry": {"type": "Polygon", "coordinates": [[[-48.57704937725372, -2.1473313599034323], [-48.577129540014255, -2.147395334243304], [-48.577252581097454, -2.14749317805822], [-48.577315885372876, -2.1475946822748533], [-48.57745385921591, -2.1476925499244266], [-48.57756201497115, -2.147760324608991], [-48.57769988823784, -2.147922038616893], [-48.577759512636725, -2.1479897359053064], [-48.57779675569204, -2.1480461304661884], [-48.577889961001894, -2.1481251483569794], [-48.57796075537492, -2.1482116418610375], [-48.57802216647727, -2.1483300436643], [-48.578079879912224, -2.148425905509817], [-48.578154318694175, -2.1485687400175455], [-48.57817665861687, -2.1486063324359965], [-48.5782063820369, -2.1486965161290903], [-48.57822500653266, -2.148722835588234], [-48.57827725339221, -2.1487341859713145], [-48.578344350128106, -2.148798139543035], [-48.57840771368211, -2.148862087162673], [-48.57844866627288, -2.148933510391594], [-48.57847098844306, -2.148982369828333], [-48.578552958750585, -2.1490839039326715], [-48.57864993286376, -2.1491403938277633], [-48.5787134207604, -2.149125472391147], [-48.57879929595648, -2.149118098022468], [-48.57886276609946, -2.1491144435887133], [-48.578963479356396, -2.149167183763218], [-48.57904178164435, -2.1492273995519913], [-48.57911257612376, -2.1493138931329527], [-48.57913487464033, -2.149377775275456], [-48.57916837273014, -2.1494416752852605], [-48.579171987529016, -2.1495167946693274], [-48.57917189281205, -2.1495768854123924], [-48.57917921119533, -2.1496707891098983], [-48.57917909871092, -2.149742146867511], [-48.57919384202468, -2.1498623521790505], [-48.57928697053932, -2.149990193922391], [-48.579316770955614, -2.1500315539633696], [-48.579365243260696, -2.150069188115902], [-48.57940246862133, -2.1501368497767617], [-48.57940981066849, -2.150215730803345], [-48.579424666469805, -2.150264578367626], [-48.57944322585828, -2.1503322102505367], [-48.57949540768149, -2.150384873059393], [-48.579521439380535, -2.150448761188383], [-48.579543761570434, -2.15049762067243], [-48.579610805122435, -2.150595375388121], [-48.57963681905697, -2.1506705305425555], [-48.57966656026441, -2.1507494473297046], [-48.579737437692344, -2.1507833615785183], [-48.5798528647663, -2.1509750855933514], [-48.57997578785903, -2.151148043179702], [-48.58008385516614, -2.151272153194125], [-48.58016587893182, -2.1513398864019972], [-48.58018458045904, -2.151317382146683], [-48.58039763334747, -2.151152472040115], [-48.58049106989998, -2.151085018808653], [-48.58081536482213, -2.1502142171843905], [-48.5808005148774, -2.150161613907927], [-48.58075953846742, -2.150105213285093], [-48.5807185502245, -2.1500563240159702], [-48.580670213936195, -2.149932309330644], [-48.58064044895524, -2.1498684152237946], [-48.58067779275441, -2.149860963399443], [-48.58069653565674, -2.149812169378623], [-48.58071156902649, -2.1497483467010285], [-48.58069300954276, -2.1496807147776074], [-48.580655760412476, -2.1496280757982347], [-48.580640928206925, -2.1495642055059125], [-48.58064473831315, -2.149515387675664], [-48.58066720256316, -2.1494741109542446], [-48.58065980124711, -2.1494327866195078], [-48.580656133125586, -2.149391468236568], [-48.58065621594514, -2.149338888778311], [-48.580630148650634, -2.1492975346887393], [-48.58058159345311, -2.149312480024152], [-48.58053685427223, -2.149274851854772], [-48.5805070774505, -2.1492184691159943], [-48.5805446046037, -2.1490945913436508], [-48.58057831573853, -2.149023287068375], [-48.580656754222716, -2.148997122298645], [-48.58070159395781, -2.1489709039712572], [-48.580720319074075, -2.1489333769637735], [-48.580761431526795, -2.14890339700545], [-48.58082123360673, -2.1488584240876887], [-48.58090714439225, -2.148828515513168], [-48.580929496251876, -2.1488585966192417], [-48.58097058504941, -2.1488436393542547], [-48.5810079879587, -2.1487986307255205], [-48.58104910040799, -2.148768650748848], [-48.58110890248255, -2.1487236778041057], [-48.58114260175265, -2.1486598848308383], [-48.58115764095599, -2.1485923064369508], [-48.58107940941404, -2.1484870225776436], [-48.58048617462333, -2.1482682475966866], [-48.579814578724935, -2.1480268135933627], [-48.57894527821944, -2.147687416691803], [-48.577176767008694, -2.147038620405227], [-48.57704937725372, -2.1473313599034323]]]}, "properties": {"id": 124, "Parcela": "F-173", "ANO": 1984, "Ha": 7.98, "PLANTAS": 1076, "VARIEDADE": "PB-121", "Rot_labels": -15}}, {"type": "Feature", "geometry": {"type": "Polygon", "coordinates": [[[-48.57466430653762, -2.151783654249281], [-48.57949219886202, -2.1536016092953743], [-48.57955965741781, -2.1534364670976633], [-48.579657408411364, -2.1530009641684833], [-48.579627720642684, -2.152888246281226], [-48.57953087082665, -2.152752887022738], [-48.57946380363317, -2.1526701548929448], [-48.57938923447987, -2.1526099448730434], [-48.57929967325849, -2.1525872677188214], [-48.579217578443455, -2.1525646024897283], [-48.579195285952814, -2.152496964622881], [-48.57915068911323, -2.152369200237258], [-48.5790986140198, -2.152248935274594], [-48.57902415159547, -2.1521211231998096], [-48.57899440456087, -2.1520459620795083], [-48.57891988287169, -2.151955706726575], [-48.57884532562724, -2.151887985402344], [-48.578711096526625, -2.1517826119764356], [-48.578606626322276, -2.151744888317398], [-48.57845739335572, -2.151684559083209], [-48.5783081367041, -2.151639252523352], [-48.57821113293457, -2.1516015407858635], [-48.578121678553075, -2.151511261617073], [-48.57797249309533, -2.1514208870385105], [-48.577942722399364, -2.1513607486427064], [-48.57789058811612, -2.1512780404616243], [-48.57781599540697, -2.1512328531808422], [-48.57776381371035, -2.1511801903474397], [-48.57771160830625, -2.151142550185464], [-48.57760722121994, -2.1510522471967866], [-48.577391039988406, -2.1508340726484865], [-48.57692133397905, -2.1504051753649174], [-48.57684674136568, -2.1503599881167648], [-48.57663778960917, -2.1502920521925284], [-48.576510967986884, -2.1502242474680013], [-48.576391672037495, -2.1501188980370576], [-48.57621263329637, -2.150020964518325], [-48.576070973860645, -2.1498930453439185], [-48.57596663442688, -2.149772697147866], [-48.575765208546926, -2.149667216546653], [-48.57542928146096, -2.149629123124674], [-48.57466430653762, -2.151783654249281]]]}, "properties": {"id": 123, "Parcela": "F-172", "ANO": 1984, "Ha": 10.67, "PLANTAS": 1584, "VARIEDADE": "PB-121", "Rot_labels": -15}}, {"type": "Feature", "geometry": {"type": "Polygon", "coordinates": [[[-48.60294533934995, -2.1696778216096675], [-48.6027164062751, -2.170439872874025], [-48.6033581580567, -2.170680325241655], [-48.60377237060104, -2.170798352904332], [-48.604008693300294, -2.1700851374643904], [-48.60404620976518, -2.1699687690473026], [-48.60405378284861, -2.1699011776369863], [-48.60400530305171, -2.169867298631102], [-48.603538692657466, -2.1698327531544854], [-48.60325883063184, -2.169745924833751], [-48.60294533934995, -2.1696778216096675]]]}, "properties": {"id": 362, "Parcela": "COPAR5-GRL", "ANO": 1983, "Ha": 1.21, "PLANTAS": null, "VARIEDADE": "", "Rot_labels": -15}}, {"type": "Feature", "geometry": {"type": "Polygon", "coordinates": [[[-48.602708009292705, -2.170437981607643], [-48.602941614918585, -2.1696721820527807], [-48.602949430594684, -2.169450605506035], [-48.60293668643439, -2.169245897039765], [-48.60294425656428, -2.169180183553695], [-48.6029797466242, -2.1691652171400553], [-48.60298539981801, -2.169131424436892], [-48.60293139702678, -2.1690487119505777], [-48.60252097315342, -2.168895950058207], [-48.60235490920132, -2.1688524942737044], [-48.60222419924134, -2.1688804539775304], [-48.6020336114911, -2.1690003339100925], [-48.60195503462543, -2.1691128809154088], [-48.60193245727917, -2.169225517206668], [-48.60186502702346, -2.169371883648177], [-48.60180881440802, -2.1695070007357757], [-48.60171877117361, -2.1697885378029595], [-48.60167375840525, -2.169923672720816], [-48.60165493203054, -2.1700250477278193], [-48.601647388451894, -2.170073860341975], [-48.602708009292705, -2.170437981607643]]]}, "properties": {"id": 363, "Parcela": "COPAR5-GPY", "ANO": 1983, "Ha": 1.8, "PLANTAS": null, "VARIEDADE": "", "Rot_labels": -15}}, {"type": "Feature", "geometry": {"type": "Polygon", "coordinates": [[[-48.62827214165065, -2.165384818449521], [-48.62862867376847, -2.1643882369232674], [-48.625656502042524, -2.1632315557695208], [-48.62560425263661, -2.163220206074755], [-48.62558922573216, -2.1632802753452762], [-48.625566644461884, -2.1633966698408917], [-48.62554784328531, -2.1634830238203957], [-48.62550296123, -2.1635355344511003], [-48.6254356615193, -2.1635992771938377], [-48.625394395907236, -2.163726909662466], [-48.62536430110968, -2.163873338756272], [-48.625445996449464, -2.1641551530259124], [-48.62559142774145, -2.164264300562429], [-48.62575554337752, -2.1643622101156654], [-48.625833867852236, -2.1644111590131963], [-48.62596805822578, -2.164546579526509], [-48.62615469099993, -2.1645694083746854], [-48.62624420974089, -2.1646221307200646], [-48.6263187132223, -2.1647274107577834], [-48.62638577337586, -2.164817655836863], [-48.626520092452196, -2.164870448761801], [-48.62670469207427, -2.1650003150110573], [-48.626876461705976, -2.164978050691484], [-48.62703512075777, -2.1649839342898507], [-48.627258407168846, -2.165063209163396], [-48.62783901137373, -2.1652403624845618], [-48.62827214165065, -2.165384818449521]], [[-48.620070358952724, -2.1611630394085743], [-48.61966847562209, -2.162158756837884], [-48.61971699139634, -2.162170100759028], [-48.61976173285469, -2.1622077292711164], [-48.619784050890146, -2.1622603455760596], [-48.6197989315321, -2.1622941711857093], [-48.619899760838315, -2.1622755513023786], [-48.6199706532155, -2.162301953695962], [-48.620063957318294, -2.162320879859462], [-48.62013111051822, -2.162351032145332], [-48.62025802051243, -2.1623662555245327], [-48.62039232694628, -2.1624265600918684], [-48.620526668523915, -2.162464329947843], [-48.62067596688323, -2.162487100211597], [-48.62084755993236, -2.1625775099444966], [-48.62093707810234, -2.162630232273035], [-48.62111616129629, -2.162705630640339], [-48.62123555791652, -2.1627508885014666], [-48.62139976633673, -2.16278870543867], [-48.621541574740895, -2.1628264870427136], [-48.6216610182324, -2.162841698588356], [-48.62172064635203, -2.162909396973722], [-48.6217355211964, -2.1629469784072417], [-48.62181767811408, -2.1629320847699383], [-48.62191472158879, -2.16294726098516], [-48.621993086659, -2.162969919341451], [-48.62204157914619, -2.1629962863928216], [-48.622101242406536, -2.163041450051605], [-48.62218710928652, -2.1630415854412575], [-48.622269266232934, -2.163026691780088], [-48.622433568434204, -2.16300441601977], [-48.62252309262179, -2.163053382551925], [-48.62263134789214, -2.1630610648123914], [-48.62269480889128, -2.163064920653203], [-48.62279926648391, -2.1631139107234842], [-48.62287012398512, -2.1631628478289495], [-48.622948454033036, -2.163208040914307], [-48.62301934079647, -2.16323819906296], [-48.62312760781944, -2.163238369720511], [-48.62322466896363, -2.163242278509771], [-48.62335155594339, -2.1632725249165063], [-48.623429903581794, -2.1633064506195465], [-48.62350262196266, -2.163359146462948], [-48.6235884538563, -2.163381816553918], [-48.62365565411066, -2.1633819224618867], [-48.62370031391706, -2.163472132117696], [-48.623715165426965, -2.1635247367672155], [-48.62380491784236, -2.1634272273317583], [-48.62390963872409, -2.1633072066433328], [-48.624006811029936, -2.1632397552902565], [-48.62411892841753, -2.163164815859293], [-48.62420114393371, -2.1631123641269463], [-48.62436553988312, -2.1630299954039462], [-48.6245523593035, -2.1629326387403416], [-48.62462017614774, -2.1628885336460897], [-48.620070358952724, -2.1611630394085743]]]}, "properties": {"id": 108, "Parcela": "F-124", "ANO": 2010, "Ha": 9.81, "PLANTAS": 1567, "VARIEDADE": "PB-121", "Rot_labels": -15}}, {"type": "Feature", "geometry": {"type": "Polygon", "coordinates": [[[-48.62005686213047, -2.161160107489462], [-48.61496478386471, -2.159244134066247], [-48.614635009856336, -2.1600398384276573], [-48.61466846900951, -2.160130029960731], [-48.61475049643368, -2.1601977635438487], [-48.6148475567783, -2.160201672633524], [-48.614944599546256, -2.1602168490274303], [-48.61504531116591, -2.160273344786437], [-48.615168399255104, -2.1603448990077316], [-48.61523186564541, -2.160344999245372], [-48.615287859543145, -2.1603488434590394], [-48.615373702401605, -2.160364002152101], [-48.61548191587184, -2.1603979750739373], [-48.6155639961264, -2.1604319067238875], [-48.615619949019184, -2.160462041332459], [-48.61565359576814, -2.1604320482173116], [-48.61573575221816, -2.1604171548264013], [-48.61581035999623, -2.1604548304521263], [-48.615869993484786, -2.160518772905533], [-48.61586991144508, -2.1605713537205866], [-48.61589224104133, -2.160616458362916], [-48.61592202555707, -2.1606690863425086], [-48.61597422171439, -2.160714238151046], [-48.61601885747021, -2.1608194705367563], [-48.61604864198932, -2.160872098523003], [-48.61613811276158, -2.1609548670273897], [-48.61622023410839, -2.1609625082769552], [-48.61629112033534, -2.160992666478851], [-48.61632472609057, -2.160988963763363], [-48.61645533961894, -2.161022972060324], [-48.61647765751412, -2.1610755882687256], [-48.616544851458315, -2.16107945015454], [-48.61662325123397, -2.161079573947768], [-48.61666058446207, -2.1610796328954875], [-48.61673899010365, -2.1610760009078507], [-48.61682858400108, -2.161079898148827], [-48.61689942340225, -2.1611401025439467], [-48.616906825599465, -2.161181427861077], [-48.61703930001125, -2.1612191948630763], [-48.61709156655154, -2.1612192773805563], [-48.617188586119916, -2.1612494768312507], [-48.617322892081845, -2.161309781428432], [-48.61740499008949, -2.161332445748043], [-48.617554217672776, -2.161400285471317], [-48.61762513915418, -2.161407908998648], [-48.61771092950942, -2.161456869648352], [-48.61781910812039, -2.1615133772132085], [-48.61788990660828, -2.1615998720734058], [-48.61795329702577, -2.1616487973711065], [-48.617994381205165, -2.1616375948595845], [-48.61805421402962, -2.1615738409119394], [-48.61814374947181, -2.161615295898017], [-48.61825937136634, -2.1616868383628858], [-48.61838624597881, -2.161724596493689], [-48.61851683051067, -2.161777383631611], [-48.61862128175145, -2.1618301295250397], [-48.61884519958526, -2.1618830639523905], [-48.61896087428382, -2.1619208043941445], [-48.61905787062699, -2.161966026939881], [-48.619192194445425, -2.1620150641778206], [-48.61928175928396, -2.1620377402503412], [-48.61933402008237, -2.1620415785033464], [-48.61941610655701, -2.1620717543546535], [-48.61946268831504, -2.162126286829811], [-48.61958022097666, -2.1621696638807415], [-48.61962127008011, -2.1621809960235865], [-48.6196511484597, -2.16217353158093], [-48.61965849073846, -2.1621688019577956], [-48.62005686213047, -2.161160107489462]]]}, "properties": {"id": 109, "Parcela": "F-134", "ANO": 2010, "Ha": 7.12, "PLANTAS": 1068, "VARIEDADE": "PB-121", "Rot_labels": -15}}, {"type": "Feature", "geometry": {"type": "Polygon", "coordinates": [[[-48.64173963781407, -2.129080301810584], [-48.64096729425653, -2.131234971797049], [-48.64359741007348, -2.1322017614112587], [-48.644567521033366, -2.1325675737753356], [-48.64601645306962, -2.1331042018817468], [-48.646489008918465, -2.1332469068283255], [-48.646586649789434, -2.1332379871910567], [-48.6466614421621, -2.133155473215097], [-48.646732444087334, -2.133110512066457], [-48.64677368209344, -2.1329978995002783], [-48.64681863058457, -2.132900316104836], [-48.64683371237276, -2.1328026867531023], [-48.64687870651279, -2.1326750564741386], [-48.64693120155667, -2.1325249025166078], [-48.6470061308368, -2.1323522478425887], [-48.647043692485276, -2.1322020708882983], [-48.64709619886573, -2.1320444051695095], [-48.64719348241824, -2.1319018317594653], [-48.64723476021331, -2.1317629280867116], [-48.64726853708901, -2.131646548085502], [-48.64700740907139, -2.131510935369461], [-48.64696271176169, -2.131443261027593], [-48.64690310394177, -2.131360540294418], [-48.6469705207217, -2.131217920955682], [-48.64700055851676, -2.1311052910891277], [-48.64701566296864, -2.130992638263895], [-48.64181804882751, -2.129072910783644], [-48.64173963781407, -2.129080301810584]], [[-48.64795971176367, -2.131313338018601], [-48.64790183650455, -2.1313188828889613], [-48.647901665422204, -2.131431558740228], [-48.647953738227606, -2.131559338364307], [-48.64800589087752, -2.1316345359283337], [-48.64811027603212, -2.1317323489962567], [-48.64822937782468, -2.131972907799708], [-48.64843805695013, -2.1322286278040337], [-48.64854260756747, -2.1322175208782332], [-48.64865835821086, -2.132206431156255], [-48.64880771462727, -2.1321916371942935], [-48.64888247837725, -2.1321279022416997], [-48.64896843644143, -2.132067940352372], [-48.64905445151766, -2.131970419802709], [-48.64911245227578, -2.131882245882093], [-48.64914055779751, -2.131812805395296], [-48.64901000491635, -2.131737487360019], [-48.64874694417676, -2.131645064322306], [-48.64854544367702, -2.131579026964621], [-48.648344031601084, -2.1314547737245113], [-48.648172420694216, -2.1313737588031456], [-48.64813885202683, -2.131353049931412], [-48.648011989871854, -2.131305906609523], [-48.64795971176367, -2.131313338018601]], [[-48.64939972570062, -2.1344686067527667], [-48.64942956965065, -2.13448367614983], [-48.64975577443429, -2.1335602324669987], [-48.6496438139846, -2.133533769243406], [-48.649580347107694, -2.133533671684027], [-48.649531807910954, -2.1335373529440425], [-48.64949073540645, -2.1335410456804893], [-48.64941604568106, -2.133555954359434], [-48.64937127121155, -2.1335389840917514], [-48.649292776830805, -2.133600835341184], [-48.64918441283341, -2.1336645185909644], [-48.64913578234956, -2.1337282936717874], [-48.649124473897594, -2.133799637883535], [-48.64915044753527, -2.1339048422873623], [-48.64913539431466, -2.133983692487105], [-48.64909795813561, -2.13405124064182], [-48.649011714492, -2.1342989956487397], [-48.64930646621738, -2.1344196369546844], [-48.649353127348476, -2.134423464593423], [-48.64939972570062, -2.1344686067527667]]]}, "properties": {"id": 215, "Parcela": "J-114", "ANO": 1982, "Ha": 18.26, "PLANTAS": 2671, "VARIEDADE": "PB-121", "Rot_labels": -15}}, {"type": "Feature", "geometry": {"type": "Polygon", "coordinates": [[[-48.64914305232392, -2.1350860531940854], [-48.64921960880164, -2.1350711474859674], [-48.64942302487776, -2.1344911778330573], [-48.64935497404615, -2.1344366129935812], [-48.64932697679627, -2.134434691996798], [-48.64918331714106, -2.1343856446812475], [-48.64900982498741, -2.1343140162358694], [-48.64898743347378, -2.134308347984821], [-48.648946321004786, -2.134338331733105], [-48.64891638003063, -2.1343871120282536], [-48.64887519334685, -2.1344659220052637], [-48.64885641814993, -2.134537254708419], [-48.64885631538816, -2.1346048602629177], [-48.6488412564003, -2.134687466298885], [-48.64881878780862, -2.134732502204483], [-48.64878139724805, -2.1347700034038093], [-48.64874768293277, -2.1348450689828633], [-48.64871776476988, -2.134878825800926], [-48.648755035424514, -2.134920197748693], [-48.64914305232392, -2.1350860531940854]], [[-48.649150334878804, -2.1352071913255646], [-48.64914297096009, -2.135139574268786], [-48.647516300880554, -2.1344985013928133], [-48.647307216063865, -2.1344456687689948], [-48.647150415721704, -2.134445427392561], [-48.64705336027816, -2.134437766242503], [-48.64694884958738, -2.1344225818740123], [-48.64681439219384, -2.134459933537759], [-48.64673959968128, -2.1345424474586743], [-48.646672239553936, -2.1346475080140768], [-48.64661992707111, -2.134677474392313], [-48.64653766785456, -2.1347599767810275], [-48.64641058568306, -2.1348574335846155], [-48.646276105414714, -2.1349098085725937], [-48.64615655850761, -2.134962206542897], [-48.646036977298444, -2.135037139633592], [-48.645924851328, -2.135119595918343], [-48.64583512538691, -2.1352020866966024], [-48.645842454831275, -2.135292238744012], [-48.64583488522153, -2.135359832644918], [-48.64578254984006, -2.135404822372323], [-48.64571524678273, -2.1354723242141853], [-48.645730042883635, -2.1355624877629853], [-48.64586430587833, -2.1356528354346067], [-48.646064878597, -2.135715116312235], [-48.64613296918909, -2.13574339023393], [-48.646312123853505, -2.1357737132358556], [-48.64858069926949, -2.1366307292372464], [-48.6486403485794, -2.136686220216041], [-48.649150334878804, -2.1352071913255646]], [[-48.64379728429767, -2.1348308711373996], [-48.644025212161004, -2.134703523330526], [-48.64413731514211, -2.1346360906696464], [-48.64417109819685, -2.1345159552195385], [-48.64432803548173, -2.1344260564647426], [-48.64459702424725, -2.13430252759974], [-48.64472027574034, -2.1342689147705722], [-48.644839696699044, -2.134299145678604], [-48.644888264357945, -2.134276685339932], [-48.644955521561435, -2.134239230344412], [-48.645067515894254, -2.134243158755748], [-48.645213224593576, -2.134172021837338], [-48.64524687034555, -2.1341420267631666], [-48.64528056754391, -2.1340782289965854], [-48.64534782474299, -2.1340407739634606], [-48.64546732006082, -2.1340221787018248], [-48.64553454868299, -2.134003502928481], [-48.64559061730579, -2.1339585189137567], [-48.64562058686517, -2.133890959514262], [-48.64569528215737, -2.1338722952242506], [-48.64578864984677, -2.1338499038177328], [-48.645829767974355, -2.133816164352118], [-48.6458783184882, -2.133804971517164], [-48.64595293378987, -2.133838889194669], [-48.64604998911659, -2.133846550366741], [-48.64607625960297, -2.133756450045425], [-48.64610626341758, -2.1336663554678696], [-48.6461474386683, -2.1335950574120277], [-48.64620356439652, -2.1335125147682], [-48.646274652022775, -2.133411215816228], [-48.646285954848544, -2.1333436276258557], [-48.64624130332365, -2.133245906383575], [-48.645771160148385, -2.1330761687723863], [-48.644196579896246, -2.132491585762786], [-48.64106981034826, -2.1313337209029792], [-48.64094294619718, -2.1312884551581606], [-48.6401257403633, -2.1334806114770246], [-48.64088691414206, -2.13375971904309], [-48.64379728429767, -2.1348308711373996]]]}, "properties": {"id": 214, "Parcela": "J-113", "ANO": 1982, "Ha": 20.13, "PLANTAS": 2939, "VARIEDADE": "PB-121", "Rot_labels": -15}}, {"type": "Feature", "geometry": {"type": "Polygon", "coordinates": [[[-48.580683886749554, -2.1616589875737313], [-48.581246332291514, -2.16010503512066], [-48.58107682134433, -2.15988317814275], [-48.58106241145828, -2.159552654718674], [-48.580950830812824, -2.159289578045685], [-48.580883739812435, -2.1592218682761923], [-48.57992855894082, -2.1588898383700514], [-48.578548054487975, -2.1583918769985773], [-48.57742130317453, -2.1579619242302512], [-48.57612289736308, -2.157486628083063], [-48.57572742785616, -2.1573282558444906], [-48.575152860174256, -2.1571095056970293], [-48.57422755098086, -2.1567775229685133], [-48.57324258311216, -2.156400376448281], [-48.57295903322334, -2.1562910072944037], [-48.572164099303755, -2.1584943047419536], [-48.580683886749554, -2.1616589875737313]]]}, "properties": {"id": 101, "Parcela": "E-173", "ANO": 1985, "Ha": 25.8, "PLANTAS": 3941, "VARIEDADE": "PB-121", "Rot_labels": -15}}, {"type": "Feature", "geometry": {"type": "Polygon", "coordinates": [[[-48.5900264916783, -2.162696691938247], [-48.59002852527274, -2.162639157963195], [-48.58591693224418, -2.161085234970235], [-48.58575231361944, -2.1613103136009015], [-48.58570743165082, -2.161362821586004], [-48.585736965113, -2.161573187953891], [-48.58572183029739, -2.161700857492846], [-48.585706731092934, -2.1618059928943496], [-48.585646702363746, -2.16199368176478], [-48.585616646414955, -2.1621138160141085], [-48.58560149965678, -2.1622489969110683], [-48.58557891015915, -2.162369143099701], [-48.58558605589848, -2.162571962238286], [-48.58562321010991, -2.162684692657498], [-48.5856901946118, -2.1628200050240083], [-48.58575726228258, -2.162902737752957], [-48.58583183208722, -2.162962948303464], [-48.58592122794356, -2.163090785173633], [-48.58601070697733, -2.163166042397745], [-48.58603294010252, -2.1632712375717076], [-48.586122407268334, -2.1633540061874297], [-48.58613717390173, -2.163459189417813], [-48.58629762026803, -2.163512026077876], [-48.586353416962105, -2.1636398092098994], [-48.586409302772836, -2.163711256986681], [-48.58653241078982, -2.163767789583671], [-48.58656599218761, -2.163779110446875], [-48.58659584925095, -2.1637847917962505], [-48.58662381889901, -2.1638036150773035], [-48.58662376840203, -2.1638355384549897], [-48.5866778113735, -2.163891960489072], [-48.58922404684101, -2.1648394598802883], [-48.5900264916783, -2.162696691938247]], [[-48.58125192023849, -2.1601125554434812], [-48.58068667328218, -2.161667442331626], [-48.580833095298466, -2.1617352794050992], [-48.58089837915982, -2.1617654295481885], [-48.581000971494525, -2.161810662244106], [-48.58131068359661, -2.161903173040173], [-48.58141143018524, -2.161935257870341], [-48.58146742860641, -2.161935347632674], [-48.58154583234807, -2.161931717619006], [-48.58164287249744, -2.1619468959077217], [-48.58168765339875, -2.1619582347447914], [-48.581732514595934, -2.1619188719287203], [-48.58184495748787, -2.1616373755544367], [-48.58180230484336, -2.1614607898824785], [-48.581601537039326, -2.160938427652147], [-48.581633364582785, -2.1608783876463913], [-48.58166703792815, -2.160831495499785], [-48.581678350554796, -2.160760155561757], [-48.58168030930713, -2.1607019455447163], [-48.58169721581977, -2.1606343702525006], [-48.581721565003015, -2.160581829629727], [-48.581725387386754, -2.160525500439174], [-48.58170502404262, -2.1604184307295196], [-48.58125192023849, -2.1601125554434812]]]}, "properties": {"id": 97, "Parcela": "E-163", "ANO": 1984, "Ha": 13.43, "PLANTAS": 1928, "VARIEDADE": "PB-121", "Rot_labels": -15}}, {"type": "Feature", "geometry": {"type": "Polygon", "coordinates": [[[-48.64774469591442, -2.1389054985928606], [-48.64500223329513, -2.1378853057762415], [-48.64497978741404, -2.1379153180332064], [-48.644949826159944, -2.1379772435185456], [-48.644983340341156, -2.1380336331794063], [-48.64500187532363, -2.138120046621189], [-48.64500552847709, -2.1381726343328835], [-48.644926899109834, -2.13832274744997], [-48.64489316151762, -2.1384128360584183], [-48.64489302402092, -2.13850297653527], [-48.644896682886205, -2.138551808390633], [-48.644937646556244, -2.1386194771517424], [-48.64497865606299, -2.138657099088283], [-48.64499350923394, -2.138709704092287], [-48.64497103467507, -2.1387584956023074], [-48.64494482103775, -2.138811037199316], [-48.644967146624914, -2.138859897879517], [-48.64504912553392, -2.1389614327429434], [-48.645105005403295, -2.1390403921388303], [-48.645000408661225, -2.1390815451139735], [-48.64495916419689, -2.1391979131523273], [-48.64500386693553, -2.139261831845397], [-48.64497023242577, -2.1392843150760634], [-48.64488800135971, -2.1393480377339684], [-48.644902608042045, -2.1395621444289863], [-48.64497713742959, -2.139652400238556], [-48.64509276231694, -2.1397239402182087], [-48.64518240280491, -2.139697787633907], [-48.64519364297202, -2.1396715139547937], [-48.64522347537219, -2.139694095207549], [-48.64523836291492, -2.139724165104448], [-48.6452457837598, -2.139754223469486], [-48.64524941393763, -2.139821834609527], [-48.64530540844401, -2.1398256769583344], [-48.64530544856562, -2.1397993859785673], [-48.64533534974887, -2.1397768969816595], [-48.64538012701501, -2.1397919895913136], [-48.64540620314703, -2.139829588498178], [-48.64543601262954, -2.1398671931720226], [-48.64546958412048, -2.1398860243394595], [-48.64551065096974, -2.13988608776499], [-48.64554426831382, -2.139874872093068], [-48.64558165912589, -2.139837371200537], [-48.64562271451526, -2.139844946331813], [-48.645652518276584, -2.139886306862813], [-48.645667365712384, -2.139942667753457], [-48.645704647638624, -2.139976528107696], [-48.64593226170768, -2.1400557527717354], [-48.646185980647644, -2.140153797065468], [-48.64645465026314, -2.1402405968390554], [-48.64685016806815, -2.140383930450034], [-48.64719344197471, -2.140512159914104], [-48.647744489869275, -2.139040709585652], [-48.64774469591442, -2.1389054985928606]], [[-48.63887707266891, -2.1370626997673026], [-48.63872716558969, -2.1374380524297365], [-48.63880911503888, -2.1375583662721342], [-48.63960769122405, -2.1377924641426973], [-48.63972719219543, -2.137770113893299], [-48.63976468619476, -2.137665008135852], [-48.639794656133596, -2.1375974492183545], [-48.639824671977735, -2.1374998435814767], [-48.63986208560754, -2.1374473195607093], [-48.63994423032116, -2.137439934888127], [-48.640026237321344, -2.1375226903709152], [-48.64008582139735, -2.137620434581706], [-48.64010062846895, -2.1377030861587447], [-48.64005562190643, -2.1378382271223373], [-48.640048109332355, -2.1378682622954064], [-48.64019727038443, -2.137981168455381], [-48.64020851629037, -2.1379511390526584], [-48.64026819506744, -2.1379869119163364], [-48.64057789518165, -2.1380963104981725], [-48.64068236823856, -2.1381359084814497], [-48.640732773969496, -2.1381322305742354], [-48.64088017750728, -2.1381737728608705], [-48.64109657889332, -2.138260492044184], [-48.641421229837995, -2.1383586461401043], [-48.641734612043045, -2.138501853034435], [-48.641917425074915, -2.138581008570214], [-48.642081617347195, -2.138630088485565], [-48.642467802768664, -2.1387715299737255], [-48.642829713038715, -2.138918567710219], [-48.64320654535448, -2.1390731402119245], [-48.643262591359544, -2.139043179961262], [-48.64350509804808, -2.139148718719084], [-48.643781210631936, -2.1392505535412942], [-48.6447028481656, -2.1395787372438906], [-48.64481148780876, -2.139334774044175], [-48.64481167694539, -2.139210830897164], [-48.64475203510413, -2.1391506449986917], [-48.64472223711005, -2.1391055286397043], [-48.64467754012068, -2.1390378541037225], [-48.644744820576996, -2.13898537594532], [-48.64478973533856, -2.138910328070962], [-48.64482722924326, -2.138805221836865], [-48.6447451185652, -2.138790071600859], [-48.64470784241617, -2.1387524554253052], [-48.64471534348769, -2.138729931838695], [-48.6447752489066, -2.1386173484871995], [-48.64476794264612, -2.138512173078635], [-48.644708232051215, -2.138497057442342], [-48.64469342472263, -2.1384144056272514], [-48.64472150501425, -2.138361866918174], [-48.64480176905184, -2.138363868762779], [-48.644827959751716, -2.138326350577031], [-48.64483736185772, -2.138281294748746], [-48.6448113172424, -2.138223038684568], [-48.644759150677395, -2.1381572305748797], [-48.644710654445205, -2.138132742611277], [-48.64467145433805, -2.1381326820978006], [-48.64466029154413, -2.138108251766249], [-48.64466597175925, -2.13805567847459], [-48.64469031009559, -2.1380087677757778], [-48.64470532652764, -2.137954330962757], [-48.64471474294212, -2.1378998855046505], [-48.6446607526684, -2.1378059056323933], [-48.644638409891066, -2.1377683125325047], [-48.644211179977084, -2.1376117848528833], [-48.643673888370074, -2.137408138995849], [-48.64321121798943, -2.1372346551844825], [-48.642793273379276, -2.137110066546534], [-48.64258799722717, -2.1370721909837083], [-48.64260482875577, -2.137051559769352], [-48.64268924997538, -2.1367756347120777], [-48.642723039067114, -2.136651743627529], [-48.6426820984344, -2.1365690515825375], [-48.64261863175209, -2.136568953595186], [-48.64250295569495, -2.13653121643755], [-48.64239831921327, -2.1365986602731657], [-48.642196495710394, -2.1367448269609977], [-48.64198371291448, -2.13673323077396], [-48.64181568428697, -2.1367517505178184], [-48.641741029104374, -2.136744123496665], [-48.64173737028862, -2.1366952917486906], [-48.641673960965235, -2.136657635270854], [-48.641590024055496, -2.1366161912328367], [-48.64122594401898, -2.1366682107447135], [-48.64100926177986, -2.1367655281133033], [-48.64094200449478, -2.136802982704284], [-48.640852312820996, -2.136862937728059], [-48.640792533662555, -2.1368928921576344], [-48.64068798895593, -2.1369002422952277], [-48.64057603495033, -2.1368700224691537], [-48.640516232856015, -2.136915000247142], [-48.64044897557243, -2.1369524547956757], [-48.640292175753615, -2.136952212431802], [-48.64013541037174, -2.136929435009761], [-48.639694751470586, -2.137011382420021], [-48.63945584149519, -2.136995989615063], [-48.63887707266891, -2.1370626997673026]]]}, "properties": {"id": 212, "Parcela": "J-111", "ANO": 1982, "Ha": 16.38, "PLANTAS": 2127, "VARIEDADE": "PB-121", "Rot_labels": -15}}, {"type": "Feature", "geometry": {"type": "Polygon", "coordinates": [[[-48.639207223356635, -2.1360040616179834], [-48.6393115384455, -2.13614694504799], [-48.639415991220496, -2.136199688369955], [-48.639542821014395, -2.1362674896721363], [-48.63966969671564, -2.1363052442632706], [-48.639774275720555, -2.1362753591194865], [-48.6399609993729, -2.136238089218926], [-48.640103049280945, -2.1361181215691682], [-48.64018532007925, -2.1360281083116406], [-48.64026007834598, -2.135968130228605], [-48.64031986890287, -2.1359306641093547], [-48.640394718889716, -2.135810592550792], [-48.64046207927666, -2.1357055328067425], [-48.64053679166131, -2.135675601412503], [-48.64068618204219, -2.135638273654785], [-48.6407905432463, -2.1357511103719977], [-48.64089496178176, -2.135826388674235], [-48.641059239673694, -2.1358191306945162], [-48.64114888540013, -2.135789222326446], [-48.64137296534212, -2.1357369864289173], [-48.641589521348116, -2.1357222973968253], [-48.64167917854975, -2.1356848772906143], [-48.64171667226184, -2.1355797712777322], [-48.64178383781831, -2.1356024100899806], [-48.64183610443342, -2.135602490777706], [-48.64194066058364, -2.135587628766521], [-48.642164729134635, -2.135542904381874], [-48.64236632899444, -2.1355432155371923], [-48.642568043418876, -2.135468409725323], [-48.64268019224728, -2.1353709305262365], [-48.64272512964676, -2.135280859314254], [-48.64281479830791, -2.1352359273863932], [-48.64285956393425, -2.1352585315923482], [-48.64285193695567, -2.1353636838112724], [-48.64282945680315, -2.1354162311182647], [-48.64303107964489, -2.1354015187742705], [-48.64321780352916, -2.135364248269049], [-48.64331497322792, -2.1352967927252466], [-48.643397289724604, -2.1351767322414887], [-48.64346464997821, -2.1350716721053242], [-48.64355452467116, -2.1348915295057522], [-48.64349497447646, -2.1347712502022516], [-48.64025627914209, -2.133564380593194], [-48.64011444733387, -2.1335416265991944], [-48.639207223356635, -2.1360040616179834]], [[-48.648595466928, -2.136739672272221], [-48.64859553837005, -2.1366927239806377], [-48.648579703064364, -2.1366720422959644], [-48.64817019940931, -2.1365192987879147], [-48.64658072868074, -2.135902765552445], [-48.64580458529657, -2.135644292699739], [-48.645684872454254, -2.1358056103604683], [-48.64566604558633, -2.1359107455398414], [-48.64563974630555, -2.136019625061043], [-48.645609719392965, -2.1361247429666945], [-48.6455722372292, -2.136222337644963], [-48.645545983687704, -2.136301170310227], [-48.645530918720404, -2.1363875319513284], [-48.645493453695934, -2.1364738590499166], [-48.64544855631473, -2.136537639499862], [-48.64539986835792, -2.1366389727336355], [-48.64535482215695, -2.1368004053890006], [-48.645324858118826, -2.136864208850627], [-48.64528363680896, -2.136965553576719], [-48.64524984782574, -2.137089444938926], [-48.64518245874276, -2.1372132844589213], [-48.64513379933447, -2.1372958383706213], [-48.64508132641458, -2.1374309684673984], [-48.645096128090586, -2.1375173761461226], [-48.64510348025497, -2.1375925047435214], [-48.64508101720569, -2.13763378457029], [-48.64505486089645, -2.1376487676585447], [-48.64498378420547, -2.1377425545351367], [-48.64495753053376, -2.1378213871265674], [-48.64525974241305, -2.137945796983541], [-48.64551158572495, -2.1380494718598957], [-48.64589216944711, -2.138192781955389], [-48.646032072628046, -2.138256847521599], [-48.646379105096756, -2.138368180973327], [-48.64648730637501, -2.1384115403621595], [-48.64690894877678, -2.1385605475500253], [-48.64711976861935, -2.138635990098879], [-48.64761042683051, -2.1388189065134404], [-48.647804446743365, -2.1388943231332074], [-48.648010547957, -2.1383913543280144], [-48.6482429710875, -2.1377644821631363], [-48.648595466928, -2.136739672272221]], [[-48.64429155564503, -2.1375405475736913], [-48.644314116070795, -2.137435418302027], [-48.644306786851345, -2.137345266337652], [-48.644239781455894, -2.13721746366958], [-48.64419501573952, -2.137194859418816], [-48.64414652814054, -2.137164737703792], [-48.64407184989282, -2.137172134165826], [-48.64401212791676, -2.137164530269075], [-48.643911373580764, -2.1371343278805117], [-48.643762191822404, -2.1370345673468174], [-48.64369501464562, -2.1370194402202483], [-48.643624144232575, -2.1369780163806773], [-48.64354210245408, -2.136917796005672], [-48.64335186838096, -2.1368085824712164], [-48.64330332354742, -2.136816019250771], [-48.64320262084956, -2.1367520142177883], [-48.643116903064545, -2.1366542296038915], [-48.643079661364155, -2.1365940783990243], [-48.64303112800384, -2.1365940034795208], [-48.64297140036837, -2.1365901554206808], [-48.642922912842124, -2.136560033714313], [-48.642870634695846, -2.136567464723226], [-48.642825800304365, -2.1365899306476166], [-48.642766044032385, -2.136604861819043], [-48.642756644808735, -2.136648039655692], [-48.642751001836025, -2.1366761998658514], [-48.642732292190686, -2.136704339901378], [-48.64270038408611, -2.136818844249546], [-48.64269461504498, -2.1369296330984144], [-48.64272814056924, -2.1369785109976185], [-48.64278403745716, -2.1370462027255672], [-48.642895951582126, -2.1371027133868292], [-48.64308998194083, -2.137170618414826], [-48.643280290462265, -2.1372310059751176], [-48.64346685995458, -2.137295143613688], [-48.64389223143441, -2.1374460346633333], [-48.6441869820019, -2.1375666771774964], [-48.64429155564503, -2.1375405475736913]]]}, "properties": {"id": 213, "Parcela": "J-112", "ANO": 1982, "Ha": 17.33, "PLANTAS": 2440, "VARIEDADE": "PB-121", "Rot_labels": -15}}, {"type": "Feature", "geometry": {"type": "Polygon", "coordinates": [[[-48.61797768358386, -2.1400789822736836], [-48.61799891970307, -2.140057684415378], [-48.60962849943458, -2.1369373773333877], [-48.60948011138117, -2.1369158140438107], [-48.60930964002146, -2.1374630404418706], [-48.60933749247396, -2.1377332756124057], [-48.60952797843151, -2.137953993483441], [-48.6097819524413, -2.138253024228458], [-48.60972527893455, -2.1383382590977047], [-48.60988769241167, -2.1384309475612295], [-48.610155834919226, -2.13870866968944], [-48.61027590844341, -2.138758629987563], [-48.61053041104198, -2.138716366878321], [-48.61065034152999, -2.1388587609720515], [-48.61145504532577, -2.1395141704182548], [-48.612059050625824, -2.1399830420682453], [-48.61216118619481, -2.140183017405325], [-48.61233020502415, -2.1403957174700112], [-48.61272305389282, -2.1405288420712596], [-48.61341470252978, -2.1407739106800827], [-48.613951648494066, -2.1410124269828255], [-48.61413985847133, -2.1409832752130424], [-48.614192223995, -2.140920257541047], [-48.6156402256383, -2.1414820085912027], [-48.61585336187213, -2.1415580619032206], [-48.61661815882378, -2.141822174571696], [-48.61681679682293, -2.141809865455398], [-48.617345859892175, -2.1417391801116303], [-48.61797768358386, -2.1400789822736836]], [[-48.61006283202152, -2.1394337753050863], [-48.61009848977281, -2.139227632281391], [-48.609971370590955, -2.1391634402780415], [-48.60945632189451, -2.1385866982877464], [-48.609343448279624, -2.13845142561108], [-48.60901875368037, -2.1381807252255487], [-48.6090607853428, -2.138422541372912], [-48.60902539191546, -2.138458037406138], [-48.608940645906934, -2.1384152427584096], [-48.60874183686941, -2.1390050860531185], [-48.60876290769965, -2.139090442699627], [-48.609977865642044, -2.1395331864139115], [-48.61000626852938, -2.1394479072549517], [-48.61006283202152, -2.1394337753050863]]]}, "properties": {"id": 172, "Parcela": "H-144(1)", "ANO": 1984, "Ha": 22.21, "PLANTAS": 3314, "VARIEDADE": "PB-111", "Rot_labels": -15}}, {"type": "Feature", "geometry": {"type": "Polygon", "coordinates": [[[-48.61741449608008, -2.1419706534930087], [-48.61724664233915, -2.142061625751476], [-48.617320585910235, -2.1418590302239258], [-48.617094866003114, -2.14180819722403], [-48.616521914118955, -2.141868297123794], [-48.61632338674311, -2.14180909329046], [-48.61424225473793, -2.1410149853945986], [-48.6139870702374, -2.1410903053743606], [-48.61332266878022, -2.1408011097015054], [-48.612411583267026, -2.1404989076295076], [-48.612252352077974, -2.1403828781743983], [-48.612153646447055, -2.1402262965262704], [-48.61197121470782, -2.1399997310154513], [-48.61192059955851, -2.140105056006483], [-48.61195568487136, -2.1402686482689224], [-48.61204739982352, -2.140375446733812], [-48.61216741860649, -2.1404609586019103], [-48.61228721724745, -2.1406886765054813], [-48.612400080300326, -2.1408310597387867], [-48.61252710079282, -2.1409592445318344], [-48.6127884187074, -2.141080529455032], [-48.61294373210787, -2.1411945379629946], [-48.61329682029546, -2.1413870699189435], [-48.613628650465614, -2.1416151202146643], [-48.61379801140488, -2.1417860333873096], [-48.614087369451056, -2.1420566791785287], [-48.61429204706865, -2.142241868402215], [-48.61451086018184, -2.142427079800274], [-48.614708360118144, -2.1426833611446323], [-48.61496940357862, -2.1429824040948184], [-48.61501154573673, -2.1431531181101597], [-48.61518078588321, -2.143402244968228], [-48.61538583808054, -2.1433456836006157], [-48.615838370909785, -2.1432184065211466], [-48.61622030349592, -2.143041246282837], [-48.616821368817824, -2.1428430979041835], [-48.61773400824244, -2.1422614779653806], [-48.6178240696311, -2.1421059072137534], [-48.61741449608008, -2.1419706534930087]]]}, "properties": {"id": 350, "Parcela": "H-144(2)", "ANO": 2010, "Ha": 7.05, "PLANTAS": 1051, "VARIEDADE": "PB-141", "Rot_labels": -15}}, {"type": "Feature", "geometry": {"type": "Polygon", "coordinates": [[[-48.61475369445091, -2.1484071001698766], [-48.61459011024167, -2.148269035027319], [-48.61444740037582, -2.1482422161597654], [-48.61433104335318, -2.1482686280183976], [-48.61425621744752, -2.1482139921293877], [-48.614158944908546, -2.148137634485793], [-48.61398945779761, -2.148108337784448], [-48.61351726293647, -2.1479907648793386], [-48.613210786087436, -2.147878585723705], [-48.612983532820586, -2.147819720349768], [-48.61285378436261, -2.1477509308208367], [-48.61250041054036, -2.14767417064986], [-48.61231756018778, -2.147691019285687], [-48.61218003030022, -2.1477333544738855], [-48.61208465649242, -2.1478661776365215], [-48.611933600091426, -2.1479962422872827], [-48.611796441536065, -2.1480540873039065], [-48.611708911001486, -2.148099619402202], [-48.61154380063207, -2.148148038598391], [-48.61147521571673, -2.148180589860686], [-48.61152906219633, -2.1483475990605485], [-48.61144960531998, -2.148412792348662], [-48.611395409149466, -2.1484707677798176], [-48.61161831164796, -2.1485622231700474], [-48.61210446586425, -2.1487278745402816], [-48.614211039258024, -2.14943319815422], [-48.61427110144782, -2.1494174233271237], [-48.61441667050545, -2.14941537740169], [-48.61475369445091, -2.1484071001698766]]]}, "properties": {"id": 359, "Parcela": "COPAR1-(2)", "ANO": 2011, "Ha": 4.1, "PLANTAS": null, "VARIEDADE": "", "Rot_labels": -15}}, {"type": "Feature", "geometry": {"type": "Polygon", "coordinates": [[[-48.66511234587093, -2.11029727125011], [-48.66492519157036, -2.1104300154183764], [-48.66491663986487, -2.110489600106329], [-48.66479615304357, -2.110560260469236], [-48.66473869341646, -2.110642582226128], [-48.66469848098156, -2.110632437124901], [-48.66470370848187, -2.1105704528231284], [-48.66463193869768, -2.1104902711226363], [-48.664534471029135, -2.1104255486463366], [-48.66445751232443, -2.1103815212253836], [-48.664365137208314, -2.1103452195338415], [-48.664336964396696, -2.1102986828245456], [-48.664298502405885, -2.1102650456074983], [-48.664290923379, -2.1101823779117135], [-48.664321969140516, -2.110125440111865], [-48.66436157207925, -2.1100517124632696], [-48.66445766105959, -2.1099326624592423], [-48.66451195780085, -2.1099220658281936], [-48.664576930882795, -2.1099562948095656], [-48.66457593611527, -2.1100690642026287], [-48.66457386601682, -2.110115567390228], [-48.66456247682518, -2.1101695906656066], [-48.66450583229103, -2.1102377667443846], [-48.66478535750874, -2.110479949136364], [-48.664840525983315, -2.110455429338026], [-48.66489699936067, -2.110418620901699], [-48.66491963446007, -2.110373247396669], [-48.66497329538986, -2.1103307587405356], [-48.66501236850053, -2.1101937998700833], [-48.664439914620516, -2.109751702565432], [-48.66348100733265, -2.109016323108781], [-48.66247982505162, -2.108270056757946], [-48.66197335789091, -2.1078825843836944], [-48.66186316118949, -2.107745518721098], [-48.66177086350665, -2.1076575571710636], [-48.66171707010643, -2.107574819804869], [-48.66163497675714, -2.107530784730147], [-48.66155544702538, -2.1074893365320295], [-48.66149919780362, -2.10758969936629], [-48.66141988202944, -2.1078109415183053], [-48.66132907916762, -2.1081683890362317], [-48.66130056496915, -2.108372680068474], [-48.66127218637843, -2.1084861561293833], [-48.66122697560573, -2.108537171312361], [-48.661130462837804, -2.1089400176643363], [-48.66109089384573, -2.1089910413545736], [-48.66085840903724, -2.109773970349659], [-48.66094008937779, -2.1098081103784794], [-48.66335557077155, -2.111631238783331], [-48.66402736812202, -2.1121264700154088], [-48.66447882698757, -2.112488957164668], [-48.665729325125675, -2.110801386301858], [-48.66517902701289, -2.1103464491484254], [-48.66511234587093, -2.11029727125011]]]}, "properties": {"id": 265, "Parcela": "M-101", "ANO": 2003, "Ha": 12.85, "PLANTAS": 2920, "VARIEDADE": "PB-123", "Rot_labels": -15}}, {"type": "Feature", "geometry": {"type": "Polygon", "coordinates": [[[-48.65718682642817, -2.102134774622204], [-48.65704404829487, -2.1025540866857444], [-48.656987672935244, -2.1025256218918678], [-48.65690848488208, -2.102661724631664], [-48.65686870449452, -2.102854646181147], [-48.656834709859474, -2.1029510856447446], [-48.65680067285496, -2.1030759046892378], [-48.65672702481203, -2.103280126896857], [-48.65659128333158, -2.1035069589635467], [-48.65659682340893, -2.103575078486389], [-48.65664186436818, -2.1036375817763853], [-48.656703822174904, -2.1037057865643694], [-48.65675453881317, -2.1037455947182004], [-48.65682212992823, -2.1038194839553994], [-48.65690664637365, -2.1038933987753388], [-48.65696871437352, -2.103887816644009], [-48.65699694867291, -2.1038708315192025], [-48.65713234090424, -2.103944405908082], [-48.65730271934739, -2.1040745265941796], [-48.657506785121406, -2.104244487895318], [-48.65767033824489, -2.1043741717711537], [-48.657804551674325, -2.1045205303609875], [-48.65793820898639, -2.104543922200855], [-48.65799425540414, -2.1047350804101885], [-48.65819133340956, -2.1048318591384376], [-48.65829846256968, -2.1050363646969057], [-48.65848585852726, -2.105180152392164], [-48.66200830715744, -2.106687992302549], [-48.66208594797978, -2.1065119585268777], [-48.66242967322393, -2.1060422311391624], [-48.66271498024024, -2.1057184710660435], [-48.662833678122794, -2.105571075338231], [-48.6628845474269, -2.105508716578902], [-48.66289586487548, -2.105486029832923], [-48.66293192604762, -2.105432427119006], [-48.66295811083193, -2.105361252721945], [-48.66296225154696, -2.1053187035529723], [-48.66301505836141, -2.105296029340984], [-48.663076724068006, -2.1052706163459898], [-48.663048574251015, -2.1052308422010575], [-48.663101960145724, -2.1051596372270245], [-48.66330299669008, -2.1048679647023456], [-48.66332491394036, -2.1047883269481114], [-48.66327228937958, -2.1047356374965838], [-48.66303559871186, -2.104629377418304], [-48.66240443267802, -2.1043401337133743], [-48.66113912971257, -2.1037940010945517], [-48.66011493075764, -2.1033364846794833], [-48.65908634036076, -2.102883374248278], [-48.65723367026684, -2.102095131814465], [-48.65718682642817, -2.102134774622204]]]}, "properties": {"id": 277, "Parcela": "N-112", "ANO": 1993, "Ha": 17.32, "PLANTAS": 2603, "VARIEDADE": "PB-121", "Rot_labels": -15}}, {"type": "Feature", "geometry": {"type": "Polygon", "coordinates": [[[-48.66397107269459, -2.1037312456944552], [-48.66407766912717, -2.103697046922256], [-48.664076761001446, -2.1036356490036465], [-48.66408440017129, -2.1035683469477697], [-48.6641448757174, -2.1034584609507028], [-48.66382802606876, -2.103128754630083], [-48.66354982227974, -2.102941584517419], [-48.66365572935145, -2.1028932631710773], [-48.66367555166336, -2.1028422094045975], [-48.663715078037626, -2.102819565103247], [-48.66384168406653, -2.1028217001155407], [-48.66404445865799, -2.1028683854320627], [-48.66413178799811, -2.103044760756876], [-48.66426284915283, -2.1032397759257906], [-48.66433001486083, -2.103298712239644], [-48.664390146645545, -2.103288176231788], [-48.66479143014296, -2.102776750179561], [-48.6647161384131, -2.1026054711535953], [-48.66466049901808, -2.1024697824850627], [-48.66455799295995, -2.1023417721338107], [-48.66453761697077, -2.1022319660664115], [-48.664496692139046, -2.102128586450278], [-48.66441461586374, -2.1020742209593686], [-48.66438130106652, -2.1020328436128293], [-48.664332551119855, -2.1020121066373427], [-48.66413853591028, -2.102038616129246], [-48.66407126521885, -2.102050281898113], [-48.66403760799785, -2.1020708235354997], [-48.6639922808219, -2.1020736970590557], [-48.663925380016536, -2.1020824216182694], [-48.663884407197884, -2.1021066294326225], [-48.66355974343542, -2.1021693883905055], [-48.66335229120795, -2.1020646436708708], [-48.663147745574136, -2.1019716703537354], [-48.66284238376674, -2.101835889765482], [-48.66212202403669, -2.101553867316032], [-48.66152299741683, -2.1012823237347362], [-48.660322003854645, -2.100750999141234], [-48.65959011628353, -2.10044528351473], [-48.65922156704634, -2.1002731228242624], [-48.65908299506619, -2.1002225589772903], [-48.65895893234645, -2.1003275394321475], [-48.65886391369798, -2.1003999773308806], [-48.65879620400219, -2.100405551196162], [-48.6587341952581, -2.100371402085759], [-48.658683292515576, -2.10045646441506], [-48.65863242358462, -2.100518823036586], [-48.65861548982028, -2.1005244734426936], [-48.658592897375826, -2.1005414671916363], [-48.65854767866346, -2.100598158385295], [-48.65849679280896, -2.1006718688398087], [-48.65845724122651, -2.1007115407574917], [-48.658428973181586, -2.1007512296877344], [-48.65838936239545, -2.100830633067033], [-48.65836108588724, -2.100875997915473], [-48.658332800918764, -2.100927038685232], [-48.65829326623932, -2.10095535873963], [-48.658236789332626, -2.1009950051094672], [-48.658180295506725, -2.101046003320141], [-48.6581463941342, -2.1010800077973184], [-48.65810119230189, -2.1011253470964797], [-48.658033355708675, -2.101216059727004], [-48.65790896603109, -2.101397501977279], [-48.65781286978507, -2.101522227537166], [-48.65772809937361, -2.101618590496027], [-48.65766592988394, -2.10169228381321], [-48.657591293729254, -2.101743397863705], [-48.65752984507419, -2.1017727225576115], [-48.657526864007814, -2.1018109607273407], [-48.65750636503653, -2.1018315219929518], [-48.65745952340443, -2.10186969395721], [-48.65739803525916, -2.1019254942694476], [-48.657400284218554, -2.1020154110398277], [-48.657383333511355, -2.1020324132486747], [-48.65732691581106, -2.102032328078722], [-48.657339321966084, -2.1020813180380156], [-48.658642592500264, -2.102653983754721], [-48.66007151560713, -2.1032827322537915], [-48.662035928104345, -2.1041286310953065], [-48.6625490019035, -2.1043507669651405], [-48.66311165918559, -2.104605958058639], [-48.663351273924754, -2.104712222535678], [-48.66342067886437, -2.1047119140440462], [-48.66388380417322, -2.1041141378196184], [-48.663959329530805, -2.104023236112808], [-48.66399343562043, -2.103901933480548], [-48.6639363832571, -2.103858598903608], [-48.66391443434725, -2.103795629684412], [-48.66397107269459, -2.1037312456944552]]]}, "properties": {"id": 278, "Parcela": "N-113", "ANO": 1993, "Ha": 19.39, "PLANTAS": 2761, "VARIEDADE": "PB-121", "Rot_labels": -15}}, {"type": "Feature", "geometry": {"type": "Polygon", "coordinates": [[[-48.66580219719527, -2.0992318105670993], [-48.66587860105317, -2.09918357327666], [-48.66587589212558, -2.0991039305189347], [-48.66538134134896, -2.0989723526613004], [-48.66519480676117, -2.0989350973377126], [-48.6650224035467, -2.0989007074704213], [-48.664544710289164, -2.098840260728082], [-48.66444010716904, -2.098840103536183], [-48.66423233140103, -2.0988284143388523], [-48.663887409141516, -2.0988378507372216], [-48.663849253715384, -2.098830682797149], [-48.663778639327624, -2.098787913131883], [-48.663705134474384, -2.098787802639988], [-48.663634418715574, -2.0988132944463875], [-48.66352700122976, -2.0988046002618463], [-48.66345630237481, -2.0988187151455238], [-48.66338276796323, -2.0988385142290715], [-48.66328097091393, -2.0988525823460824], [-48.66323574139707, -2.0988496701077426], [-48.663182013654655, -2.0988581220240476], [-48.66307458775247, -2.0988551162612663], [-48.66298125091832, -2.0988834182407445], [-48.66290772074768, -2.098900373065121], [-48.66281159061841, -2.09890591696606], [-48.66280098156761, -2.098910878418427], [-48.66273526715503, -2.0989001137181837], [-48.66280260950167, -2.098962798398738], [-48.662729532641045, -2.0989541455112692], [-48.662658901433254, -2.098922752727131], [-48.66246948099773, -2.098925312061898], [-48.66237897340829, -2.098952196127751], [-48.662304038159384, -2.0989634603357925], [-48.66228135155444, -2.099010356030461], [-48.66225169652001, -2.0989904017997496], [-48.662220625819565, -2.0989718675554405], [-48.66219800473659, -2.098974677757708], [-48.662171151448185, -2.098971793130172], [-48.66208496273788, -2.0989460653904843], [-48.6619776003299, -2.0989003961783634], [-48.661918231097495, -2.098900306861633], [-48.661875849870626, -2.0988831777162065], [-48.66180238739103, -2.0988546248869047], [-48.661788268772526, -2.098843226723223], [-48.66176006958585, -2.098794832378712], [-48.66169508843344, -2.098766292311024], [-48.661596224300396, -2.098709258963489], [-48.6615169977074, -2.0987546474441143], [-48.661477443604305, -2.0987375225507923], [-48.66141526420722, -2.0987260520742397], [-48.66139822441279, -2.0986797262013006], [-48.66131930285758, -2.098637037836534], [-48.66124302646443, -2.098580737204625], [-48.661183691101705, -2.0985578940894993], [-48.66112156246542, -2.0985122929371385], [-48.66104310058615, -2.0984804460927102], [-48.660892829234356, -2.098335606565818], [-48.66082024225488, -2.098477360339842], [-48.66079758655893, -2.098536923685732], [-48.66078619330339, -2.0986106938453], [-48.66075789160742, -2.098673086662832], [-48.66072677746137, -2.0987297992979497], [-48.66068715000931, -2.0988205547929697], [-48.66064476919161, -2.09886589856935], [-48.66054154947836, -2.0988185967225608], [-48.66045946619102, -2.09888389040353], [-48.66040569200498, -2.0989236286409447], [-48.66038300326087, -2.0989719463554195], [-48.660385061972924, -2.098990378413479], [-48.660345451373615, -2.099069782005784], [-48.66032000852127, -2.099106637339482], [-48.66029457411072, -2.0991378167395913], [-48.66026069392904, -2.099157631532481], [-48.660229588191086, -2.0992086681947453], [-48.660161806712786, -2.0992624875988564], [-48.66009965855756, -2.0993219914218257], [-48.66004590126862, -2.099429753393456], [-48.65999786597543, -2.0994836025114845], [-48.65991604762031, -2.0994919931970366], [-48.65986522100044, -2.099525972299786], [-48.65980590215829, -2.099579804405591], [-48.659780446610625, -2.0996251736012077], [-48.659718268861006, -2.099704543129221], [-48.659681542436005, -2.099741381425702], [-48.659613786267926, -2.0997781729714773], [-48.659506537702875, -2.099814905009797], [-48.65945854040555, -2.0998432123991475], [-48.65941901421311, -2.099865856608017], [-48.659382253981384, -2.0999253985973887], [-48.659171015246784, -2.1001663731198343], [-48.66037650901544, -2.100720928333012], [-48.66097236199577, -2.100966820316403], [-48.662445375275, -2.101635987996156], [-48.662813577723036, -2.101789513744809], [-48.663076575813555, -2.1019016964887345], [-48.66324312409701, -2.101984316438876], [-48.6635324300198, -2.1021024223052303], [-48.66365815107755, -2.1021114368679403], [-48.66417490519041, -2.10195141828757], [-48.66422135299153, -2.1019235257917437], [-48.6642326872289, -2.10188948708897], [-48.66429486516068, -2.1018101172226284], [-48.66432883409825, -2.101730704894725], [-48.664408038669116, -2.10158324910073], [-48.66451543559885, -2.1014187537679945], [-48.66457566848709, -2.1014719368001447], [-48.66467347788226, -2.1016048149887787], [-48.66484656996793, -2.1018098604575344], [-48.66504240869966, -2.1019277169122232], [-48.66510659151243, -2.1018595517865877], [-48.665351743703006, -2.1017689049930377], [-48.66555313836471, -2.1017098430256893], [-48.6655899364414, -2.1016500746853723], [-48.665561821013185, -2.1015647930617374], [-48.66543108000951, -2.1014302799034934], [-48.66532592536843, -2.1013552144649994], [-48.66503360706189, -2.1011042228935386], [-48.66472330129134, -2.1008635363520702], [-48.664631007074306, -2.1007729922373413], [-48.66449508908792, -2.100666884467277], [-48.66438218997285, -2.100620220512469], [-48.664282139681724, -2.100565826859583], [-48.66415025406597, -2.1004136133983096], [-48.664184163858316, -2.100373932679551], [-48.664636072215956, -2.099994322841501], [-48.66483461369405, -2.099708899613548], [-48.665053480342664, -2.0995499513037754], [-48.66517812672665, -2.0993794843815716], [-48.665356311113044, -2.0992944175982338], [-48.665544959332365, -2.099211514460333], [-48.66580219719527, -2.0992318105670993]]]}, "properties": {"id": 279, "Parcela": "N-114", "ANO": 1993, "Ha": 16.71, "PLANTAS": 2599, "VARIEDADE": "PB-121", "Rot_labels": -15}}, {"type": "Feature", "geometry": {"type": "Polygon", "coordinates": [[[-48.64214325971648, -2.0909806461418685], [-48.642167559343875, -2.090800076759138], [-48.635339248619644, -2.085786835094741], [-48.634626383446225, -2.086739746749217], [-48.635516606301046, -2.0875130083924933], [-48.635687067347156, -2.0876161671362907], [-48.6360768365072, -2.087858512034242], [-48.636312568597226, -2.088076448380585], [-48.63663447644917, -2.0883272232203334], [-48.63718791237318, -2.0887717526868927], [-48.63859421376867, -2.0898205393665603], [-48.639377891553174, -2.090374918790017], [-48.63961083585908, -2.090567253692858], [-48.64023084340804, -2.0909222927661335], [-48.640774444215616, -2.0913719992324125], [-48.640994593189475, -2.0915705007090324], [-48.64121483112324, -2.0917528619124117], [-48.64139989206146, -2.0919179285804006], [-48.64147910731465, -2.091788814006741], [-48.64214325971648, -2.0909806461418685]]]}, "properties": {"id": 281, "Parcela": "O-131", "ANO": 2001, "Ha": 13.53, "PLANTAS": 2081, "VARIEDADE": "PB-121", "Rot_labels": -30}}, {"type": "Feature", "geometry": {"type": "Polygon", "coordinates": [[[-48.64225235815118, -2.090808737488169], [-48.64359033909534, -2.089015191377411], [-48.64358386460182, -2.088939269770019], [-48.6430247108441, -2.0885345505238626], [-48.63752370666391, -2.084456215589476], [-48.63676122327523, -2.083908981743761], [-48.63645536959658, -2.0842668865102265], [-48.63609559844575, -2.084761230166469], [-48.63565518190055, -2.085370655535102], [-48.63549786386665, -2.0855851383465622], [-48.635367561393906, -2.085758436136661], [-48.64225235815118, -2.090808737488169]]]}, "properties": {"id": 282, "Parcela": "O-132", "ANO": 2001, "Ha": 24.26, "PLANTAS": 3767, "VARIEDADE": "PB-121", "Rot_labels": -30}}, {"type": "Feature", "geometry": {"type": "Polygon", "coordinates": [[[-48.6449874458884, -2.08707701638363], [-48.64497203048617, -2.086987400962471], [-48.6380788264681, -2.0818745358070476], [-48.63797401464742, -2.082016586918693], [-48.63790040178662, -2.0820904246709846], [-48.637820739739844, -2.082144366691246], [-48.63778678855499, -2.082212425741097], [-48.637741554125526, -2.0822804677716515], [-48.63767373629829, -2.0823598274449036], [-48.637588959774234, -2.0824618649413], [-48.637532442084215, -2.0825298899293023], [-48.63750976564806, -2.082603641808167], [-48.63748714841753, -2.082637662806783], [-48.63742498063348, -2.082711355107685], [-48.63741931363594, -2.0827283741152245], [-48.637351504223595, -2.082802057894525], [-48.637306218982154, -2.0829041549044955], [-48.63726097603351, -2.082977872712961], [-48.63723555912984, -2.082997699842941], [-48.637212941882694, -2.0830317208242297], [-48.637167715845756, -2.0830940869441728], [-48.63710553955704, -2.0831734550324104], [-48.6370489414094, -2.083295400408427], [-48.636969764067096, -2.083425825468453], [-48.63698377501659, -2.083488280968569], [-48.63696964557268, -2.083505287192662], [-48.636758548975294, -2.083806587232633], [-48.640037124976125, -2.0862319363254707], [-48.64051715340104, -2.0866137819241337], [-48.6416947366248, -2.087483036789072], [-48.64258430195624, -2.0881243222244628], [-48.64319990733681, -2.08858885457549], [-48.64366871853977, -2.0889109558799577], [-48.6449874458884, -2.08707701638363]]]}, "properties": {"id": 283, "Parcela": "O-133", "ANO": 2001, "Ha": 24.93, "PLANTAS": 3857, "VARIEDADE": "PB-121", "Rot_labels": -30}}, {"type": "Feature", "geometry": {"type": "Polygon", "coordinates": [[[-48.67987974496182, -2.1089611605982745], [-48.675809383040495, -2.114477804058447], [-48.6758488171251, -2.114517595514674], [-48.675955936995884, -2.1145688409589436], [-48.676063056880025, -2.1146200864035363], [-48.676181460560656, -2.1146713488472497], [-48.67631103821546, -2.114796416233132], [-48.676744451299605, -2.115070120330322], [-48.680801347743824, -2.1094218200862778], [-48.679970912336614, -2.108914294869948], [-48.67987974496182, -2.1089611605982745]]]}, "properties": {"id": 258, "Parcela": "LM-081", "ANO": 2010, "Ha": 9.05, "PLANTAS": 1466, "VARIEDADE": "PB-121", "Rot_labels": -15}}, {"type": "Feature", "geometry": {"type": "Polygon", "coordinates": [[[-48.638041253247636, -2.08181549960607], [-48.645052595074354, -2.08699178864859], [-48.64642364592895, -2.0851394357164605], [-48.64501393883666, -2.0840678940850403], [-48.64082953236576, -2.0809244549164854], [-48.64002745101194, -2.080388540448198], [-48.639437478383414, -2.0799729491034844], [-48.6393669497152, -2.079978518798441], [-48.6392085960762, -2.080239369961736], [-48.63895705431245, -2.080568191017863], [-48.638677236740655, -2.080942376177168], [-48.63847651995363, -2.081237218336405], [-48.63836347210228, -2.081381782323425], [-48.63826449869219, -2.0815462329852394], [-48.638041253247636, -2.08181549960607]]]}, "properties": {"id": 284, "Parcela": "O-134", "ANO": 2001, "Ha": 25.1, "PLANTAS": 3871, "VARIEDADE": "PB-121", "Rot_labels": -30}}, {"type": "Feature", "geometry": {"type": "Polygon", "coordinates": [[[-48.64775707637205, -2.0831610380878507], [-48.641514906118665, -2.079145023534859], [-48.64111284263673, -2.0795653590058647], [-48.64096960878098, -2.0796857853952364], [-48.64089624237321, -2.0797027026449135], [-48.64078909370888, -2.0796741621452117], [-48.64067632873914, -2.0796285855974532], [-48.640552187750885, -2.0796454264530304], [-48.640512654220785, -2.0796737463068156], [-48.64043277739813, -2.0796752594260384], [-48.64034519448711, -2.0796381532282537], [-48.64019817213607, -2.0796493087838845], [-48.639867473374416, -2.0796061484055683], [-48.639760050588144, -2.079603142574928], [-48.63966077383551, -2.079669626615515], [-48.63956208262263, -2.079654040006357], [-48.639432174382115, -2.079745906698194], [-48.63938698658169, -2.079782731777913], [-48.63938691905876, -2.0798281385591024], [-48.646453435644666, -2.08506837554325], [-48.64705963300123, -2.0842558459496408], [-48.64767192175184, -2.083467483504358], [-48.64778504148575, -2.0832746730508456], [-48.64775707637205, -2.0831610380878507]], [[-48.6407430406222, -2.078726478362696], [-48.64029823816007, -2.0784200593995084], [-48.63986476926857, -2.0790479727672326], [-48.639912777983795, -2.0790821752241073], [-48.640203995501956, -2.07905985978195], [-48.64036230899668, -2.0790600978944678], [-48.64040640812254, -2.0790378896407664], [-48.640430379505155, -2.078910880427077], [-48.64047708460638, -2.0788711320375572], [-48.64056328357204, -2.0788883267876344], [-48.64062404563863, -2.078901217003281], [-48.64072712649892, -2.0789724767081923], [-48.64087862597231, -2.0788020532061084], [-48.6407430406222, -2.078726478362696]]]}, "properties": {"id": 294, "Parcela": "P-131", "ANO": 2001, "Ha": 20.63, "PLANTAS": 3194, "VARIEDADE": "PB-121", "Rot_labels": -30}}, {"type": "Feature", "geometry": {"type": "Polygon", "coordinates": [[[-48.65512968926222, -2.073228838656861], [-48.65682109268773, -2.072668202807938], [-48.65679866874805, -2.072537335244916], [-48.66369992013932, -2.0703404683976636], [-48.663095475978494, -2.0683983821715697], [-48.654445080662036, -2.0710221283378156], [-48.65512968926222, -2.073228838656861]]]}, "properties": {"id": 292, "Parcela": "P-123(1)", "ANO": 2002, "Ha": 23.62, "PLANTAS": 3520, "VARIEDADE": "PB-123", "Rot_labels": -15}}, {"type": "Feature", "geometry": {"type": "Polygon", "coordinates": [[[-48.662353823754245, -2.066158871841118], [-48.65378409392612, -2.0687315506420014], [-48.65445221103588, -2.070979475709841], [-48.66309978734768, -2.0683500365796887], [-48.662353823754245, -2.066158871841118]]]}, "properties": {"id": 293, "Parcela": "P-124", "ANO": 2002, "Ha": 25.77, "PLANTAS": 3878, "VARIEDADE": "PB-123", "Rot_labels": -15}}, {"type": "Feature", "geometry": {"type": "Polygon", "coordinates": [[[-48.65371618025302, -2.0687755349161714], [-48.647957747206966, -2.070530361280687], [-48.64775299318037, -2.0707101884076464], [-48.64761990520327, -2.0709647918472283], [-48.64758016254069, -2.0711350468528527], [-48.64755171571198, -2.071296767348966], [-48.64752590535953, -2.071583361448104], [-48.64753694982148, -2.0717451409338326], [-48.64750850709776, -2.071904023469695], [-48.64748015653074, -2.0720004713025633], [-48.64745176405224, -2.0721252985373835], [-48.64746852130931, -2.0722388414586668], [-48.64747964531695, -2.0723467000688185], [-48.64743438660124, -2.07243177082916], [-48.64743980191005, -2.0725850280549025], [-48.64740863885172, -2.072675795769107], [-48.64738589211398, -2.072797793475246], [-48.647508687438375, -2.073073614596114], [-48.65436685926835, -2.0709864591408325], [-48.65371618025302, -2.0687755349161714]]]}, "properties": {"id": 297, "Parcela": "P-134(1)", "ANO": 2002, "Ha": 19.29, "PLANTAS": 2861, "VARIEDADE": "PB-123", "Rot_labels": -15}}, {"type": "Feature", "geometry": {"type": "Polygon", "coordinates": [[[-48.65504485692523, -2.0732429333086784], [-48.65440831657087, -2.0710306062355657], [-48.647567545021516, -2.0730924049817103], [-48.6475193174389, -2.073206100964356], [-48.64746251073296, -2.073443540940463], [-48.64744784476263, -2.0738238038877124], [-48.6474473330916, -2.074170032637902], [-48.64739771061769, -2.0745512266541732], [-48.64745494132339, -2.0746821455799207], [-48.64745463857391, -2.074886927673996], [-48.64765238799982, -2.074983926471936], [-48.647980046543786, -2.0751721341578953], [-48.648206024408346, -2.0752976172399165], [-48.64834737622525, -2.075297828737337], [-48.648760316971064, -2.0751676131101435], [-48.65504485692523, -2.0732429333086784]]]}, "properties": {"id": 296, "Parcela": "P-133(1)", "ANO": 2002, "Ha": 21.34, "PLANTAS": 3149, "VARIEDADE": "PB-123", "Rot_labels": -15}}, {"type": "Feature", "geometry": {"type": "Polygon", "coordinates": [[[-48.66039705831417, -2.0592741695227645], [-48.65426182826273, -2.0610956305667414], [-48.65425603240715, -2.0612603863570755], [-48.65422204141673, -2.061356826645403], [-48.65422754170733, -2.061453325475313], [-48.65422741700584, -2.061538464122078], [-48.65422725904321, -2.0616463064078516], [-48.654193218129414, -2.0617768021414964], [-48.65414207772739, -2.0620264668675317], [-48.65405141269071, -2.0622987766350174], [-48.654034321493114, -2.0624122697100584], [-48.65400596368892, -2.0625143942265236], [-48.65395499781498, -2.0626448648033895], [-48.65397742285421, -2.0627413887291453], [-48.653977198223515, -2.0628946382631983], [-48.653937548818064, -2.0630024219303924], [-48.653875316287646, -2.0631215239198255], [-48.6537736090616, -2.063229215472216], [-48.65366049374054, -2.06342202886531], [-48.653632152476334, -2.063512801511415], [-48.653640168954844, -2.063745427666806], [-48.65580098585389, -2.063088775091335], [-48.66107659298749, -2.0614605764918297], [-48.66039705831417, -2.0592741695227645]]]}, "properties": {"id": 310, "Parcela": "Q-123", "ANO": 2009, "Ha": 20.11, "PLANTAS": 2999, "VARIEDADE": "PB-123", "Rot_labels": -15}}, {"type": "Feature", "geometry": {"type": "Polygon", "coordinates": [[[-48.69319055707495, -2.120348831715546], [-48.69276070672506, -2.121063372474274], [-48.692574142701346, -2.1213185158805787], [-48.69247794288274, -2.121511358011257], [-48.69247779980342, -2.1216078510385046], [-48.69233658191313, -2.1217211605425628], [-48.69226310988062, -2.1218061913444184], [-48.69215018606066, -2.12186278255041], [-48.69202601195439, -2.121896652563998], [-48.69199770101259, -2.121964722914016], [-48.69190733669073, -2.1220270240201593], [-48.691799995895025, -2.122123356043451], [-48.69176598400035, -2.122231150303927], [-48.691726338534245, -2.122333260027852], [-48.69168102580638, -2.122452389442693], [-48.69165262216264, -2.1225828963855697], [-48.69165816306148, -2.1226510175445754], [-48.6916976569396, -2.1226510768664704], [-48.69166370395757, -2.122719138704038], [-48.691590231816726, -2.1228041693803985], [-48.69157308681935, -2.12295172142784], [-48.69155006388517, -2.1232581945786126], [-48.69154971837723, -2.1234909128976494], [-48.69154937283133, -2.123723631215944], [-48.69154915368501, -2.1238712086856846], [-48.69155995717081, -2.1241947608690617], [-48.691548479292884, -2.1243252932060384], [-48.691514306972856, -2.124540932456376], [-48.69149716177091, -2.124688484470928], [-48.69148000811761, -2.12484171253761], [-48.69146847113359, -2.125011977253159], [-48.691456984733726, -2.125148185629141], [-48.69145674012641, -2.1253127912546264], [-48.691462019390116, -2.1255568701510903], [-48.69149004375627, -2.1256817858210115], [-48.691529419596776, -2.125761310020195], [-48.69157448805171, -2.1258067863714993], [-48.69478362465652, -2.12156511954996], [-48.694481108458795, -2.1213384043980397], [-48.69432331776356, -2.121213294043952], [-48.69397391818925, -2.120940318348287], [-48.69359760318735, -2.120613346673631], [-48.69319055707495, -2.120348831715546]]]}, "properties": {"id": 257, "Parcela": "LM-064", "ANO": 2003, "Ha": 9.83, "PLANTAS": 1564, "VARIEDADE": "PB-123", "Rot_labels": -15}}, {"type": "Feature", "geometry": {"type": "Polygon", "coordinates": [[[-48.69115360174401, -2.1301593811080646], [-48.691215792149826, -2.1301651634494583], [-48.69303440707573, -2.127790075432272], [-48.69551021263727, -2.1245512994442173], [-48.696025837740386, -2.1238296213197296], [-48.69609961240926, -2.123750329314815], [-48.69610535535459, -2.123682224879515], [-48.69613098829771, -2.123517656786763], [-48.69615367406083, -2.1234382255826367], [-48.69616507581141, -2.1233587774537783], [-48.69616520616558, -2.1232707982896883], [-48.69619636332341, -2.123185703693927], [-48.696255743098774, -2.1230921372784812], [-48.696312398554504, -2.1229332917525867], [-48.69629284912829, -2.122799874369372], [-48.696273224029554, -2.1227175416696134], [-48.69625070646822, -2.1226834513846615], [-48.69620000412541, -2.1226322905850403], [-48.696163427804, -2.122566960744121], [-48.696146602686504, -2.122498822469708], [-48.6960704903356, -2.1224618138047604], [-48.69600561995423, -2.122453202428225], [-48.695929495004414, -2.12242470787374], [-48.69586744563083, -2.1224161007229276], [-48.695811067685405, -2.122387635770673], [-48.6957490939878, -2.1223279439558853], [-48.695712488264164, -2.122282480389407], [-48.695656160775115, -2.1222199590010122], [-48.695537817572145, -2.1221261261743276], [-48.69488966509246, -2.1216682296909575], [-48.69460712401937, -2.1219658003428346], [-48.69403900595403, -2.1227056765971284], [-48.69336627875652, -2.1236014870768107], [-48.69275579786087, -2.124372516309699], [-48.69197566006014, -2.1254100648663927], [-48.691557368021876, -2.1259373102062775], [-48.69134824296707, -2.126186742576301], [-48.69099208832474, -2.1266629962170143], [-48.69054551790304, -2.127235606476902], [-48.69028546241453, -2.127587130765497], [-48.69017807018704, -2.1277175184404236], [-48.6901271570386, -2.1278082587452545], [-48.6901157800984, -2.1278706782986525], [-48.69008749406924, -2.127921720245857], [-48.69001971406946, -2.1279727026777424], [-48.68996887695483, -2.1280123585089195], [-48.689934915114456, -2.1280860961415176], [-48.689884027281515, -2.12815980826043], [-48.68982183009281, -2.128250531512745], [-48.68971443775511, -2.1283809190609233], [-48.6895109877376, -2.1286076547996293], [-48.689426205602814, -2.1287096960601577], [-48.68937106718751, -2.1287961728387073], [-48.68941962161004, -2.1288597716018853], [-48.689639890223994, -2.129030760891975], [-48.690328917782196, -2.129577902890712], [-48.69115360174401, -2.1301593811080646]]]}, "properties": {"id": 256, "Parcela": "LM-063", "ANO": 2003, "Ha": 25.25, "PLANTAS": 3982, "VARIEDADE": "PB-123", "Rot_labels": -15}}, {"type": "Feature", "geometry": {"type": "Polygon", "coordinates": [[[-48.69598917268724, -2.124033968005811], [-48.69124231940656, -2.1302690199977836], [-48.693445064371446, -2.131944784155821], [-48.69390356549422, -2.131272094731795], [-48.69397144297999, -2.1311558373922415], [-48.69399129144568, -2.131087754352679], [-48.694013969366175, -2.1310139994946504], [-48.69404222594296, -2.1309828236279276], [-48.694195084258766, -2.1306311369641167], [-48.69424063003695, -2.1303559156983796], [-48.694650850021134, -2.129567558067991], [-48.694781084851705, -2.129252731525439], [-48.69487741684048, -2.128971910402989], [-48.694886002202885, -2.1288896201264165], [-48.69492843544871, -2.1288102188069256], [-48.69496238878868, -2.12874215689111], [-48.694985015910056, -2.1287024583482697], [-48.694990704323295, -2.128671248449831], [-48.694996413823915, -2.128625848376067], [-48.69501634645446, -2.1285010045352672], [-48.69503638871312, -2.1283023717778877], [-48.69506775713565, -2.128075375630151], [-48.69509907913836, -2.127879597858773], [-48.695118906293544, -2.1278257048781506], [-48.69518133942219, -2.127576051068368], [-48.695209663302194, -2.127499466516804], [-48.69525777637293, -2.1273945312874303], [-48.69532295033058, -2.1271988043454346], [-48.69533148077749, -2.127153408492574], [-48.69533442820474, -2.1270682716597813], [-48.69533453776505, -2.1269944827303338], [-48.69534878184851, -2.126900848745642], [-48.695416713520245, -2.1267476965406678], [-48.69547050643316, -2.126617227415201], [-48.69550467865728, -2.1264015875292337], [-48.69549356733472, -2.1262852110984873], [-48.695513398613315, -2.1262284800382756], [-48.6955417181752, -2.126154733470628], [-48.695587235393845, -2.125897958980229], [-48.69560562667043, -2.125861092045497], [-48.69562684737221, -2.1258185532731666], [-48.695648110179555, -2.1257476341350086], [-48.69566522779012, -2.125618528892894], [-48.69567953701248, -2.125480905302203], [-48.695716458455685, -2.1253135162063446], [-48.695812894545845, -2.1249617436387873], [-48.695824380579666, -2.124825534809066], [-48.69586398404901, -2.1247518051253627], [-48.69606245985901, -2.1240738105617267], [-48.69603995073151, -2.124034044183196], [-48.69598917268724, -2.124033968005811]]]}, "properties": {"id": 255, "Parcela": "LM-062", "ANO": 2003, "Ha": 16.07, "PLANTAS": 2530, "VARIEDADE": "PB-123", "Rot_labels": -15}}, {"type": "Feature", "geometry": {"type": "Polygon", "coordinates": [[[-48.66692237074023, -2.117339060960305], [-48.66692912366466, -2.117281883610988], [-48.666990008350275, -2.1171066561492924], [-48.667029501394175, -2.117106715948269], [-48.66706338654017, -2.1170840633715136], [-48.667125591382344, -2.1169876660456164], [-48.667170989480056, -2.1168117796657078], [-48.66728959594344, -2.1167268196357427], [-48.66742711736027, -2.1165532201751613], [-48.667671211422096, -2.116237945314557], [-48.66686470946624, -2.1158719461638684], [-48.665269190671474, -2.1151811589594454], [-48.662978185588074, -2.114195142738643], [-48.65997723723408, -2.112879135004133], [-48.659918541458325, -2.1129383049266606], [-48.65971169254554, -2.1135538310061164], [-48.65964346340978, -2.113905635886804], [-48.65947363881082, -2.1142856663110607], [-48.65948471827194, -2.1144219056867213], [-48.659371447854596, -2.114711206768689], [-48.65931476580425, -2.1148870748853095], [-48.659354190491484, -2.1149325422327774], [-48.6591985636692, -2.115250158638799], [-48.659189896628234, -2.1153863680205074], [-48.6590538712818, -2.1158005050362103], [-48.65923292568227, -2.1158250765510815], [-48.65945424520208, -2.1159316595338495], [-48.659521930119105, -2.115943114174544], [-48.65963619993606, -2.1159904266652965], [-48.65970801683848, -2.1160058320320094], [-48.65975873371455, -2.116045640614852], [-48.659803868357265, -2.116045709133832], [-48.65986880048693, -2.1160117520544315], [-48.65992240639115, -2.116006157486349], [-48.660023865711146, -2.1160687468629336], [-48.66046362221841, -2.1162737483241383], [-48.66051441574798, -2.1162624735300666], [-48.66054109082306, -2.1161638821043223], [-48.66061276843152, -2.116126067851816], [-48.660676730740406, -2.1162058032989646], [-48.6606892275048, -2.1163194982970657], [-48.660795878000165, -2.1162900390113895], [-48.66099169817719, -2.1163521129421796], [-48.661131996302636, -2.116390568605019], [-48.66129278941897, -2.116411404854352], [-48.661538288071746, -2.1164941463995377], [-48.66175168812037, -2.116532712951529], [-48.6619679240975, -2.116630118841308], [-48.66237422061934, -2.1167307547998226], [-48.66336786896935, -2.1170911559363], [-48.663604604742524, -2.1171680005911306], [-48.663839157431525, -2.1172382229727726], [-48.66416578125044, -2.117333589876073], [-48.664422461309485, -2.1174376479404162], [-48.66470944443464, -2.1174785602306923], [-48.66549858557071, -2.117720980632629], [-48.666243905703006, -2.117936858647078], [-48.66648360590871, -2.11798723179146], [-48.66658010957547, -2.117981494479912], [-48.66672345147907, -2.117940526969333], [-48.66679672977386, -2.11782296746906], [-48.666882419049514, -2.1176455028457943], [-48.66692237074023, -2.117339060960305]]]}, "properties": {"id": 268, "Parcela": "M-104", "ANO": 2010, "Ha": 25.48, "PLANTAS": 3935, "VARIEDADE": "PB-121", "Rot_labels": -15}}, {"type": "Feature", "geometry": {"type": "Polygon", "coordinates": [[[-48.668103485311136, -2.1153706572374498], [-48.66778397978353, -2.1151320123309683], [-48.66750224442434, -2.1149082072047927], [-48.66673121876945, -2.1143178623008256], [-48.66665304069785, -2.1141878799827065], [-48.66418568353034, -2.112337780564679], [-48.66090251712164, -2.1098533249215814], [-48.66080864651009, -2.110039245537567], [-48.660757691991044, -2.110158363296498], [-48.660797108307754, -2.110209506456045], [-48.660683949535574, -2.110425021139521], [-48.660516875123236, -2.110853302092779], [-48.66050825533483, -2.1109582940199902], [-48.66050257106805, -2.1109866651373874], [-48.66047988493882, -2.1110660940141264], [-48.66044590668117, -2.11115118173422], [-48.66039209289575, -2.111295836827376], [-48.660349558473186, -2.1114433469612006], [-48.66034097684696, -2.1115227971805144], [-48.66030978123432, -2.1116334308393974], [-48.66021915115417, -2.1118745211657144], [-48.6602077188528, -2.1119738328573234], [-48.66020762964906, -2.112033430127896], [-48.660204736525785, -2.112081671263769], [-48.660170766672906, -2.1121610830048847], [-48.66014528503025, -2.1122234797727972], [-48.66009151356888, -2.1123397551309036], [-48.66004617932554, -2.112473071091656], [-48.66002621625081, -2.1126177773771806], [-48.66002900316524, -2.112640485371263], [-48.659991086469425, -2.1128352046140355], [-48.660105054460836, -2.112882445329145], [-48.660403115174, -2.113012334026646], [-48.66063398415212, -2.113100936396553], [-48.660861880674865, -2.1132218935116307], [-48.66131191385315, -2.1134049640030472], [-48.66166548823332, -2.1135643543198306], [-48.66280221167731, -2.114060290912111], [-48.66361749969569, -2.1144145363754845], [-48.664181471984364, -2.114665439755166], [-48.66493459825462, -2.11496910174134], [-48.66598447530419, -2.115438910338281], [-48.66625625647438, -2.1155452251150786], [-48.66664781953633, -2.11572232346376], [-48.666972194825846, -2.115855193687647], [-48.667439731638424, -2.116067708160035], [-48.66762091057684, -2.1161444681779176], [-48.66769429233959, -2.1161582880342458], [-48.66786608011098, -2.1160494132410954], [-48.667976452737534, -2.115811189278153], [-48.66808118343676, -2.1155729567364374], [-48.668103485311136, -2.1153706572374498]]]}, "properties": {"id": 267, "Parcela": "M-103", "ANO": 2010, "Ha": 21.43, "PLANTAS": 3227, "VARIEDADE": "PB-121", "Rot_labels": -15}}, {"type": "Feature", "geometry": {"type": "Polygon", "coordinates": [[[-48.669711089881275, -2.1140826376974986], [-48.66977305721717, -2.114145167085352], [-48.669806798297344, -2.1142190058113144], [-48.66982354602402, -2.114338226732635], [-48.66982341050014, -2.114429042244022], [-48.669840132800246, -2.1145652910773336], [-48.66980041948613, -2.1147128066251355], [-48.6697607739286, -2.114814914409891], [-48.66978869519559, -2.115007939982314], [-48.66973779976807, -2.115087326831632], [-48.669658567884746, -2.1152518105786746], [-48.66961893921912, -2.1153425663964143], [-48.669534167127495, -2.1154389299629144], [-48.6694944875848, -2.115563741572128], [-48.66943794175908, -2.1156487958142156], [-48.66936441097857, -2.1157735562341715], [-48.66924002705894, -2.1159493235738727], [-48.66912706251051, -2.116034292469803], [-48.669087459198565, -2.1161080203173808], [-48.66903087091248, -2.116221454327822], [-48.668985625715756, -2.116295173630202], [-48.66894601389952, -2.116374577424843], [-48.66888382611929, -2.116459623046657], [-48.66880472120653, -2.1165389670916244], [-48.66873124118794, -2.116629671587655], [-48.66865207687054, -2.1167487473581152], [-48.668589812688026, -2.1168848766116626], [-48.66842701361212, -2.116910593264489], [-48.66827978909563, -2.117052582652299], [-48.66823400157857, -2.1171340811645623], [-48.6681153950312, -2.1172190412897143], [-48.66802487897554, -2.117383507557648], [-48.667940123611, -2.1174685188775557], [-48.66776495400424, -2.1176498848518563], [-48.667414240925716, -2.1182623588170815], [-48.66704670376295, -2.1188066952474753], [-48.666339684587406, -2.1199975769466004], [-48.66633947194422, -2.120139475819001], [-48.66627148876669, -2.120326679630788], [-48.66625823943151, -2.120444832490318], [-48.66626374452622, -2.1205443892073057], [-48.66622963534576, -2.120666639734308], [-48.66618618002932, -2.1207806275915075], [-48.66618039349681, -2.1208771102522346], [-48.66616895657301, -2.120979260304789], [-48.666157536661295, -2.1210700584473123], [-48.66614974157201, -2.121155727585003], [-48.6661409999443, -2.1213292128819154], [-48.66612945673076, -2.1214856284915626], [-48.66615668550585, -2.1216376538533077], [-48.66621384483984, -2.1217701804669082], [-48.666167611707, -2.121876061052586], [-48.66616749251418, -2.1219555244094455], [-48.666167322230955, -2.122069043490516], [-48.666153796193306, -2.1222223232718465], [-48.6661960584726, -2.1223190915612293], [-48.66620064557084, -2.122421004043725], [-48.66621177604444, -2.1225231883535116], [-48.66617777998778, -2.12261962816716], [-48.66620581053745, -2.1227388660442745], [-48.66625611689519, -2.1228027033730057], [-48.66636062786228, -2.122865435353658], [-48.666431225740304, -2.1229195831153205], [-48.66650013694248, -2.1228417082039868], [-48.66683817967653, -2.1223966238970378], [-48.66730743549185, -2.1217434388381244], [-48.66813275763241, -2.1206719315888125], [-48.669806090021964, -2.1184703153084348], [-48.67069745474227, -2.1172290274857626], [-48.67183052545228, -2.1157517298840514], [-48.67189153845993, -2.1155982324852407], [-48.67188463180386, -2.1154901405349897], [-48.67125064827551, -2.115011349305824], [-48.67018041778183, -2.1141649915740435], [-48.670115389078525, -2.114167737625888], [-48.669875408083534, -2.1139483682396834], [-48.669711089881275, -2.1140826376974986]]]}, "properties": {"id": 264, "Parcela": "LM-094", "ANO": 1999, "Ha": 20.65, "PLANTAS": 3268, "VARIEDADE": "PB-141", "Rot_labels": -15}}, {"type": "Feature", "geometry": {"type": "Polygon", "coordinates": [[[-48.656484186592074, -2.085416191381256], [-48.65647647147256, -2.085290339595628], [-48.65475756650833, -2.0840467368586935], [-48.655033531205106, -2.0835086452038305], [-48.65440101535205, -2.08300332336801], [-48.65433590805779, -2.083697214512691], [-48.65289447226291, -2.0827202623760344], [-48.65277029282863, -2.082720238906915], [-48.65267453551114, -2.082617928929535], [-48.652668986275, -2.0825554855533963], [-48.65267472039893, -2.0824930590871396], [-48.65268042930915, -2.082447660326219], [-48.65270306326051, -2.082402286927647], [-48.65275393082304, -2.082339928090103], [-48.652821731826, -2.082271918703745], [-48.65288953282315, -2.0822039093077804], [-48.65292849358938, -2.0821099302755055], [-48.652853363584406, -2.0819353726596663], [-48.653142625465286, -2.0817389474976133], [-48.65041275946191, -2.0797401185759963], [-48.649915130063576, -2.080441791107355], [-48.64968710654317, -2.0807687429993815], [-48.64909337940786, -2.0816137915219723], [-48.64937013517764, -2.081813301109414], [-48.65581468568506, -2.086413525454153], [-48.65615621965648, -2.0859208575997137], [-48.65627371588993, -2.0857088471736733], [-48.656484186592074, -2.085416191381256]]]}, "properties": {"id": 344, "Parcela": "P-123(2)", "ANO": 2003, "Ha": 17.81, "PLANTAS": 2913, "VARIEDADE": "PB-132", "Rot_labels": -30}}, {"type": "Feature", "geometry": {"type": "Polygon", "coordinates": [[[-48.65037388468701, -2.0796948668262494], [-48.64629609380546, -2.076677693418525], [-48.645762707568515, -2.0771199348819964], [-48.64531388745721, -2.0772974983455836], [-48.64497076167423, -2.0773728290147773], [-48.64491377663644, -2.0773390592144305], [-48.64483482744375, -2.0773162372683247], [-48.64481221886554, -2.077344582771267], [-48.64475568479835, -2.077423960327928], [-48.64472171724756, -2.0775033717282456], [-48.64468779175152, -2.0775544037759825], [-48.64465383260157, -2.077628139298199], [-48.644631131468856, -2.0777189193523626], [-48.64459157274164, -2.077764267055656], [-48.64454649858534, -2.0777244682556555], [-48.64446752416481, -2.0777186738812383], [-48.64442227332176, -2.077798068320756], [-48.644337589957956, -2.07783767241585], [-48.64421921930478, -2.0780227853481787], [-48.6489352164337, -2.08151116285113], [-48.649060960737465, -2.081551407388725], [-48.65037388468701, -2.0796948668262494]]]}, "properties": {"id": 346, "Parcela": "P-133(2)", "ANO": 2003, "Ha": 15.88, "PLANTAS": 2448, "VARIEDADE": "PB-132", "Rot_labels": -30}}, {"type": "Feature", "geometry": {"type": "Polygon", "coordinates": [[[-48.6522846047127, -2.0541817800923816], [-48.64963245063639, -2.0585645665171293], [-48.64967011204472, -2.058584403829091], [-48.6497577034982, -2.058615820034132], [-48.64990180598815, -2.058667229511316], [-48.6500289922812, -2.058687327610094], [-48.65116563490155, -2.05904596142411], [-48.651752695064005, -2.0592189065487325], [-48.65196132176368, -2.0592123543118155], [-48.65286862469783, -2.057795609483174], [-48.65320592964539, -2.057187447047106], [-48.65384924161623, -2.0561075971324243], [-48.65388327382525, -2.0560336978535174], [-48.655254795036996, -2.0538115465975846], [-48.655283239393846, -2.053692131407811], [-48.65507422302193, -2.0535666772239196], [-48.65476626546492, -2.0534382327558984], [-48.65435936266407, -2.0533096421861874], [-48.6531245742185, -2.052886874716461], [-48.6522846047127, -2.0541817800923816]]]}, "properties": {"id": 325, "Parcela": "S-141", "ANO": 2009, "Ha": 19.02, "PLANTAS": 2889, "VARIEDADE": "PB-141", "Rot_labels": 60}}, {"type": "Feature", "geometry": {"type": "Polygon", "coordinates": [[[-48.65016509087537, -2.0531079542514226], [-48.6473362721528, -2.0577163027372265], [-48.64735022783619, -2.057838624150475], [-48.64955429427183, -2.058523081581015], [-48.650124615461, -2.057645799788966], [-48.65091066480511, -2.0563698853238894], [-48.651271573191174, -2.055716970257349], [-48.65222657350596, -2.0541455341689536], [-48.652954987036594, -2.052863870504649], [-48.65263135493739, -2.052666771962106], [-48.651497024985176, -2.052332692959699], [-48.65115622664159, -2.052206924455504], [-48.65094333924328, -2.0520127637158816], [-48.65081626894975, -2.052004327154838], [-48.65073007252292, -2.052078438691321], [-48.65047562479791, -2.0522719086511616], [-48.65036068414847, -2.0523789727083557], [-48.650368304639784, -2.0527749248142992], [-48.65033945798859, -2.052877991749094], [-48.65022172214517, -2.052968997074934], [-48.65019904806356, -2.053042750321287], [-48.65016509087537, -2.0531079542514226]]]}, "properties": {"id": 326, "Parcela": "S-142", "ANO": 2009, "Ha": 19.2, "PLANTAS": 2939, "VARIEDADE": "PB-141", "Rot_labels": 60}}, {"type": "Feature", "geometry": {"type": "Polygon", "coordinates": [[[-48.64843440940052, -2.054927767487525], [-48.648508094573444, -2.0548027316385955], [-48.649187606148296, -2.0541367031471056], [-48.64919918812037, -2.0539323878200473], [-48.64917674792391, -2.0537911846088304], [-48.64921639247271, -2.053745735989866], [-48.64936919188634, -2.0536492591236515], [-48.64934640001069, -2.0535693479592747], [-48.649374823593455, -2.0534218165515443], [-48.64941488961007, -2.0533307756053136], [-48.64954508128076, -2.0532285767966383], [-48.64970839770951, -2.05292850648048], [-48.64970858018941, -2.052803636858218], [-48.649625076937205, -2.05265416531181], [-48.648159008615025, -2.051869840028877], [-48.64719155622529, -2.053407232439902], [-48.646416776660324, -2.054694511847608], [-48.64598132891434, -2.055409028189023], [-48.645540189059425, -2.056157590830697], [-48.64537696771572, -2.0563993739280795], [-48.64493517680561, -2.0570875378076408], [-48.645018949467186, -2.0571553989767386], [-48.647081758457794, -2.057772809006215], [-48.64728673566817, -2.0577551083231835], [-48.647506484464834, -2.057312678576883], [-48.64844729113394, -2.055783892172682], [-48.64937352883118, -2.0543072554665667], [-48.64970547190602, -2.0537407714082736], [-48.650148282253895, -2.05303699933086], [-48.650154097982636, -2.052917813906529], [-48.6500940846035, -2.0528425766873797], [-48.64993992581251, -2.0527755995120702], [-48.64990601007345, -2.052820956590655], [-48.64987203627352, -2.0529060449143994], [-48.649849378774725, -2.05296844635328], [-48.64979846367437, -2.0530648614168587], [-48.64971361621093, -2.053217985314034], [-48.64969655047827, -2.053314450436029], [-48.6495872409862, -2.0533964473899853], [-48.64949871399, -2.0535752492701365], [-48.64949858951518, -2.0536603876352655], [-48.64948723999331, -2.053705778064919], [-48.64943643269932, -2.0537284064842147], [-48.64939123377458, -2.053773746812208], [-48.64934036008196, -2.0538417823471318], [-48.64929507814835, -2.0539438815670303], [-48.649272345868674, -2.0540573659645376], [-48.64930047899551, -2.0541084907327702], [-48.64929469630755, -2.0542049725135443], [-48.64868336862114, -2.0548029912714227], [-48.64843440940052, -2.054927767487525]]]}, "properties": {"id": 327, "Parcela": "S-143", "ANO": 2009, "Ha": 16.41, "PLANTAS": 2545, "VARIEDADE": "PB-141", "Rot_labels": 60}}, {"type": "Feature", "geometry": {"type": "Polygon", "coordinates": [[[-48.646072823148394, -2.050715203437137], [-48.64258926928965, -2.056417136514972], [-48.6448755586446, -2.057101146250888], [-48.647989107452624, -2.051978087465647], [-48.647949786076126, -2.051886595701007], [-48.647859413728476, -2.0518238895048455], [-48.64759954651141, -2.051675606422475], [-48.64739614438446, -2.0515786025519747], [-48.64719839628934, -2.0514816070503965], [-48.64709102880901, -2.0514416293379796], [-48.64695550785675, -2.051321972312734], [-48.64675781808048, -2.051185158091137], [-48.6466364049574, -2.0511076739372562], [-48.6465745637069, -2.0509600092401383], [-48.646518198045186, -2.0509258704814326], [-48.646473132072025, -2.0508803966628224], [-48.64639436619785, -2.050732706942306], [-48.6463436752833, -2.050675873025773], [-48.64627038501061, -2.0506417092315914], [-48.64620824506198, -2.050698376178019], [-48.646151788144486, -2.0507266720784285], [-48.646072823148394, -2.050715203437137]]]}, "properties": {"id": 328, "Parcela": "S-144", "ANO": 2009, "Ha": 18.03, "PLANTAS": 2852, "VARIEDADE": "PB-141", "Rot_labels": 60}}, {"type": "Feature", "geometry": {"type": "Polygon", "coordinates": [[[-48.641018824365354, -2.055929577464421], [-48.64208016182059, -2.0562750204252933], [-48.64238531807681, -2.0563835533046197], [-48.64250406840342, -2.056372353035407], [-48.64258664435983, -2.0562837495543707], [-48.64610973382063, -2.0505506572634364], [-48.64610418355413, -2.050488214264505], [-48.64605919228166, -2.05039165756743], [-48.64598026049551, -2.0503574854340467], [-48.6458843957984, -2.0503289641324502], [-48.645822438433036, -2.0502607617862294], [-48.64567577500819, -2.0502491929751665], [-48.645605837154854, -2.050205048468308], [-48.64554051915386, -2.0501525027257523], [-48.6454672289518, -2.0501183389418047], [-48.64531475806015, -2.0502202792488697], [-48.64522430256752, -2.0503506907448474], [-48.64511706355638, -2.050384587317971], [-48.6450266080361, -2.0505149987731013], [-48.644953110316045, -2.050622731774115], [-48.64489082923279, -2.0507758884456795], [-48.64489066316691, -2.050889405892178], [-48.644839781375936, -2.050963117042254], [-48.6447832082128, -2.0510708750614017], [-48.64459674676609, -2.0512692548179383], [-48.644506299412484, -2.051393990264694], [-48.644461067421126, -2.0514620338504783], [-48.64444960988425, -2.051581210414396], [-48.64447199326161, -2.0517061130001015], [-48.644477501865175, -2.05179693528797], [-48.64433639691152, -2.051842133261093], [-48.64426880646704, -2.0517682466346447], [-48.644189908024366, -2.051711370901035], [-48.64415609204477, -2.0517225849810443], [-48.64357002876829, -2.051273321945331], [-48.6434571232967, -2.0512902698331823], [-48.643389300236706, -2.05137530749437], [-48.64333282672482, -2.0514149549410035], [-48.64321998774851, -2.0514204635679643], [-48.64314663950927, -2.051426030723503], [-48.64309017431027, -2.051460002287573], [-48.64292072882823, -2.0515959721361585], [-48.64274549212815, -2.05183409911024], [-48.64257598005416, -2.0520154757437696], [-48.642468508162516, -2.0522082960879247], [-48.64242291840036, -2.0525204015580174], [-48.64242259394821, -2.052741760178703], [-48.64242245250938, -2.0528382498336755], [-48.642326280155416, -2.053019735100832], [-48.64223569936417, -2.053235283877038], [-48.642212933476806, -2.05337147105259], [-48.64215637662219, -2.053467876950509], [-48.64203207970393, -2.053592561640678], [-48.64198667268989, -2.0537797980250536], [-48.64191879108489, -2.053904566428049], [-48.64182830167984, -2.05405768060266], [-48.64180542740961, -2.0542676538899056], [-48.64176005358315, -2.054432186776639], [-48.6417429790448, -2.0545343271023633], [-48.641578799631226, -2.0549257183050478], [-48.6415279424659, -2.0549824014462135], [-48.64144321940028, -2.0550503859984306], [-48.64122829923966, -2.0554189981241824], [-48.641018824365354, -2.055929577464421]]]}, "properties": {"id": 329, "Parcela": "S-151", "ANO": 2009, "Ha": 13.93, "PLANTAS": 2143, "VARIEDADE": "PB-141", "Rot_labels": 60}}, {"type": "Feature", "geometry": {"type": "Polygon", "coordinates": [[[-48.67874290634575, -2.1057837612942665], [-48.67385606373127, -2.11251447019122], [-48.676120455641986, -2.1139617559802977], [-48.679652660756005, -2.1090460758746388], [-48.67931939317551, -2.1088180345965855], [-48.67908777695046, -2.10867547382229], [-48.67940149702209, -2.1080749838208], [-48.67950350497987, -2.1077686316244004], [-48.679424905448954, -2.107507416782389], [-48.67904134183541, -2.1074500814658945], [-48.678906088161156, -2.107347710299916], [-48.67886112133442, -2.1072341224874096], [-48.6789179268648, -2.1069731107694536], [-48.67903555733323, -2.1067114302992334], [-48.67939215792357, -2.1064559808480827], [-48.679455059567736, -2.106269789023032], [-48.67874290634575, -2.1057837612942665]], [[-48.674306709544034, -2.1129579809304007], [-48.67434705322047, -2.1129001830727594], [-48.67381269379935, -2.112569583931944], [-48.673703276932535, -2.1126677787224586], [-48.672688967432705, -2.1140895708760175], [-48.67269452881281, -2.1142168681070657], [-48.67277489732171, -2.114315348899662], [-48.67301045876779, -2.114471922369769], [-48.67318319811328, -2.114333322314739], [-48.67340202366322, -2.1141427189672584], [-48.674306709544034, -2.1129579809304007]]]}, "properties": {"id": 259, "Parcela": "LM--082", "ANO": 2010, "Ha": 25.15, "PLANTAS": 3998, "VARIEDADE": "PB-121", "Rot_labels": -15}}, {"type": "Feature", "geometry": {"type": "Polygon", "coordinates": [[[-48.67261123102543, -2.114055601185454], [-48.67343352068126, -2.1129232754233547], [-48.67850098085997, -2.1059836287514853], [-48.678552976107916, -2.1058245949503953], [-48.67889880696941, -2.1053072767028898], [-48.67925913501589, -2.1047089774527645], [-48.67688054091923, -2.1031200843442024], [-48.675335795813325, -2.105455260506116], [-48.67549637081033, -2.105762152468748], [-48.67579497127773, -2.106069251611838], [-48.67528998711525, -2.10643276253772], [-48.674942682643675, -2.1061392826523457], [-48.67478636490723, -2.1062219357307], [-48.674673359397694, -2.106335286110981], [-48.67452071771697, -2.106545068972913], [-48.67446413071721, -2.106658504021158], [-48.674272012809, -2.106856875494829], [-48.674192807793005, -2.107004332524702], [-48.67414185416007, -2.107123451979266], [-48.67404574880818, -2.107253855579841], [-48.673926958025085, -2.1074636890558676], [-48.673768741623824, -2.1076280552393194], [-48.67354816126242, -2.107996663537402], [-48.673333315359386, -2.1083028443453666], [-48.67318625597734, -2.1085523670259154], [-48.67296020207697, -2.108807446798674], [-48.67259845658663, -2.1092553060613124], [-48.672355257397044, -2.10965793553022], [-48.67230432871004, -2.1097600267284213], [-48.67169374960614, -2.110604829907855], [-48.67141664788607, -2.1110414635790997], [-48.6712300608321, -2.1113136298157933], [-48.670845628096124, -2.111840917065043], [-48.6707380944753, -2.112067794353464], [-48.67070973293127, -2.112169919327379], [-48.670630594630744, -2.1122719677074135], [-48.67055714047495, -2.1123456447194835], [-48.6704845859113, -2.112576227381509], [-48.671967407114415, -2.1135398205445], [-48.671982485327305, -2.113721383985953], [-48.672057575050715, -2.113741898370986], [-48.67215365164515, -2.113773330061279], [-48.67231472312188, -2.113824769547767], [-48.6723739958697, -2.113890276739608], [-48.67261123102543, -2.114055601185454]]]}, "properties": {"id": 260, "Parcela": "LM-083", "ANO": 2010, "Ha": 39.13, "PLANTAS": 6187, "VARIEDADE": "PB-121", "Rot_labels": -15}}, {"type": "Feature", "geometry": {"type": "Polygon", "coordinates": [[[-48.66519399972415, -2.105564044888081], [-48.6634756597716, -2.1048113080986077], [-48.663287181535665, -2.1050694373068306], [-48.662738750607105, -2.105857567806359], [-48.662618188905974, -2.1060150213970865], [-48.66220172104789, -2.106566251374442], [-48.66215078392435, -2.106674017552227], [-48.66211499134353, -2.1067644373810905], [-48.66281484232953, -2.107074378209902], [-48.663785002796466, -2.107496513792727], [-48.66454185242169, -2.1078212494091546], [-48.66462954362575, -2.107841974054112], [-48.66471146565713, -2.107809738333825], [-48.66469411425053, -2.107680274768171], [-48.66480160638757, -2.1072342619627773], [-48.66487535606432, -2.1069619270084035], [-48.66500016954524, -2.1064966862790127], [-48.66509080219675, -2.10625275650686], [-48.66523263376413, -2.105725105665928], [-48.66519399972415, -2.105564044888081]]]}, "properties": {"id": 273, "Parcela": "N-102", "ANO": 1999, "Ha": 6.79, "PLANTAS": 1046, "VARIEDADE": "PB-141", "Rot_labels": -15}}, {"type": "Feature", "geometry": {"type": "Polygon", "coordinates": [[[-48.6439742819727, -2.067815265662808], [-48.6416455122247, -2.071614515497671], [-48.64230087519608, -2.0719567999611836], [-48.64129755873424, -2.0736788758537448], [-48.64067616251291, -2.0733081994682343], [-48.63923731143948, -2.0756378809936016], [-48.64118552393232, -2.076839051407368], [-48.64499429808435, -2.070540154991984], [-48.64477113776548, -2.070421787209557], [-48.64452530883423, -2.0703389379953148], [-48.644573515203575, -2.0702394631965557], [-48.64429133836598, -2.0698835168651915], [-48.64428005969548, -2.069863590635072], [-48.64433942288566, -2.0698665235703886], [-48.64449745031656, -2.0700601651250055], [-48.644680927258285, -2.070249578457498], [-48.64496616892544, -2.0702850832698343], [-48.64505672357195, -2.070383817461996], [-48.645961317939125, -2.069033546571725], [-48.6439742819727, -2.067815265662808]]]}, "properties": {"id": 298, "Parcela": "P-141", "ANO": 2007, "Ha": 23.86, "PLANTAS": 4834, "VARIEDADE": "AVeBr", "Rot_labels": 60}}, {"type": "Feature", "geometry": {"type": "Polygon", "coordinates": [[[-48.64196684081121, -2.066519628645055], [-48.639558048067514, -2.0704637584480703], [-48.640066472156796, -2.0707603155924383], [-48.64013979764414, -2.07087988130774], [-48.640332076560895, -2.0708517275005893], [-48.64085742111065, -2.0711767519342215], [-48.64090836628958, -2.0711370096070247], [-48.64158621853932, -2.0715646533587875], [-48.64389869464038, -2.067756894146451], [-48.64196684081121, -2.066519628645055]], [[-48.640600056387505, -2.073157343367541], [-48.6402075604458, -2.072846738326183], [-48.639690646583944, -2.072555856077589], [-48.63964997929489, -2.0724940609655844], [-48.63943698517054, -2.072374135358702], [-48.63937544455469, -2.0724070378626056], [-48.63908043099279, -2.072307610980864], [-48.639023020396955, -2.072319897914526], [-48.638953293124985, -2.072344539416427], [-48.63887133475102, -2.072323794728828], [-48.638789377441334, -2.0721847601891557], [-48.638379220537985, -2.07234626334255], [-48.63815319797526, -2.0728176388821726], [-48.63719572000963, -2.0743710790682233], [-48.63915468410532, -2.0755784208792294], [-48.63949857718621, -2.075071552970493], [-48.64002461647651, -2.074189731485305], [-48.64049225468411, -2.0734103144202325], [-48.640600056387505, -2.073157343367541]]]}, "properties": {"id": 299, "Parcela": "P-142", "ANO": 2007, "Ha": 20.79, "PLANTAS": 4237, "VARIEDADE": "AVeBr", "Rot_labels": 60}}, {"type": "Feature", "geometry": {"type": "Polygon", "coordinates": [[[-48.64185669035831, -2.066449781408854], [-48.63991128171447, -2.065280533935505], [-48.63870652195236, -2.0673095641146246], [-48.63740720418855, -2.0694867743839396], [-48.63790885097706, -2.069787086798212], [-48.63817144233744, -2.069875586424173], [-48.63829393281447, -2.069952128594118], [-48.63841060243905, -2.070016914567788], [-48.63852139902627, -2.0701051866964377], [-48.63866727741, -2.070158268972495], [-48.63878982883666, -2.0701936950688182], [-48.638889131559935, -2.070158601439755], [-48.639338191319034, -2.0704882038565873], [-48.63943156887165, -2.070511838747022], [-48.63953684034639, -2.0703886478830222], [-48.640556632410025, -2.06872790498225], [-48.64185669035831, -2.066449781408854]], [[-48.638319989857756, -2.0723023458298604], [-48.63830981155348, -2.0722549005670885], [-48.63826885990233, -2.072225968694378], [-48.638186864898955, -2.072229970013387], [-48.6381129831894, -2.0722917243520445], [-48.638022709813185, -2.0723493297363276], [-48.637998162066, -2.0723162981297305], [-48.63794899319764, -2.072299726960337], [-48.637875160405784, -2.072328486580911], [-48.63776852595126, -2.0723613213114254], [-48.637702953204126, -2.0723488498615716], [-48.63761282049731, -2.0723115954785407], [-48.63754319724367, -2.072266123188438], [-48.63744890395247, -2.0722701060059108], [-48.6374202384368, -2.072249441258032], [-48.63732196803494, -2.0721709312172343], [-48.63725224694786, -2.0721914482862065], [-48.63720301083616, -2.0722202447870224], [-48.637133332567096, -2.0722118915059893], [-48.63704728100555, -2.072187016270694], [-48.63694480722171, -2.0721786137527403], [-48.63686281841337, -2.072178490668128], [-48.636759711293486, -2.072096388891745], [-48.63610438586901, -2.071731350045425], [-48.636006690364574, -2.0717359007626084], [-48.635192932831664, -2.07312870486025], [-48.63711825968288, -2.074326764936113], [-48.63826844414295, -2.0725064236605513], [-48.63832188978891, -2.0724033951838274], [-48.638319989857756, -2.0723023458298604]]]}, "properties": {"id": 300, "Parcela": "P-143", "ANO": 2007, "Ha": 18.93, "PLANTAS": 3696, "VARIEDADE": "AVeBr", "Rot_labels": 60}}, {"type": "Feature", "geometry": {"type": "Polygon", "coordinates": [[[-48.63794765170142, -2.064051978902161], [-48.636323929401726, -2.066715686779825], [-48.636341383298024, -2.0667568290268714], [-48.636347039026944, -2.0668801858194503], [-48.636305797551124, -2.0671326944150525], [-48.63619871508823, -2.0672149352647673], [-48.63607161387662, -2.067137952019637], [-48.63533198614431, -2.068339930821151], [-48.635603184134176, -2.0684711696315317], [-48.63572196019748, -2.0684429059362173], [-48.63575577464452, -2.068516905266951], [-48.63573307439359, -2.068573754795235], [-48.63654660160843, -2.069012978060603], [-48.63663146219587, -2.0689789751191086], [-48.63738288884642, -2.0693555333642015], [-48.6398597447781, -2.0652636151244623], [-48.63794765170142, -2.064051978902161]], [[-48.63604523392498, -2.0715862081177647], [-48.635181546242976, -2.0706577094926373], [-48.63501793452288, -2.0704185530277286], [-48.6348880949798, -2.070281837646219], [-48.63441365685085, -2.0699455126763353], [-48.63422689777694, -2.070064687652754], [-48.63412517035288, -2.0702709979422322], [-48.63405135007009, -2.070291508762373], [-48.63401435732162, -2.070357442559403], [-48.63395684907351, -2.0704357185435165], [-48.63391576912596, -2.070493397523195], [-48.63383774536775, -2.070584015678997], [-48.63378428755892, -2.0706952923901167], [-48.633706178079144, -2.0708436510574866], [-48.63362383445756, -2.0710827386707438], [-48.63355813340667, -2.0711568779439986], [-48.633336182553535, -2.0715483559820353], [-48.63325164919618, -2.0719233122359], [-48.63511579820141, -2.0730524076515415], [-48.63604523392498, -2.0715862081177647]]]}, "properties": {"id": 301, "Parcela": "P-144", "ANO": 2007, "Ha": 19.57, "PLANTAS": 3855, "VARIEDADE": "AVeBr", "Rot_labels": 60}}, {"type": "Feature", "geometry": {"type": "Polygon", "coordinates": [[[-48.633262822011915, -2.07201434256807], [-48.63274111224351, -2.0733241189675846], [-48.632471277362065, -2.0741812749768163], [-48.6324126763866, -2.0743280295624738], [-48.63237748083839, -2.0744395771031754], [-48.632348097317546, -2.0745687545257923], [-48.63230704600715, -2.0746920406587197], [-48.63224852361074, -2.074785931911311], [-48.63218978268391, -2.075026665610646], [-48.63211952254364, -2.0751616551324705], [-48.63207263289713, -2.0752849324248066], [-48.632019931206194, -2.075390579818193], [-48.63202555087519, -2.075537431053059], [-48.63198451692776, -2.075648969723754], [-48.631990215271735, -2.075742957679266], [-48.63199008409614, -2.0758310631397467], [-48.631925644602894, -2.0759778087840894], [-48.63185530559634, -2.076165661489113], [-48.63179680928208, -2.0762419315403955], [-48.63172659269927, -2.076347552461289], [-48.63169726142113, -2.0764414875907673], [-48.63170876295974, -2.076558979116916], [-48.63173191476313, -2.0766941093391185], [-48.63185920908833, -2.076767683966085], [-48.63197774843032, -2.0768986945202967], [-48.632079393541815, -2.076984172888263], [-48.63256605155513, -2.077188758713948], [-48.63264201026167, -2.0771477572367774], [-48.634122675053504, -2.0747417636724377], [-48.63502524111169, -2.073114843425675], [-48.633262822011915, -2.07201434256807]]]}, "properties": {"id": 288, "Parcela": "O-144", "ANO": 2007, "Ha": 9.69, "PLANTAS": 1876, "VARIEDADE": "AVeBr", "Rot_labels": 60}}, {"type": "Feature", "geometry": {"type": "Polygon", "coordinates": [[[-48.635132599743216, -2.0731605116224765], [-48.63266987789978, -2.0772268176885893], [-48.63282237535931, -2.077335126117039], [-48.63287305817029, -2.0774717227806248], [-48.63285026416602, -2.07759114363781], [-48.63276948971718, -2.077794057926196], [-48.63272262604251, -2.0778997141017683], [-48.632716647749305, -2.077993684502288], [-48.63291724800274, -2.0781714557365483], [-48.63305256309197, -2.078427635313245], [-48.63304279452276, -2.078528684387807], [-48.63303101294099, -2.07859915119531], [-48.6330075022859, -2.0787048425973613], [-48.63297230631736, -2.078816390082144], [-48.632942677200894, -2.0791100311050714], [-48.633123374820414, -2.079304136327248], [-48.633204970607295, -2.079398238884976], [-48.63326899903218, -2.0795275572376477], [-48.63328043916638, -2.0796861648258727], [-48.63329183549796, -2.079874140929428], [-48.633621279673534, -2.079998476727806], [-48.636691068769075, -2.0750451869125417], [-48.637079329781685, -2.074352791939386], [-48.635132599743216, -2.0731605116224765]]]}, "properties": {"id": 287, "Parcela": "O-143", "ANO": 2007, "Ha": 16.48, "PLANTAS": 3305, "VARIEDADE": "AVeBr", "Rot_labels": 60}}, {"type": "Feature", "geometry": {"type": "Polygon", "coordinates": [[[-48.66241978610549, -2.063582094517042], [-48.66475175388189, -2.0628557596708235], [-48.663164382660476, -2.0609039266137947], [-48.66214618331674, -2.0612209769777756], [-48.661165649891, -2.06155197118235], [-48.66118717550937, -2.0616589935136744], [-48.66153360557923, -2.062886988149142], [-48.662115585204724, -2.0628151240078805], [-48.66223917276367, -2.0628807240766567], [-48.66235039415746, -2.06322133640314], [-48.66241978610549, -2.063582094517042]]]}, "properties": {"id": 305, "Parcela": "Q-112", "ANO": 2010, "Ha": 6.75, "PLANTAS": 1027, "VARIEDADE": "PB-121", "Rot_labels": -15}}, {"type": "Feature", "geometry": {"type": "Polygon", "coordinates": [[[-48.661015565095376, -2.0870584224965034], [-48.65727935897268, -2.0843365947942725], [-48.65683054404739, -2.0850300574642633], [-48.65686580820444, -2.0850821634619834], [-48.65644575612017, -2.0856287557697297], [-48.656643423762745, -2.0857826398598363], [-48.65700546860451, -2.0860199637369243], [-48.658241990184905, -2.0868373971781105], [-48.65899939741772, -2.087365424448548], [-48.65956372464274, -2.0877438407981717], [-48.66054142683798, -2.088420098244184], [-48.66091985221239, -2.0886937110113983], [-48.66100973522507, -2.0887301095576607], [-48.661074728324245, -2.0884571117623363], [-48.661132805429354, -2.087995264359144], [-48.661170393313164, -2.087620995267004], [-48.661105741586944, -2.087254809286225], [-48.661015565095376, -2.0870584224965034]]]}, "properties": {"id": 289, "Parcela": "P-113", "ANO": 2006, "Ha": 9.25, "PLANTAS": 1314, "VARIEDADE": "PB-121", "Rot_labels": -30}}, {"type": "Feature", "geometry": {"type": "Polygon", "coordinates": [[[-48.65799372323087, -2.0830236328621248], [-48.657837889736214, -2.0832566260769405], [-48.657786796499074, -2.0833959165696037], [-48.65773572005765, -2.0835238301841508], [-48.65734231438989, -2.084145641293208], [-48.65731753421433, -2.0842693362902027], [-48.65756140666109, -2.084424476831562], [-48.657968042370655, -2.084737950017514], [-48.66071347517331, -2.0867820801849466], [-48.6610029714832, -2.0869716546544703], [-48.66105388000414, -2.086957509690947], [-48.66106474762194, -2.0868898195445658], [-48.66107111582086, -2.0867726605671946], [-48.66101760307251, -2.0866360574843807], [-48.66098732567215, -2.086572123834677], [-48.66101207538148, -2.0864690505213646], [-48.661016235894415, -2.0864278126082163], [-48.66103219674135, -2.0863260583139644], [-48.66095750608042, -2.0861723581930853], [-48.66095539492831, -2.085986409326158], [-48.66096655897288, -2.085785556551676], [-48.660893388996364, -2.085559330893844], [-48.66084551166364, -2.085441822399292], [-48.66089951380852, -2.085240786386087], [-48.660868550392365, -2.0851497247535664], [-48.65983492823447, -2.0844115240574337], [-48.65887482391959, -2.083664901036018], [-48.65799372323087, -2.0830236328621248]]]}, "properties": {"id": 290, "Parcela": "P-114", "ANO": 2006, "Ha": 7.08, "PLANTAS": 975, "VARIEDADE": "PB-121", "Rot_labels": -30}}, {"type": "Feature", "geometry": {"type": "Polygon", "coordinates": [[[-48.66214237412193, -2.084042378583891], [-48.662108486936894, -2.084016729882054], [-48.65905871970962, -2.0816585749429617], [-48.65886102216813, -2.0815246010011847], [-48.65871971526168, -2.081400847235934], [-48.65873622295152, -2.081326632566958], [-48.65873628991198, -2.081281264186985], [-48.65879383548549, -2.0811782399655443], [-48.658834989019724, -2.08107106684171], [-48.65888020555365, -2.0809886462249603], [-48.65890436001909, -2.080893247742923], [-48.65895421005867, -2.0808444024765387], [-48.65899941440044, -2.080770230639691], [-48.65904466741304, -2.0806630636036494], [-48.65934266547354, -2.0801837969169674], [-48.65958096107843, -2.079829453357636], [-48.6596322319227, -2.079760695081437], [-48.65970915161214, -2.0796031704669002], [-48.65978021008939, -2.0794928292112123], [-48.65973940935555, -2.079360787208805], [-48.659649292726336, -2.079311159844412], [-48.65960015920605, -2.0792698424432463], [-48.659545743528426, -2.0792218002810214], [-48.65949494856609, -2.079159151517103], [-48.65941872259125, -2.079087932137362], [-48.65933672091756, -2.079099186704429], [-48.659193480498736, -2.0789661668162664], [-48.65870190861601, -2.078713844508], [-48.65851470960079, -2.0786413128849883], [-48.65843276782511, -2.0786081953636857], [-48.6583467326169, -2.0785709473275986], [-48.65828105516504, -2.0786285910082953], [-48.658161852854946, -2.0788428822183396], [-48.658108419206435, -2.0789376637951347], [-48.65804269306774, -2.0790283026084353], [-48.65800575480456, -2.0790571183066926], [-48.657931890441304, -2.0791065009041567], [-48.65786617036641, -2.0791930152946794], [-48.657837364218686, -2.0792672115735162], [-48.65775897168063, -2.079264641180439], [-48.65758941925699, -2.079216036236202], [-48.65746218887312, -2.0792243789272185], [-48.65737011021789, -2.0792046478421042], [-48.657234929538916, -2.079134331126989], [-48.657136510672466, -2.079154806168893], [-48.65704215481506, -2.079200033683742], [-48.656955906703146, -2.0793071393275975], [-48.65693110265832, -2.079447331948913], [-48.65692277580051, -2.0795339319527955], [-48.6569144002392, -2.0796535270984364], [-48.65686922030818, -2.0797112012304013], [-48.6567953254771, -2.079781205661471], [-48.656786992502234, -2.0798719300463198], [-48.65677459044359, -2.07994202634235], [-48.65672928871543, -2.080082188300868], [-48.65666348327894, -2.0802264440085714], [-48.6565334181291, -2.080235534280348], [-48.656448593674284, -2.0802439401661177], [-48.65632255597517, -2.080198204736707], [-48.65591193089236, -2.079918896997707], [-48.65576974846836, -2.079772565340507], [-48.655703072881735, -2.079685358865951], [-48.65560993953226, -2.079577139354363], [-48.655528080828084, -2.0794916904501908], [-48.65539550728051, -2.079289552807251], [-48.65532779648519, -2.079195592412578], [-48.65525160872262, -2.079098775137043], [-48.65516696499349, -2.0789848799246253], [-48.65510765559415, -2.07894497223941], [-48.65503786341904, -2.078945450886474], [-48.65499682567311, -2.0789742603268033], [-48.65495153615101, -2.079106173313852], [-48.65485290422552, -2.0792710017178893], [-48.654663924599824, -2.079542929289302], [-48.65461865327102, -2.07966246905765], [-48.65456933725702, -2.0797448832129444], [-48.654363995993045, -2.0799920397897647], [-48.65428576392168, -2.080222888845955], [-48.65444690507216, -2.0803291178856527], [-48.655666845659574, -2.08124393654326], [-48.65630788284148, -2.0817227242295573], [-48.658601011839814, -2.0833843354098485], [-48.65946225643913, -2.084071081673755], [-48.66036027920567, -2.0847408179318605], [-48.66090819463193, -2.0851056984796013], [-48.66103264285397, -2.0850674874549946], [-48.6612324180793, -2.0848730870315784], [-48.661281950954674, -2.084712331433483], [-48.661445245391015, -2.0846302094117273], [-48.66147447795267, -2.0845192115270677], [-48.661593257292914, -2.0844909467251473], [-48.66175307663817, -2.0843832044848463], [-48.66214237412193, -2.084042378583891]]]}, "properties": {"id": 291, "Parcela": "P-115", "ANO": 2010, "Ha": 22.1, "PLANTAS": 3332, "VARIEDADE": "PB-121", "Rot_labels": -30}}, {"type": "Feature", "geometry": {"type": "Polygon", "coordinates": [[[-48.66149072170839, -2.0628739288743767], [-48.66109123066901, -2.061539394007211], [-48.65350621235393, -2.0638627494023005], [-48.653534890242504, -2.0639695975884518], [-48.653534811591804, -2.064023214575963], [-48.65352646139671, -2.0641263119927817], [-48.65352634643585, -2.0642046752815753], [-48.65348934834861, -2.0642747350136217], [-48.65342775949121, -2.0643406338291177], [-48.65337020352838, -2.064451906939376], [-48.65329202310204, -2.064649761633625], [-48.65325497655473, -2.06475281639844], [-48.65319330290919, -2.064876456528512], [-48.653139852402084, -2.064983611296916], [-48.65306163553068, -2.065206212208987], [-48.653036905498155, -2.065296912065536], [-48.65301220573469, -2.0653669900082097], [-48.65297926463423, -2.065465926436452], [-48.652930807530616, -2.0655191636882893], [-48.652872478540424, -2.0656018726184064], [-48.652871130862096, -2.065729546783423], [-48.653069484011446, -2.066378322356438], [-48.65628238731051, -2.0654331264008077], [-48.656250963663965, -2.0652542543866215], [-48.65626294417313, -2.0651970272582894], [-48.656305524815416, -2.065077633186113], [-48.6565571642677, -2.0650552527821704], [-48.6567835021638, -2.0649361312684107], [-48.657340349050514, -2.0649909974248994], [-48.65756654116046, -2.0649714233100385], [-48.65806980798857, -2.064935194626286], [-48.65835810756849, -2.064975441172777], [-48.659952121295184, -2.0646605673208462], [-48.65995370440399, -2.0646410830494832], [-48.659962078403396, -2.0645214875158007], [-48.659995212253385, -2.064290569532841], [-48.660058417699275, -2.0641175818511557], [-48.660109387642784, -2.0640607727593023], [-48.660188268328646, -2.064031017442621], [-48.660615127854285, -2.063681074235885], [-48.66061934795812, -2.06359859220986], [-48.66067696391858, -2.063446074171181], [-48.66067298502885, -2.063363580007523], [-48.660675877164586, -2.0633221118018823], [-48.660656798113926, -2.063219201573352], [-48.66066524428482, -2.063050113107023], [-48.66083195474839, -2.0629184621356806], [-48.661044024327886, -2.0628903335534603], [-48.66133801161805, -2.062907833786834], [-48.66149072170839, -2.0628739288743767]]]}, "properties": {"id": 309, "Parcela": "Q-122", "ANO": 2010, "Ha": 23.26, "PLANTAS": 3545, "VARIEDADE": "PB-121", "Rot_labels": -15}}, {"type": "Feature", "geometry": {"type": "Polygon", "coordinates": [[[-48.65377143916501, -2.0686860243690575], [-48.660522611226014, -2.0666339896916153], [-48.66031355146683, -2.0665369760293246], [-48.66016089519431, -2.0665339055100325], [-48.660050648775524, -2.0665280536205186], [-48.65996577911307, -2.066567746991401], [-48.659931812917506, -2.0665961389121197], [-48.65989503634101, -2.066613149753181], [-48.659807266331526, -2.066659765384443], [-48.65972935178017, -2.0666761475006425], [-48.65962272264952, -2.0667048602633327], [-48.65941147428608, -2.066706292217702], [-48.65929473298698, -2.066724995912066], [-48.65918817952162, -2.0666775187928237], [-48.65900152382397, -2.066725593788278], [-48.65887138398333, -2.0667908179385757], [-48.65876118350779, -2.066753679532851], [-48.65861700434596, -2.066753465643934], [-48.65847276266408, -2.066795915020971], [-48.658273748079736, -2.066867835599019], [-48.65810008851231, -2.066817378195963], [-48.65786774244141, -2.06681777104833], [-48.65769515533259, -2.0669113742748326], [-48.65746898375694, -2.066916727011774], [-48.65725979948372, -2.0669050395986805], [-48.65715232608917, -2.066936166492822], [-48.65709299580486, -2.0669104804122136], [-48.65701667825808, -2.0669018344424464], [-48.656988428725256, -2.0668875713923844], [-48.65693766300554, -2.066805013593136], [-48.65691233646471, -2.066725337786992], [-48.65678792573809, -2.0667006540925454], [-48.65676542223983, -2.0666625468022737], [-48.65676342243934, -2.0665858469162304], [-48.65654697847983, -2.0660204825706305], [-48.656418011279285, -2.065957712658538], [-48.65636881749363, -2.065957639636298], [-48.65632366270491, -2.065998816616192], [-48.65626620341912, -2.066044099726513], [-48.65624579069512, -2.06598632781519], [-48.65625409853654, -2.065912100937265], [-48.65626654819335, -2.065809009401864], [-48.65628523778115, -2.0656440611155644], [-48.65624972627396, -2.065535469859832], [-48.65613661567273, -2.065555211521152], [-48.65308491569791, -2.066457983286678], [-48.65377143916501, -2.0686860243690575]], [[-48.66225465334649, -2.0653452744899], [-48.66217833971399, -2.065333784597209], [-48.66215824672391, -2.0655413838148315], [-48.662160811682895, -2.0657205742493474], [-48.662092521503794, -2.066021961752972], [-48.662081005251565, -2.0661641563076003], [-48.66243451114426, -2.0660793527958203], [-48.66239520288979, -2.0658944194618587], [-48.662324809573825, -2.065700907419661], [-48.66228546801732, -2.06553872791884], [-48.66225465334649, -2.0653452744899]]]}, "properties": {"id": 308, "Parcela": "Q-121", "ANO": 2009, "Ha": 11.79, "PLANTAS": 1906, "VARIEDADE": "PB-123", "Rot_labels": -15}}, {"type": "Feature", "geometry": {"type": "Polygon", "coordinates": [[[-48.66309163821454, -2.060868266277437], [-48.662107188133355, -2.0596716480240915], [-48.66168841994289, -2.0591340568043166], [-48.66153605871143, -2.058929047239722], [-48.6604444047334, -2.0592147026190877], [-48.66079899625852, -2.0603216316741455], [-48.6608776633083, -2.0606573670325536], [-48.6609620591408, -2.0609419147497405], [-48.66114081806028, -2.0614612509728967], [-48.66309163821454, -2.060868266277437]]]}, "properties": {"id": 306, "Parcela": "Q-113", "ANO": 2009, "Ha": 4.5, "PLANTAS": 668, "VARIEDADE": "PB-123", "Rot_labels": -15}}, {"type": "Feature", "geometry": {"type": "Polygon", "coordinates": [[[-48.66014959184536, -2.0582340986543413], [-48.66043317960696, -2.0591578014595187], [-48.66090262890334, -2.0590475697737114], [-48.66137776968455, -2.0589117481975645], [-48.66139490194964, -2.0587951600174805], [-48.660833189284986, -2.058199886745907], [-48.6607513754186, -2.0580831525682095], [-48.660550822118985, -2.057969087371662], [-48.66040383312337, -2.0579574934897495], [-48.66035082697465, -2.0579869309755137], [-48.66034657110924, -2.0580941594322355], [-48.66018864281407, -2.0581875583433944], [-48.66014959184536, -2.0582340986543413]]]}, "properties": {"id": 307, "Parcela": "Q-114", "ANO": 2009, "Ha": 1.08, "PLANTAS": 164, "VARIEDADE": "PB-123", "Rot_labels": -15}}, {"type": "Feature", "geometry": {"type": "Polygon", "coordinates": [[[-48.66008122811271, -2.0581788670667454], [-48.65963718784728, -2.0582127199693536], [-48.65952995182318, -2.0581818453300107], [-48.659275977113104, -2.0578676572237207], [-48.65841070787827, -2.0576555438185786], [-48.65493058842247, -2.058034731478561], [-48.654975390623925, -2.0586883831556997], [-48.654987592508526, -2.0587543915698587], [-48.65494231148556, -2.0588821808566107], [-48.6549011721283, -2.0589811054863656], [-48.654864011573544, -2.0591625239350657], [-48.6548919905862, -2.0592975070402493], [-48.65481849520205, -2.0594511643135647], [-48.654806106316485, -2.0595130119181544], [-48.65475679814225, -2.059591302436295], [-48.65477282185847, -2.059847038747167], [-48.654780875946216, -2.059946036191508], [-48.6547643513605, -2.0600326240425586], [-48.65473967009197, -2.060090329034708], [-48.654731410811756, -2.060131560764383], [-48.65469024114751, -2.060251107271709], [-48.65465319507696, -2.0603541622953063], [-48.6546284836045, -2.0604324892106254], [-48.65460780518015, -2.0605561904537146], [-48.65455429480963, -2.0607045894188656], [-48.6545080283684, -2.0608783231166954], [-48.65458663509783, -2.060958221072026], [-48.66037185668188, -2.059206062778562], [-48.66033723481288, -2.059038202140544], [-48.660227536649536, -2.058656913487906], [-48.66008122811271, -2.0581788670667454]]]}, "properties": {"id": 311, "Parcela": "Q-124", "ANO": 2009, "Ha": 14.57, "PLANTAS": 2161, "VARIEDADE": "PB-123", "Rot_labels": -15}}, {"type": "Feature", "geometry": {"type": "Polygon", "coordinates": [[[-48.648935740855244, -2.081634175498104], [-48.64416821462685, -2.0781023462655277], [-48.64379390948153, -2.0784537885613465], [-48.64343259652545, -2.0789751205232827], [-48.64338918391644, -2.079078021687674], [-48.64308201493166, -2.0789945032661783], [-48.64298358056723, -2.0789124379567814], [-48.642934380737046, -2.0789164884072107], [-48.64292606547765, -2.0789948387649275], [-48.64291777470039, -2.0790566917164965], [-48.642901333943364, -2.079085537539183], [-48.64286025347422, -2.07914321686326], [-48.64282335819034, -2.0791431614286795], [-48.64274956762556, -2.0791430505569224], [-48.64271227470135, -2.079150308091823], [-48.64234931977114, -2.079589478374825], [-48.64789877967703, -2.083157111971421], [-48.648935740855244, -2.081634175498104]]]}, "properties": {"id": 345, "Parcela": "P-132(2)", "ANO": 2003, "Ha": 15.7, "PLANTAS": 2424, "VARIEDADE": "PB-132", "Rot_labels": -30}}, {"type": "Feature", "geometry": {"type": "Polygon", "coordinates": [[[-48.64607803612707, -2.069078688130583], [-48.645347449910226, -2.0702527525004717], [-48.645224210314026, -2.070425791760273], [-48.64521558496399, -2.0704914233720864], [-48.64551212827318, -2.0706909604709427], [-48.64560258459714, -2.0706967840692454], [-48.64596130577037, -2.0709077909198164], [-48.64618433830912, -2.071112906607551], [-48.64630874419675, -2.0711017157362948], [-48.64639259707455, -2.071071293010531], [-48.64644462615608, -2.0709767739994303], [-48.646848146158554, -2.0707275886149423], [-48.6468965477978, -2.0705932653920813], [-48.64693359515018, -2.0704902114113737], [-48.64699111547673, -2.0704036854931402], [-48.64700254492953, -2.070303531906241], [-48.64723752788383, -2.0700735024866175], [-48.64744190398735, -2.0699303451375295], [-48.64607803612707, -2.069078688130583]], [[-48.6451433352516, -2.070600105928281], [-48.64407562561731, -2.072308909033317], [-48.64405509171325, -2.0723336244835218], [-48.644178049393965, -2.072415392495345], [-48.64486147421546, -2.0728999287391976], [-48.64661794276827, -2.074216577227024], [-48.64666567920245, -2.074247114018666], [-48.64669872500129, -2.074078064223234], [-48.64670714954229, -2.073925475067261], [-48.64673186222343, -2.0738471489750796], [-48.64673606533702, -2.0737770409389404], [-48.64669954193489, -2.0735253996059755], [-48.646687365428434, -2.0734428939518597], [-48.64665474641397, -2.07332323837306], [-48.64665488660097, -2.073228378030715], [-48.646638610610246, -2.0731458662494706], [-48.646610036202055, -2.0730633360752178], [-48.646589636357305, -2.072997315616709], [-48.64657745983052, -2.072914809972396], [-48.64656525283002, -2.072852926141673], [-48.64661867392159, -2.0727663942295904], [-48.646627567461394, -2.072296229146859], [-48.6465991635935, -2.0720982168368725], [-48.646562347566416, -2.072044544965146], [-48.646537848221, -2.0719785183939403], [-48.64648872769961, -2.0719289525029967], [-48.6464723602847, -2.0719083061775465], [-48.64650522303516, -2.071862987219701], [-48.646662608839414, -2.0717301018052074], [-48.646891249039946, -2.0714057588850077], [-48.64692022539312, -2.0712160810406344], [-48.646866968845295, -2.0711912552299476], [-48.646826016790854, -2.0711623234323255], [-48.64681787265194, -2.0711251919117273], [-48.6468179335347, -2.0710839482786354], [-48.64677706671727, -2.0709972753991797], [-48.6467155686304, -2.0710013078853997], [-48.646666350679766, -2.0710177318335745], [-48.64662941286287, -2.071046547243884], [-48.64659238980103, -2.0711331037287573], [-48.64651092162987, -2.0710714427210717], [-48.646415997053296, -2.0712112031843617], [-48.64638061391174, -2.071250432590021], [-48.64634382898598, -2.0712731312120036], [-48.64628444465763, -2.071284419255224], [-48.6451433352516, -2.070600105928281]]]}, "properties": {"id": 351, "Parcela": "P-134(2)", "ANO": 2007, "Ha": 9.68, "PLANTAS": 2020, "VARIEDADE": "AVeBr", "Rot_labels": -15}}, {"type": "Feature", "geometry": {"type": "Polygon", "coordinates": [[[-48.64388506834567, -2.0725508953857354], [-48.64041261573286, -2.0782166786779923], [-48.6403546210161, -2.0783352014138456], [-48.640407776956124, -2.0784259124719195], [-48.64073608078704, -2.0786539411006433], [-48.64105524760728, -2.078847825765967], [-48.64124979164802, -2.0787229739091457], [-48.641711468755055, -2.078612744416502], [-48.642228416557074, -2.0784058952537974], [-48.642285146652405, -2.078556693755481], [-48.642416403247566, -2.0785073986440357], [-48.64250268193811, -2.0783796731208666], [-48.642609298843354, -2.0783592114739085], [-48.642714952711174, -2.0782132210518216], [-48.642856321106535, -2.0782020565957775], [-48.64314477950677, -2.0781342291403706], [-48.64339695466964, -2.077985077452412], [-48.643553544801065, -2.0777263348953094], [-48.644284082881704, -2.0771665176833523], [-48.64440268961928, -2.077066853651033], [-48.64452632729133, -2.0768165960874603], [-48.64468486860143, -2.0766632472482645], [-48.644821618267095, -2.0765395631074774], [-48.644936623497145, -2.076391258338676], [-48.644996398167656, -2.076288280364215], [-48.6451209265503, -2.076194608525573], [-48.64518300734566, -2.076111170711023], [-48.645265180055716, -2.075987562842402], [-48.64539654644732, -2.0758640286717265], [-48.645758254910724, -2.075353680923628], [-48.6459111502911, -2.075194634800561], [-48.646032960918824, -2.0750270094811616], [-48.64610917257919, -2.074941237468382], [-48.64612564979526, -2.0748876453284497], [-48.64615763220116, -2.0748366348106986], [-48.6464890762979, -2.0743763706242975], [-48.646517460160524, -2.0742996197031522], [-48.64624034373403, -2.074026161772754], [-48.64505193989906, -2.073142681605933], [-48.6447417607237, -2.072924162246559], [-48.64446454959475, -2.072715172924612], [-48.644091777881194, -2.0724472605598057], [-48.64398430054539, -2.072481230017747], [-48.64388506834567, -2.0725508953857354]], [[-48.64175754336348, -2.0792125162823965], [-48.64226316907827, -2.079514134356351], [-48.64249918490384, -2.0793582742972663], [-48.6426548093858, -2.0791212930746767], [-48.64279285497879, -2.0791041432902873], [-48.64282176369694, -2.079000043499221], [-48.642643573983015, -2.0789419184377285], [-48.64232712402107, -2.0790455861393737], [-48.64222923974702, -2.0791264392935767], [-48.642114317769064, -2.079062623527459], [-48.641809464019, -2.079102665449886], [-48.64175754336348, -2.0792125162823965]]]}, "properties": {"id": 295, "Parcela": "P-132(1)", "ANO": 2002, "Ha": 22.06, "PLANTAS": 3335, "VARIEDADE": "PB-123", "Rot_labels": 60}}, {"type": "Feature", "geometry": {"type": "Polygon", "coordinates": [[[-48.64773743250803, -2.1019789488014413], [-48.647558944584404, -2.1020838497575456], [-48.64752591961074, -2.102236401498333], [-48.64745209064725, -2.102261035800583], [-48.647394610454484, -2.102318689867472], [-48.64736158543829, -2.1024712415806732], [-48.647345094549706, -2.1025330821628945], [-48.647328566579546, -2.102619668922456], [-48.64706145301963, -2.103048198476849], [-48.64704899364101, -2.1031554132399304], [-48.647081610767756, -2.1032750695044857], [-48.647106078246715, -2.1033617184341913], [-48.64715100638687, -2.1034731446421113], [-48.64717951158518, -2.10360104342538], [-48.64714228171323, -2.1038237030200864], [-48.647109281220075, -2.1039597572118125], [-48.64704762712886, -2.104066897305422], [-48.64714734869373, -2.104094278611669], [-48.647424198407656, -2.1042312204148006], [-48.64757107897157, -2.10431676935873], [-48.64762515099995, -2.104410096721284], [-48.64788731189011, -2.104584604229048], [-48.64900731118039, -2.105216296935277], [-48.649621678709956, -2.105565642008271], [-48.649763033378726, -2.1055658564597994], [-48.64984773534817, -2.105639934312667], [-48.64986147693721, -2.1057704100083554], [-48.65011295545612, -2.1058706338541895], [-48.65125723287012, -2.1064583599258944], [-48.65186631630468, -2.1068032722720837], [-48.65312459994703, -2.1073599623271595], [-48.65327143892245, -2.107473953473711], [-48.6536950189442, -2.1077988360112925], [-48.654064556996545, -2.107834852806283], [-48.65409333438548, -2.1077812793293593], [-48.654113931134226, -2.1077153202720575], [-48.65413460817253, -2.107595744231605], [-48.65414701191881, -2.1075256483586897], [-48.65409791574068, -2.1074595836671035], [-48.65404885662124, -2.10736877268114], [-48.65408995743398, -2.1072987203022318], [-48.6541269401324, -2.1072410348547996], [-48.65419280514855, -2.1070596613900174], [-48.65423807960882, -2.1069401226005313], [-48.65421774222581, -2.1068328575735125], [-48.654230164446105, -2.1067503885378804], [-48.65425893559816, -2.106700939411943], [-48.65429184336757, -2.1066267501919778], [-48.65432068241363, -2.1065319328387946], [-48.654353639548525, -2.10642474853922], [-48.65446452882343, -2.106290873711573], [-48.6544153893998, -2.1062536797459432], [-48.65427411125963, -2.1061482937445013], [-48.65425058700543, -2.1060576389025405], [-48.654117149222955, -2.106010943001786], [-48.653937644267366, -2.105866023757188], [-48.65374903668589, -2.1057084206563084], [-48.65336833575084, -2.1054208875297693], [-48.65274771740967, -2.10494984387138], [-48.651998789281095, -2.1044372782568983], [-48.65104108941415, -2.1037583536279794], [-48.64974181672524, -2.102847907476055], [-48.64958271305671, -2.1027960067935947], [-48.649505744134984, -2.102759728442641], [-48.649403170475, -2.102676917649827], [-48.64905434743381, -2.102443920900807], [-48.64894154276923, -2.1023352648310047], [-48.648843854483715, -2.1022858294224958], [-48.64861324392263, -2.1021126311562544], [-48.64837183568087, -2.1021587589347175], [-48.647964592155915, -2.1020647583338086], [-48.64787992446904, -2.101967927128424], [-48.64773743250803, -2.1019789488014413]], [[-48.65515368333788, -2.1066282897004194], [-48.65438020225595, -2.1085306401792736], [-48.654287969853044, -2.1086751448494967], [-48.65417262946373, -2.1088890438127605], [-48.65417818971068, -2.109016339410064], [-48.65403379080825, -2.109432696524929], [-48.654085384887374, -2.1095427046128163], [-48.65416590734096, -2.10953704099384], [-48.65431564106022, -2.1093984094061473], [-48.65450580504121, -2.109144123462206], [-48.65470154656819, -2.109005561529419], [-48.65476508476084, -2.1088205128293738], [-48.6549036023481, -2.108490933195313], [-48.65497833914384, -2.108508403833846], [-48.655249163883376, -2.10815588146322], [-48.6559865714178, -2.107300702149938], [-48.655929217394025, -2.1071964711215094], [-48.65515368333788, -2.1066282897004194]], [[-48.65596056803517, -2.105460782262581], [-48.65556020472048, -2.1059085748915307], [-48.65535861334765, -2.106113665133531], [-48.65521433261661, -2.106451915111327], [-48.65518828442593, -2.1065646984681785], [-48.6552599812139, -2.1066920943022613], [-48.65558458262527, -2.1069124456958077], [-48.655969495917034, -2.1071820676436395], [-48.65607591075168, -2.1071677643049145], [-48.65619402661802, -2.107020405532738], [-48.656413018295694, -2.1067169831067165], [-48.65658590251044, -2.1064800273701256], [-48.6568196173654, -2.1059451953380006], [-48.656374288204816, -2.1056957326383063], [-48.65614734075091, -2.1055507445599666], [-48.65602956246363, -2.105472458225193], [-48.65596056803517, -2.105460782262581]]]}, "properties": {"id": 276, "Parcela": "N-111(2)", "ANO": 2006, "Ha": 25.64, "PLANTAS": 3999, "VARIEDADE": "PB-121", "Rot_labels": -15}}, {"type": "Feature", "geometry": {"type": "Polygon", "coordinates": [[[-48.66067612647232, -2.1099359380797615], [-48.66073987387529, -2.109799928943782], [-48.660758945005846, -2.109709287680981], [-48.660674169282835, -2.10969445066801], [-48.66052812466115, -2.109588326704363], [-48.66027991395003, -2.109364378193338], [-48.660031646150834, -2.1091786723697767], [-48.659514686382444, -2.1087778124187886], [-48.65897426416725, -2.1084239850340167], [-48.658864098838336, -2.1085638922219196], [-48.65881470629463, -2.1086957984752743], [-48.65880633440514, -2.1088112691803573], [-48.65878980031196, -2.1089019810919156], [-48.65874038304832, -2.1090503849102498], [-48.65876486961841, -2.109124661287451], [-48.658764659876304, -2.1092648907784106], [-48.65873170266341, -2.1093720754407226], [-48.65863291734195, -2.109635887842983], [-48.65862457004158, -2.109734860939707], [-48.658591637461626, -2.1098255479915733], [-48.658550394577915, -2.1099904617507312], [-48.65841886164322, -2.1102212292141136], [-48.65831201269416, -2.11039429235348], [-48.65826248406119, -2.1106169351642965], [-48.65822929204439, -2.110880846758183], [-48.65813045688567, -2.1111776540800133], [-48.65811388552383, -2.1112931122782364], [-48.65811370021607, -2.1114168441207], [-48.658072605329274, -2.1114827722895138], [-48.65800683867233, -2.111598155895772], [-48.65798211747922, -2.1116806064907854], [-48.6579326503566, -2.1118620052473736], [-48.65793385667748, -2.111958387111487], [-48.65982067449518, -2.1127583102029974], [-48.65993235788853, -2.112467199897668], [-48.660064138263714, -2.112071456253432], [-48.66008685899489, -2.1119560071992867], [-48.660124045641524, -2.111762216264333], [-48.66022892521961, -2.1115355325645058], [-48.66023738365009, -2.11136232013944], [-48.6603855743555, -2.110958352298582], [-48.660418593341134, -2.110809923497288], [-48.66055854758283, -2.1104306895274867], [-48.66067612647232, -2.1099359380797615]]]}, "properties": {"id": 270, "Parcela": "M-112", "ANO": 2010, "Ha": 8.83, "PLANTAS": 1356, "VARIEDADE": "PB-121", "Rot_labels": -15}}, {"type": "Feature", "geometry": {"type": "Polygon", "coordinates": [[[-48.6596241595868, -2.1060986458295967], [-48.65959137513787, -2.106090347471894], [-48.65950492646038, -2.106329432527393], [-48.65936917785279, -2.106638557964313], [-48.659364831853956, -2.106803527715285], [-48.65934389645478, -2.1070963290298783], [-48.65925337257965, -2.107318910171117], [-48.65922026767383, -2.1075250804875], [-48.65914614209053, -2.10774768637661], [-48.65898966690716, -2.1082093832561486], [-48.65898608351924, -2.1083416340124574], [-48.6590765840341, -2.108438848591749], [-48.65943881048507, -2.1086776781933017], [-48.66073569764271, -2.1096121747494654], [-48.66092131200843, -2.109187993280769], [-48.66097024826335, -2.109084747233484], [-48.661137328775375, -2.108567330716741], [-48.66115861485757, -2.1084547796425057], [-48.661176644989894, -2.108416061871271], [-48.66121548102885, -2.1081991484139655], [-48.66128764779053, -2.1080132813434616], [-48.66134177669366, -2.107871298029091], [-48.66145063553808, -2.1074047195828385], [-48.66111471430975, -2.1072392354989513], [-48.660811688541614, -2.107007810530642], [-48.66049210439839, -2.106883595277772], [-48.660402110241186, -2.106751478132351], [-48.66018925127886, -2.106536687134828], [-48.660041850471885, -2.106412732100269], [-48.65988622586943, -2.106305262289426], [-48.6596241595868, -2.1060986458295967]]]}, "properties": {"id": 269, "Parcela": "M-111", "ANO": 2010, "Ha": 6.05, "PLANTAS": 1308, "VARIEDADE": "PB-121", "Rot_labels": -15}}, {"type": "Feature", "geometry": {"type": "Polygon", "coordinates": [[[-48.64864714651255, -2.0598684667311673], [-48.64739310673252, -2.059081604244231], [-48.6473519039536, -2.0592354187963435], [-48.64735179501594, -2.0593096573756138], [-48.647376210077034, -2.0594334248769184], [-48.64735961863427, -2.0595653802164557], [-48.64735944914737, -2.0596808624510183], [-48.647285513953776, -2.0597797375949245], [-48.64711285313423, -2.06010943096346], [-48.64675916260391, -2.060884287387037], [-48.646258243074335, -2.0614197107760335], [-48.64617200934683, -2.0615185673995073], [-48.64602630340794, -2.0616379573750203], [-48.64597293793113, -2.061687370418428], [-48.64591539419043, -2.061790394050713], [-48.64571619536698, -2.0620458085370426], [-48.645699567144916, -2.062202509828618], [-48.645664374625206, -2.0623384877196047], [-48.645584443130275, -2.0624333031383832], [-48.645534752378744, -2.062771427418182], [-48.64551822113201, -2.062862138919461], [-48.645452435892835, -2.062994020759444], [-48.64541123515102, -2.063134187935077], [-48.645378208998714, -2.0632908647504897], [-48.6453451342665, -2.0634805364320115], [-48.64595072131906, -2.063704129612744], [-48.646363448257766, -2.063716121065671], [-48.64864714651255, -2.0598684667311673]], [[-48.64335832135266, -2.067355348068663], [-48.64337974285487, -2.067275008652584], [-48.64321482721687, -2.0671515261781432], [-48.643135146914716, -2.0670120967422636], [-48.642023107060496, -2.0663085258156126], [-48.641929693498135, -2.066453054668908], [-48.64335832135266, -2.067355348068663]]]}, "properties": {"id": 315, "Parcela": "Q-142", "ANO": 2007, "Ha": 7.48, "PLANTAS": 1494, "VARIEDADE": "AVeBr", "Rot_labels": -15}}, {"type": "Feature", "geometry": {"type": "Polygon", "coordinates": [[[-48.645030899518844, -2.0571995017882605], [-48.64489775244009, -2.0579854140214056], [-48.645083147262774, -2.0581978927800617], [-48.64557464449352, -2.0584716661219837], [-48.64599602216277, -2.0583670567849404], [-48.646112054454214, -2.058281903153616], [-48.6461603597228, -2.058114167110716], [-48.64647173884175, -2.057835897893907], [-48.64642950070288, -2.057722067159256], [-48.646406997335795, -2.0576452403358565], [-48.645030899518844, -2.0571995017882605]]]}, "properties": {"id": 323, "Parcela": "R-143", "ANO": 2010, "Ha": 1.55, "PLANTAS": 244, "VARIEDADE": "PB-141", "Rot_labels": -15}}, {"type": "Feature", "geometry": {"type": "Polygon", "coordinates": [[[-48.648715813668424, -2.060058195315743], [-48.64651738136458, -2.063614262075559], [-48.646623537562895, -2.0637136641490863], [-48.646674407052714, -2.0637251166939157], [-48.646722516471534, -2.0636910579144523], [-48.64678184190186, -2.063719588251694], [-48.64683265282866, -2.063770859521137], [-48.646900425837835, -2.0638221560469225], [-48.646985181851214, -2.0638592568528784], [-48.64711798455604, -2.063904961795352], [-48.64719707819527, -2.0639477425742268], [-48.64729029436358, -2.0639990769848455], [-48.64742590739555, -2.0640561629178764], [-48.647555899882065, -2.0640904868627485], [-48.647671736394564, -2.064139010744953], [-48.647745163505, -2.064190315700084], [-48.647858152113145, -2.0642530563599197], [-48.64793724582102, -2.0642958371442086], [-48.64800510675825, -2.0642874055463674], [-48.64806444482394, -2.064307403294972], [-48.648140678073524, -2.064372933450722], [-48.64827070411905, -2.064384503801589], [-48.64835820781682, -2.064475648573947], [-48.64838054791148, -2.064663399305054], [-48.648408730252406, -2.0647231695452826], [-48.648516085831474, -2.064771680822981], [-48.64913663270653, -2.063799886014612], [-48.65004347966889, -2.062302337170873], [-48.65054790317764, -2.061475421802635], [-48.65068960027581, -2.06123956284477], [-48.65073210980937, -2.0611685207251336], [-48.65071525616718, -2.0610945462681634], [-48.65061924607695, -2.0610204543077226], [-48.64947531491412, -2.0603304577418675], [-48.64880093755978, -2.0599398002204667], [-48.648715813668424, -2.060058195315743]], [[-48.646408626989135, -2.068268100155858], [-48.646307351012034, -2.0683268881702817], [-48.64613153837233, -2.0683694906011056], [-48.646051612764914, -2.0683961618222644], [-48.64600356257663, -2.0684764616606035], [-48.64602481022149, -2.068514000108643], [-48.64604600254999, -2.06858904520559], [-48.646003270182455, -2.0686747110798938], [-48.64592323391104, -2.0687763955636607], [-48.64590710651638, -2.0688781754572516], [-48.645965602724516, -2.068937201943286], [-48.64604021843163, -2.068899806622738], [-48.64613095361792, -2.068765989476351], [-48.6462004016212, -2.0686214243203835], [-48.64628050898372, -2.0684715169516634], [-48.646408626989135, -2.068268100155858]], [[-48.645619737867584, -2.06872771947545], [-48.64566247815249, -2.0686366955458535], [-48.645737093828316, -2.068599300231555], [-48.645769166813814, -2.0685189765678618], [-48.645710579732146, -2.0685215681500613], [-48.64568126050594, -2.068540277736564], [-48.64562530468147, -2.068564305654082], [-48.64558002799846, -2.068569596154046], [-48.64558007937366, -2.068534768563998], [-48.645556168877214, -2.0684972261457997], [-48.645369961699785, -2.0683656746189407], [-48.645359357648566, -2.068333510175533], [-48.645226289318984, -2.0682824095255388], [-48.64513842257671, -2.06827692022523], [-48.644962855108005, -2.0681534217553947], [-48.644808602469894, -2.0680219179754427], [-48.644300465359734, -2.0677023523249605], [-48.64420985679079, -2.0677504398920847], [-48.6441885261991, -2.067769161377262], [-48.644148618795384, -2.0677449903411342], [-48.644132807618305, -2.06763244669036], [-48.64406634271704, -2.067560013126251], [-48.64398654373599, -2.0675009548950314], [-48.64390401865609, -2.067484757364787], [-48.64384537635032, -2.067524855506804], [-48.64381068796183, -2.067573026562682], [-48.64378932575134, -2.0676131803754516], [-48.645619737867584, -2.06872771947545]]]}, "properties": {"id": 314, "Parcela": "Q141", "ANO": 2007, "Ha": 12.65, "PLANTAS": 2485, "VARIEDADE": "AVeBr", "Rot_labels": 60}}, {"type": "Feature", "geometry": {"type": "Polygon", "coordinates": [[[-48.651612034412295, -2.059230074859881], [-48.651306139261536, -2.0591414507956483], [-48.65021893372049, -2.0588070660605746], [-48.6498007237039, -2.058678456406679], [-48.64964452723925, -2.0586810689161905], [-48.64953993205153, -2.0586780695468687], [-48.64914886241167, -2.059320279903283], [-48.64891519634296, -2.0596769863183675], [-48.64882856349378, -2.0598971781616378], [-48.64889070348195, -2.059934245097371], [-48.65073229334622, -2.061043375794594], [-48.65081144145767, -2.0610491817015433], [-48.65163679634523, -2.0596951400789467], [-48.65176874155891, -2.059456441004214], [-48.65177510706169, -2.0593583061297935], [-48.6517215104183, -2.0592785887538048], [-48.651612034412295, -2.059230074859881]]]}, "properties": {"id": 321, "Parcela": "R-141", "ANO": 2007, "Ha": 5.05, "PLANTAS": 975, "VARIEDADE": "AVeBr", "Rot_labels": -15}}, {"type": "Feature", "geometry": {"type": "Polygon", "coordinates": [[[-48.63913451740765, -2.0756316395091767], [-48.63716855616527, -2.0744326251714718], [-48.63367589009082, -2.080181095628717], [-48.6343214383092, -2.080630939932095], [-48.63446317923414, -2.080369489694596], [-48.63447967170351, -2.0799884646397926], [-48.63450916602456, -2.0798632958714416], [-48.63457142819517, -2.0798178829746647], [-48.63470720126702, -2.0797668925856265], [-48.63541920288304, -2.080041007222159], [-48.636136587961765, -2.0804971573654463], [-48.63689523410749, -2.079332211692981], [-48.63767603927953, -2.0780507164610893], [-48.63913451740765, -2.0756316395091767]], [[-48.63414402601035, -2.0810211040353424], [-48.63401728118199, -2.080794074360175], [-48.6339230183435, -2.080777434751096], [-48.6338369974726, -2.0807319372457855], [-48.63382892157042, -2.080649438390074], [-48.633714432093505, -2.080451297601446], [-48.633575222924264, -2.080335606181342], [-48.63356304756454, -2.0802531011549728], [-48.633497394847055, -2.0802942453932216], [-48.633464537737304, -2.080335439124578], [-48.63343982417464, -2.0804137641343687], [-48.63347662083046, -2.0804798089911514], [-48.63347647321459, -2.0805787927425246], [-48.63347231840488, -2.0806159054610243], [-48.63357423264301, -2.0809996222263116], [-48.63382799891781, -2.081268086990864], [-48.63389362095314, -2.081247564396644], [-48.6339757269284, -2.081169326010712], [-48.63400040362238, -2.0811157469233286], [-48.63414402601035, -2.0810211040353424]]]}, "properties": {"id": 286, "Parcela": "O-142", "ANO": 2007, "Ha": 17.5, "PLANTAS": 3513, "VARIEDADE": "AVeBr", "Rot_labels": 60}}, {"type": "Feature", "geometry": {"type": "Polygon", "coordinates": [[[-48.63917716727859, -2.0756680464833757], [-48.63590966142529, -2.081010189361048], [-48.63661855323839, -2.0814748596692842], [-48.63681949226175, -2.0813272653400814], [-48.63729676233319, -2.0808567614993785], [-48.63741591700247, -2.080675469955918], [-48.63747670019031, -2.0804294948931426], [-48.63766352929926, -2.080264813859677], [-48.63786434957418, -2.080196856029734], [-48.63797473471966, -2.080108852657154], [-48.638557909879914, -2.0795664919035817], [-48.63868796568354, -2.079558155148559], [-48.63900757596131, -2.0794534014392414], [-48.63953102806252, -2.079149861363526], [-48.63980001945799, -2.0791241807335927], [-48.639820590352244, -2.0790747194656114], [-48.63990276970572, -2.0789469881947142], [-48.64000965002465, -2.078749180075051], [-48.640071246203505, -2.078679158730786], [-48.640067263168305, -2.078600790052632], [-48.64031368455197, -2.0782959585143925], [-48.640519190779045, -2.077937448733572], [-48.64078629904993, -2.077504793011156], [-48.64092196711056, -2.077245162522091], [-48.64113169756781, -2.0768626967877997], [-48.63917716727859, -2.0756680464833757]]]}, "properties": {"id": 285, "Parcela": "O-141", "ANO": 2007, "Ha": 13.66, "PLANTAS": 2751, "VARIEDADE": "AVeBr", "Rot_labels": 60}}, {"type": "Feature", "geometry": {"type": "Polygon", "coordinates": [[[-48.650856005117824, -2.0611838737622805], [-48.64608846099464, -2.0690336535588094], [-48.64750923692967, -2.0698605929927796], [-48.647560186996145, -2.0698358230055014], [-48.64766139630881, -2.0695823540850995], [-48.64768956401014, -2.0694753121236444], [-48.64770784062183, -2.069378086048996], [-48.64774751960702, -2.069309884396069], [-48.64780698775898, -2.069241712267494], [-48.64793146594364, -2.0691814586900876], [-48.648053199899316, -2.069065027979494], [-48.648149664241004, -2.0689743945461587], [-48.64819455941135, -2.0688498406075344], [-48.64844095395542, -2.068759143416864], [-48.64854561779465, -2.068715925395413], [-48.64862774819075, -2.068616500715696], [-48.648721761870746, -2.0685018235196235], [-48.64882279642919, -2.068366710051785], [-48.64907504243288, -2.068260001998178], [-48.64933302318372, -2.0680631263026803], [-48.649827717997056, -2.067728052852964], [-48.650028566625366, -2.0676401816344745], [-48.6500824433641, -2.067529337791884], [-48.650207891748394, -2.067410652728406], [-48.65032034461768, -2.0672367386932926], [-48.650443547368475, -2.067157383169902], [-48.65053326999012, -2.0670955206359647], [-48.65065103558811, -2.0670111557902673], [-48.6507745108973, -2.0668535312549414], [-48.65083835980196, -2.0667824365387077], [-48.651013961655174, -2.066560849565026], [-48.651274499666755, -2.066254062590664], [-48.65144719074561, -2.0660893553104045], [-48.65157735936387, -2.0660042226230604], [-48.65165381864817, -2.0659161658139995], [-48.65174719411251, -2.0658594204718694], [-48.65182645115577, -2.0657912772751863], [-48.65193122246851, -2.0656748204126187], [-48.65209531954798, -2.0655868938512403], [-48.652160258694124, -2.0654522248608425], [-48.65224458615705, -2.0652494535504564], [-48.6522727780667, -2.065125503040574], [-48.65232338609289, -2.0649959498224653], [-48.652351594521456, -2.0648607272846693], [-48.65235739508025, -2.06472547144155], [-48.65240237626865, -2.0646128178951977], [-48.65242493304583, -2.0645114030602505], [-48.65245340001709, -2.064310374777876], [-48.65253839445698, -2.064185355690025], [-48.652629080493185, -2.0640347471199516], [-48.65273953626759, -2.0639031802270646], [-48.652813304546186, -2.06371646885989], [-48.652885658598514, -2.0635821440176265], [-48.652908231799174, -2.0634694571038796], [-48.652987893582534, -2.0632211238850124], [-48.65321487300357, -2.0626639948573793], [-48.65197211971003, -2.0618871024099925], [-48.650856005117824, -2.0611838737622805]]]}, "properties": {"id": 313, "Parcela": "Q-134", "ANO": 2007, "Ha": 29.59, "PLANTAS": 5929, "VARIEDADE": "AVeBr", "Rot_labels": 60}}, {"type": "Feature", "geometry": {"type": "Polygon", "coordinates": [[[-48.65192622116647, -2.0594481228260575], [-48.650887643684335, -2.0611360432026533], [-48.65320794617947, -2.06256799234924], [-48.65325409955176, -2.0625512988535033], [-48.653344094421335, -2.0623034473645436], [-48.6535238692289, -2.0619542805839], [-48.65372591960709, -2.06169532312564], [-48.653737354724946, -2.0615375313814135], [-48.65373751985822, -2.0614248111242834], [-48.653762585063276, -2.0612341672740846], [-48.65375714348594, -2.061089104223799], [-48.6537381637915, -2.060985202119777], [-48.6538615553924, -2.0608839365806673], [-48.65388432635877, -2.0606359852024156], [-48.6539743702348, -2.0603543173524543], [-48.65387374959626, -2.060207631571733], [-48.65367227732453, -2.060072068409575], [-48.653459535189114, -2.0599815767522975], [-48.653246793104486, -2.0598910850940313], [-48.653056359835745, -2.05986825876737], [-48.65287696542722, -2.0599581692202436], [-48.65275372256531, -2.0599579865326083], [-48.65253000785196, -2.0597096699935595], [-48.65248145081299, -2.059639508132104], [-48.6524052004913, -2.059585355063013], [-48.65225829975339, -2.059514031992718], [-48.65215090645372, -2.059491119095446], [-48.65192622116647, -2.0594481228260575]]]}, "properties": {"id": 320, "Parcela": "R-134", "ANO": 2007, "Ha": 6.89, "PLANTAS": 1430, "VARIEDADE": "AVeBr", "Rot_labels": -15}}, {"type": "Feature", "geometry": {"type": "Polygon", "coordinates": [[[-48.655616578032856, -2.053863276635873], [-48.655588411598046, -2.0537921295741004], [-48.65549241344274, -2.053709505508499], [-48.65541327367607, -2.0536980118076174], [-48.65534802631643, -2.0537988292763782], [-48.655291891859484, -2.053877650848871], [-48.655300196114965, -2.053945295491756], [-48.65524033637011, -2.054033374300404], [-48.655227153061155, -2.0540945424819994], [-48.65512422137688, -2.054175413763144], [-48.655078856381124, -2.0542663617545127], [-48.655019515461426, -2.0543450392363924], [-48.654966190144805, -2.054418228874815], [-48.65485217654333, -2.054621554194244], [-48.65474732383403, -2.054794896570946], [-48.65469632965498, -2.0548687708843443], [-48.654628315261945, -2.054982439084014], [-48.654582958483836, -2.0550676985794785], [-48.65451212120292, -2.0551785183662594], [-48.65445261687875, -2.055272289586463], [-48.65439904930372, -2.055338881710364], [-48.65434777234065, -2.055439943415461], [-48.65414374549896, -2.055769570915036], [-48.65350335377573, -2.0568339220978595], [-48.65340502320094, -2.057036673463839], [-48.6533657272157, -2.057092975549067], [-48.65291792768576, -2.057806678563788], [-48.652054531755795, -2.059238357567948], [-48.65194225353172, -2.059401635654526], [-48.65199407267006, -2.059446090257884], [-48.6520506338165, -2.059431953048685], [-48.652135398478016, -2.0594633650381033], [-48.65219334189763, -2.0594705614636504], [-48.65225271757215, -2.0594649610552955], [-48.65229788735724, -2.059507691197744], [-48.65236568994015, -2.0595390780408946], [-48.65242218029525, -2.0595732923286816], [-48.652473037445716, -2.059593277203301], [-48.65255067004367, -2.0596687639179807], [-48.65265586594191, -2.059836667021627], [-48.65271459147012, -2.059901568314589], [-48.65275375145423, -2.059938260501222], [-48.65285737098801, -2.0599496861428785], [-48.6528825880096, -2.0599440875002824], [-48.65295827208842, -2.059904747529657], [-48.653050774392, -2.0598569784442295], [-48.65319359521307, -2.0598769161954524], [-48.65328041305543, -2.0598854988956834], [-48.65350992799412, -2.0599985595038466], [-48.653708690013815, -2.0600721223683727], [-48.65383458955538, -2.060170939375842], [-48.65392236125394, -2.0602353733983], [-48.65400143457369, -2.0602923748874056], [-48.65395820593082, -2.0600583758273237], [-48.65395539043452, -2.0599259512457153], [-48.65398119725686, -2.0595173775819418], [-48.654003790633816, -2.0593906004573057], [-48.654034654971674, -2.0593540120008456], [-48.65401242859983, -2.059229986500927], [-48.654029419994686, -2.059103201071672], [-48.654046390761735, -2.058990505674681], [-48.65403248483326, -2.0589228527644785], [-48.6540214375929, -2.0588157519037433], [-48.65411143564738, -2.0585650819746624], [-48.6541647860531, -2.0584749845279835], [-48.654201400665364, -2.058336956067171], [-48.6542604477753, -2.058182052719714], [-48.654271820618426, -2.058066530990242], [-48.65427472460404, -2.057996084944838], [-48.65432521217524, -2.0579482534306766], [-48.65431694933892, -2.0578524287319664], [-48.654314440874465, -2.057652346037999], [-48.65431464273027, -2.057514263658865], [-48.654370756930945, -2.0574495323656397], [-48.65437319606932, -2.057388269460449], [-48.65441296099601, -2.05731996616254], [-48.65439627460346, -2.057238219069815], [-48.65439636109431, -2.0571790409035815], [-48.65443008807999, -2.0571001864028], [-48.65443298377249, -2.0570353763622715], [-48.65446112939164, -2.0569424235286915], [-48.654480822672404, -2.056883274359579], [-48.65451450433931, -2.0568354179346464], [-48.65455379618257, -2.0567819337752296], [-48.654567871039056, -2.056734048347026], [-48.65461832970916, -2.056705942825637], [-48.654621283014166, -2.056601680657381], [-48.65462990412228, -2.056452338637543], [-48.65462167410376, -2.056333969859459], [-48.65469174367125, -2.0563030753014573], [-48.65472551997443, -2.0561904046521775], [-48.65475086042487, -2.0561002656437233], [-48.654759374462124, -2.0560241918313986], [-48.654762315360344, -2.0559283836761644], [-48.6547793104879, -2.055798780116619], [-48.65478224313939, -2.0557086079767584], [-48.65478232955165, -2.0556494297929335], [-48.654821604860864, -2.055607217617708], [-48.654841265144746, -2.055570612479983], [-48.65484137212112, -2.05549734424917], [-48.654849836747644, -2.055455086533985], [-48.65489187187505, -2.0554410585784804], [-48.654904810399, -2.0553611285903384], [-48.65496133823566, -2.0553697447754384], [-48.655009505439715, -2.0552958662810403], [-48.655085996755325, -2.0551850547922554], [-48.65520345419253, -2.054979364424199], [-48.65522213762779, -2.0548809245506727], [-48.65525419242707, -2.0547596341433136], [-48.65526264468288, -2.0547258304378153], [-48.65530466334469, -2.054723074484451], [-48.65534690404521, -2.054568145993329], [-48.65535266222333, -2.0544610698885233], [-48.6553471096209, -2.0544272454963157], [-48.655400422602085, -2.0543625098555536], [-48.65541805649454, -2.0542953048460673], [-48.65547754825556, -2.0542100661205294], [-48.65551443634418, -2.0541162613550568], [-48.65555778250264, -2.0540161261963608], [-48.6555522257758, -2.0539851198118653], [-48.655616578032856, -2.053863276635873]]]}, "properties": {"id": 324, "Parcela": "S-134", "ANO": 2009, "Ha": 8.07, "PLANTAS": 1221, "VARIEDADE": "PB-141", "Rot_labels": 60}}, {"type": "Feature", "geometry": {"type": "Polygon", "coordinates": [[[-48.67203470405342, -2.1156247901935425], [-48.667437184832636, -2.1216646991401094], [-48.666827163210456, -2.122486940508574], [-48.66646508336144, -2.1229651423638223], [-48.66650459530211, -2.123010710201033], [-48.666611912122995, -2.123087667650687], [-48.66672202624385, -2.123184539031791], [-48.6666552174384, -2.1233266116399103], [-48.66671893446852, -2.1233608772073604], [-48.666789519576206, -2.12342355769164], [-48.66687996310459, -2.1234407604972763], [-48.66696470963948, -2.123486397051106], [-48.667063523701955, -2.1235775628191544], [-48.66713974609234, -2.123651628838126], [-48.66737968781438, -2.123896597973058], [-48.667484194667956, -2.123962174243394], [-48.66767489800516, -2.1240492132362525], [-48.66775965742836, -2.1240863171022397], [-48.66779346389505, -2.124166007218641], [-48.66785126106645, -2.1242725170531274], [-48.66792543582804, -2.1243204902021935], [-48.668009435563945, -2.124343162087416], [-48.66807100944058, -2.1243770720720407], [-48.668076493281, -2.1244559855085354], [-48.66812661263912, -2.1244708471001563], [-48.66817178753139, -2.1245107351050314], [-48.66822207537888, -2.1245069313172436], [-48.67328165621345, -2.1178105122217676], [-48.673891896718324, -2.1169959221727974], [-48.6728062828242, -2.116177048627948], [-48.67203470405342, -2.1156247901935425]]]}, "properties": {"id": 263, "Parcela": "LM-093", "ANO": 1996, "Ha": 26.83, "PLANTAS": 4002, "VARIEDADE": "PB-141", "Rot_labels": -15}}, {"type": "Feature", "geometry": {"type": "Polygon", "coordinates": [[[-48.67393214895393, -2.1170689477127027], [-48.673847244962595, -2.117128548880364], [-48.671584045527474, -2.1201269954392865], [-48.668260851214754, -2.124574465944903], [-48.66830310488743, -2.124642320292944], [-48.66839082843054, -2.124671767486623], [-48.6684303148639, -2.1247344008050364], [-48.6684670210786, -2.1247657432266744], [-48.6685101848274, -2.124777900713036], [-48.66859133958228, -2.12481712840691], [-48.668633648925734, -2.1248826102638416], [-48.668715517271124, -2.1249623734195855], [-48.66878045676281, -2.125019356918981], [-48.66885706720174, -2.1250827759142292], [-48.66894149435585, -2.1250935518237672], [-48.66900262407313, -2.1251506299520724], [-48.669061503899236, -2.1251904383811295], [-48.66913138268898, -2.125212822397497], [-48.669256377955826, -2.125324413816379], [-48.66927603584465, -2.125412615262452], [-48.66930138221087, -2.1254780713893227], [-48.669386246367075, -2.1254454914457566], [-48.66948507141006, -2.125529546754401], [-48.66955428159361, -2.1255666270448708], [-48.6696390028124, -2.1256293291010757], [-48.66967641694401, -2.1256599615574294], [-48.669738529346134, -2.125716940793964], [-48.669823259119774, -2.125773954378012], [-48.66988536726644, -2.125833777859267], [-48.66998139080592, -2.1259007634600873], [-48.67003080229712, -2.1259435021882505], [-48.67008448228638, -2.1259677597965956], [-48.6701836018448, -2.125855562556129], [-48.67003394736649, -2.1257316105995523], [-48.67006085456107, -2.1256989426183597], [-48.670235503727746, -2.125808711285884], [-48.674091881005765, -2.120701065378173], [-48.67545638186374, -2.1188628933498337], [-48.67576945392132, -2.11845379283238], [-48.67393214895393, -2.1170689477127027]]]}, "properties": {"id": 262, "Parcela": "LM-092", "ANO": 1996, "Ha": 27.07, "PLANTAS": 4025, "VARIEDADE": "PB-141", "Rot_labels": -15}}, {"type": "Feature", "geometry": {"type": "Polygon", "coordinates": [[[-48.67586022818897, -2.1185259843967588], [-48.675788165979355, -2.118544837345103], [-48.67559475813933, -2.118814367362959], [-48.67027082903022, -2.125857591158589], [-48.67033480919513, -2.1259259502280115], [-48.67036302118306, -2.125965812522098], [-48.670361093733824, -2.125994252067279], [-48.6703440880314, -2.1260226687182997], [-48.67022927850663, -2.1259144130104777], [-48.670136801902835, -2.1259958076679726], [-48.670957619639346, -2.1266284769720314], [-48.672072131952284, -2.1274834440058226], [-48.67225999974963, -2.1272465647410623], [-48.672955965045794, -2.126390934050278], [-48.67325346784809, -2.126002494416742], [-48.6735341130124, -2.125647845609502], [-48.67360715349339, -2.12550705380467], [-48.673921487967824, -2.1251017308721116], [-48.67421897326141, -2.124724562686565], [-48.674494040884525, -2.1243529964365497], [-48.6746399948904, -2.124155953776953], [-48.67481401074918, -2.1239251369095875], [-48.67776884154363, -2.119966164702283], [-48.676865581478154, -2.119278386357864], [-48.67586022818897, -2.1185259843967588]]]}, "properties": {"id": 261, "Parcela": "LM-091", "ANO": 1996, "Ha": 28.38, "PLANTAS": 4334, "VARIEDADE": "PB-141", "Rot_labels": -15}}, {"type": "Feature", "geometry": {"type": "Polygon", "coordinates": [[[-48.66494106095792, -2.107013228929783], [-48.664837949885396, -2.1074423840434093], [-48.66473842538777, -2.107655434894207], [-48.664738223728364, -2.107790700191932], [-48.66470435864092, -2.1079597310878277], [-48.66464416518168, -2.1082527156972146], [-48.664651489048794, -2.10835041856867], [-48.66462138106946, -2.108504425599334], [-48.66452922400696, -2.1087801645778734], [-48.66448035725454, -2.1088369169728445], [-48.664437737975284, -2.1089324893429153], [-48.66438902888837, -2.109037622343381], [-48.66434040388339, -2.1090863948111958], [-48.664325358247055, -2.109157762246398], [-48.66429161628332, -2.109244130949194], [-48.664216842204496, -2.1092966212844373], [-48.66417467826481, -2.1094276303198574], [-48.664206816646335, -2.1094453294107565], [-48.66453687614847, -2.1096870521138844], [-48.66472672101491, -2.109834426791423], [-48.66520279541794, -2.110202865765474], [-48.66533421611831, -2.110311909376655], [-48.665436431258456, -2.1103973748036053], [-48.66570510773327, -2.1106242961630683], [-48.665801527457894, -2.110674451726301], [-48.66594200141033, -2.1105952363327503], [-48.66605914861927, -2.1104718592635052], [-48.66610875131086, -2.110389118275812], [-48.666138696868806, -2.1103440749140714], [-48.66618803597932, -2.1103190822733127], [-48.66624657007094, -2.1102838695075987], [-48.66628453851417, -2.110220301511604], [-48.666254789124544, -2.110133836816602], [-48.66628867815331, -2.110012333436417], [-48.66624531610456, -2.1098211251470462], [-48.666214272479266, -2.1097542800967775], [-48.666178657995616, -2.1097564492502525], [-48.66613758221097, -2.1097538042366133], [-48.666094742537254, -2.1097653718141434], [-48.66608888874633, -2.1096943214822947], [-48.66609409303971, -2.10964783514082], [-48.666102464268974, -2.1095963013064565], [-48.66612129508207, -2.1094911230481737], [-48.66613292104949, -2.1094360868441], [-48.66612275128524, -2.1093689132088933], [-48.66605093512352, -2.1093197276143725], [-48.666063853387826, -2.109265503881808], [-48.66605629731245, -2.1091673380641778], [-48.66601778131929, -2.1091698629495017], [-48.665984369467374, -2.1091930596228456], [-48.665931151668325, -2.1092691505752486], [-48.66588680152873, -2.1091954953828713], [-48.66581917540285, -2.1092238930009417], [-48.665770679253654, -2.1091862459991066], [-48.66573543216269, -2.109120359623247], [-48.665678490461424, -2.1090189049412666], [-48.66560292220669, -2.1089793368867054], [-48.66561795097962, -2.108919241486834], [-48.665722771375926, -2.1087540749414027], [-48.66573787855853, -2.1086413763242735], [-48.66575298012878, -2.108532435076477], [-48.66577638629558, -2.1084158768226153], [-48.66585831279863, -2.108380699294443], [-48.665966265917554, -2.108262225440156], [-48.66601504206783, -2.1081120037697882], [-48.66606758656973, -2.107939243482421], [-48.66611996868157, -2.1078754469997114], [-48.66615493429303, -2.1077515482110454], [-48.66612778534483, -2.1076425011315423], [-48.6660942898829, -2.1075635456097035], [-48.66605077117743, -2.1074555902717416], [-48.665870055221156, -2.1073074173523647], [-48.6656131247946, -2.10714575076302], [-48.665594518082436, -2.107100634142916], [-48.665564701440246, -2.107059258000156], [-48.66550119903097, -2.10706667700171], [-48.66542645310475, -2.1071003807024504], [-48.66537047063913, -2.1070739946204484], [-48.66532195773043, -2.107047619803191], [-48.66502251429825, -2.1069051017047298], [-48.66494106095792, -2.107013228929783]]]}, "properties": {"id": 272, "Parcela": "N-101(2)", "ANO": 2010, "Ha": 5.52, "PLANTAS": 825, "VARIEDADE": "PB-141", "Rot_labels": -15}}, {"type": "Feature", "geometry": {"type": "Polygon", "coordinates": [[[-48.66211982274387, -2.10682025928594], [-48.661994949734094, -2.106867349981161], [-48.66187419011743, -2.1069581829938837], [-48.66174383321832, -2.1071849996427856], [-48.661758805430956, -2.1073757840446254], [-48.661856502294455, -2.1075494950344185], [-48.66201993777863, -2.1077586063910156], [-48.66224772234865, -2.1079545771027433], [-48.66293699044501, -2.1084983720272215], [-48.663456858846324, -2.108911003128758], [-48.663786887300525, -2.1091733179883447], [-48.66397411892398, -2.109274663892063], [-48.664078359714395, -2.109309814532465], [-48.66411640329455, -2.1092892796947456], [-48.66418334694172, -2.109217665790977], [-48.664313855428986, -2.108952830360957], [-48.66432152457259, -2.10886561872235], [-48.664400625617645, -2.1087746234739684], [-48.66452798919937, -2.10851931412392], [-48.664535626878596, -2.1084066043362744], [-48.66455602018673, -2.108338841075919], [-48.66455080134557, -2.1082488173960465], [-48.66459583159733, -2.1081061050230585], [-48.66463333624801, -2.108000955057348], [-48.664554907629025, -2.1078904004331913], [-48.66351571881835, -2.1074310611176053], [-48.66211982274387, -2.10682025928594]]]}, "properties": {"id": 348, "Parcela": "N-101(1)", "ANO": 1999, "Ha": 4.31, "PLANTAS": 569, "VARIEDADE": "PB-141", "Rot_labels": -15}}, {"type": "Feature", "geometry": {"type": "Polygon", "coordinates": [[[-48.659057137775335, -2.105617876245917], [-48.65914283522988, -2.105753270804605], [-48.65940401021228, -2.105926504179767], [-48.659542050424214, -2.106024404228406], [-48.659758419639104, -2.106190055203068], [-48.660306801244154, -2.106611708732245], [-48.660482004135616, -2.106833658074639], [-48.66049688709343, -2.1068712542281824], [-48.66078056647241, -2.1069806465110132], [-48.660993234919516, -2.1071237478070524], [-48.661123783442996, -2.107236666095352], [-48.66145593087263, -2.1074024921470067], [-48.6615696890108, -2.1072306170591197], [-48.66160191948629, -2.107186539464279], [-48.661634119227024, -2.1071630540861253], [-48.661680437500856, -2.1071210285991713], [-48.6617216264758, -2.1070497007885214], [-48.66177399731834, -2.106993419340329], [-48.66178361923244, -2.106913230935504], [-48.66186113693602, -2.106864303674835], [-48.661883923645355, -2.1067505688655253], [-48.66170801077167, -2.1066336502636784], [-48.6613953256393, -2.106506682714786], [-48.65910144710701, -2.1054971392763777], [-48.659057137775335, -2.105617876245917]]]}, "properties": {"id": 349, "Parcela": "N-111(1)", "ANO": 1993, "Ha": 1.94, "PLANTAS": 223, "VARIEDADE": "PB-121", "Rot_labels": -15}}, {"type": "Feature", "geometry": {"type": "Polygon", "coordinates": [[[-48.665077662496614, -2.1029288842491614], [-48.665000694078515, -2.102892607068412], [-48.664908221346536, -2.1029234632794322], [-48.663790878812904, -2.104418904681244], [-48.66353321202311, -2.104769125638718], [-48.66413516457302, -2.1050406747261343], [-48.66521929831252, -2.1055071066375803], [-48.66525729139, -2.105520401813973], [-48.665501056906365, -2.1048029796033916], [-48.665771021844364, -2.1039409431250498], [-48.66584695526524, -2.1035551166720587], [-48.66580608414737, -2.1034155756978383], [-48.6656367580957, -2.103332666343823], [-48.665523722983316, -2.10337898933888], [-48.66546212055244, -2.1033685647972415], [-48.66543138080417, -2.103322025384109], [-48.66531849937366, -2.1032650305121856], [-48.665077662496614, -2.1029288842491614]]]}, "properties": {"id": 274, "Parcela": "N-103", "ANO": 1999, "Ha": 4.06, "PLANTAS": 582, "VARIEDADE": "PB-141", "Rot_labels": -15}}, {"type": "Feature", "geometry": {"type": "Polygon", "coordinates": [[[-48.66738793524067, -2.099419067551702], [-48.6677335564995, -2.098938909384103], [-48.66773085167798, -2.098856422287896], [-48.66742511384054, -2.099131854922918], [-48.667283859196864, -2.0990633810823005], [-48.667165196202475, -2.0990120066048834], [-48.667069255617534, -2.0988895602046678], [-48.66712029557024, -2.098787244129948], [-48.66719391026601, -2.098713404344179], [-48.66727036050636, -2.098633880319253], [-48.667377896370624, -2.0985629356576423], [-48.667490934657096, -2.0985943919528127], [-48.667643501997645, -2.0986600384709915], [-48.66775929574943, -2.0987398510214623], [-48.667806772871955, -2.098709967595354], [-48.66783298212331, -2.098617659147892], [-48.667844365589, -2.0985446989959446], [-48.6678954358959, -2.0984442540314374], [-48.66777686560512, -2.098330306428759], [-48.66777939710875, -2.0982815844716667], [-48.66779115717404, -2.098225090886361], [-48.667881692365924, -2.098179718815257], [-48.66799458314632, -2.098310723345323], [-48.66808015688223, -2.098206887907689], [-48.66808769879589, -2.098158053186746], [-48.66809154492089, -2.0980829112113653], [-48.66796467992553, -2.0980038157985454], [-48.66773812061634, -2.097767088246652], [-48.66756310483702, -2.0976260376348264], [-48.66726085657909, -2.097445229782297], [-48.66722603813669, -2.0974353426035246], [-48.667117835934604, -2.0973637899903324], [-48.66705440629625, -2.097322363615416], [-48.667002175368175, -2.097284711424227], [-48.666934988707105, -2.0972583089524974], [-48.6668752325852, -2.0972582193145977], [-48.666881006924996, -2.097177182190653], [-48.666597438271275, -2.0969926450268894], [-48.6665095294342, -2.0969532144275296], [-48.66645867935756, -2.0969275399853693], [-48.66643623950843, -2.0968080482391716], [-48.66634593212067, -2.0966998316551226], [-48.666116998998, -2.096697411264329], [-48.66607736079196, -2.096696584529332], [-48.66598701550907, -2.0966139660549747], [-48.66576714081647, -2.0964938083427413], [-48.6656198074169, -2.0964000972456054], [-48.66550674413168, -2.096385706424243], [-48.66538500557651, -2.0965021375269703], [-48.665294445323696, -2.096564574869776], [-48.66517003566964, -2.0965757651253623], [-48.665090859760426, -2.096587023254198], [-48.66500044289911, -2.096552756712271], [-48.664819117281915, -2.0966273369738038], [-48.664759974218875, -2.0966633210330405], [-48.66474718035483, -2.0967440221606886], [-48.66470883318059, -2.0968338984635158], [-48.66442024878183, -2.096981365493275], [-48.664202523515776, -2.097006636691357], [-48.66411207717871, -2.096992279695723], [-48.6640441928462, -2.0970149316361715], [-48.66396219408025, -2.0970233411991956], [-48.66388869774028, -2.0970175423516766], [-48.66379542431922, -2.0970031810943195], [-48.66374204217546, -2.0970731620917853], [-48.663667046091234, -2.0972759477189835], [-48.66368922594612, -2.097430033429271], [-48.663703953020644, -2.0975728358207504], [-48.66372994568534, -2.097674324009909], [-48.663722325593206, -2.0977757617001327], [-48.66374510105074, -2.09782209144901], [-48.66376364229783, -2.0978890964426675], [-48.66375939420824, -2.0979636861746274], [-48.66388954913043, -2.0983486455579317], [-48.6639543741648, -2.098482422019417], [-48.66404746818917, -2.098617663093003], [-48.66423672832536, -2.098723184231362], [-48.664409127187696, -2.098760418374303], [-48.664762473890434, -2.0987893916895435], [-48.66508747779905, -2.0988666743922755], [-48.66586519552531, -2.099053121166757], [-48.66613867453416, -2.099198185107809], [-48.666364561012976, -2.099389088430792], [-48.66646907568429, -2.09944897444281], [-48.66657084765992, -2.0994519715318236], [-48.666737812129966, -2.0993412968930905], [-48.66701246017087, -2.099060129418455], [-48.66722424927608, -2.099225413372608], [-48.66738793524067, -2.099419067551702]], [[-48.66366314203988, -2.097422784603256], [-48.66362321365984, -2.0974120082790098], [-48.66362030415873, -2.0975781071879185], [-48.6635750101041, -2.097594113647644], [-48.66350572959256, -2.097623479490179], [-48.663401790927836, -2.097679584097111], [-48.66332977586813, -2.0977571693375423], [-48.663239016707685, -2.0979043825922585], [-48.66331888539339, -2.0979178980464126], [-48.66337194952731, -2.098049252941285], [-48.663409238824805, -2.0980439508135222], [-48.66348638888336, -2.0980949693712607], [-48.66357151189806, -2.098156716253061], [-48.66368599503638, -2.098172962811456], [-48.66372866593932, -2.0981301615706585], [-48.663752727983535, -2.0980658996797565], [-48.66372099527204, -2.097915823216827], [-48.66371312572669, -2.097835438832417], [-48.663691913573466, -2.0977737879988005], [-48.663670753119064, -2.0976773091361602], [-48.66365754175184, -2.0976076330709246], [-48.66367896864931, -2.0975246136192642], [-48.66366314203988, -2.097422784603256]]]}, "properties": {"id": 280, "Parcela": "O-111", "ANO": 2002, "Ha": 10.35, "PLANTAS": 1512, "VARIEDADE": "PB-141", "Rot_labels": -15}}, {"type": "Feature", "geometry": {"type": "Polygon", "coordinates": [[[-48.64190758489064, -2.066444169060206], [-48.641998259013, -2.0663020949617317], [-48.641681970016265, -2.066074087234369], [-48.6414336551984, -2.065760855388312], [-48.64130007007128, -2.06567697959769], [-48.64116301820061, -2.0652484970128917], [-48.64025953779968, -2.0647807651215078], [-48.64011168379148, -2.0650364566108785], [-48.63998130584189, -2.065263796776049], [-48.64190758489064, -2.066444169060206]]]}, "properties": {"id": 316, "Parcela": "Q-143", "ANO": 2007, "Ha": 1.21, "PLANTAS": 245, "VARIEDADE": "AVeBr", "Rot_labels": -15}}, {"type": "Feature", "geometry": {"type": "Polygon", "coordinates": [[[-48.64015741954085, -2.064695222456356], [-48.639908857558844, -2.064549797613793], [-48.63962908112018, -2.0644839633698497], [-48.63952454091452, -2.06444398858387], [-48.63927023275973, -2.0643611272501388], [-48.6387618013976, -2.0640702607078403], [-48.63843143748311, -2.0638024137627253], [-48.638225138183124, -2.0637537543760995], [-48.63812049736843, -2.063782039839348], [-48.63802185981545, -2.0638817224052057], [-48.637977162604955, -2.064013393219906], [-48.639907904575445, -2.0651954266074797], [-48.64015741954085, -2.064695222456356]]]}, "properties": {"id": 317, "Parcela": "Q-144", "ANO": 2007, "Ha": 1.17, "PLANTAS": 231, "VARIEDADE": "AVeBr", "Rot_labels": -15}}, {"type": "Feature", "geometry": {"type": "Polygon", "coordinates": [[[-48.63647224438771, -2.061943657743679], [-48.63594806719003, -2.062744932899356], [-48.637868647035795, -2.063949470234998], [-48.638055661241694, -2.0636567988914747], [-48.63787500652723, -2.0634716570439537], [-48.63759548896747, -2.0632309059370173], [-48.637332988045266, -2.0629532059451625], [-48.637121579545486, -2.0627794862882136], [-48.63711289417507, -2.0626741472898336], [-48.63707926417749, -2.0624750043605267], [-48.63683654184966, -2.0622044445294816], [-48.63647224438771, -2.061943657743679]]]}, "properties": {"id": 318, "Parcela": "Q-151", "ANO": 2007, "Ha": 1.82, "PLANTAS": 363, "VARIEDADE": "AVeBr", "Rot_labels": -15}}, {"type": "Feature", "geometry": {"type": "Polygon", "coordinates": [[[-48.65793356415805, -2.1120919248931087], [-48.65696988454947, -2.114389327855238], [-48.65696970625365, -2.11450814530649], [-48.65703627437471, -2.1146322301261], [-48.65708227948976, -2.114771781685837], [-48.657087305886506, -2.1148441131572437], [-48.65709741294472, -2.11495261426535], [-48.657161293408365, -2.115156767851674], [-48.65727157829953, -2.115234425223657], [-48.657440891762526, -2.115327670239972], [-48.657571693197795, -2.115420856757473], [-48.657658940687426, -2.1154519852341607], [-48.65774107650252, -2.115467607972906], [-48.65781294243854, -2.1154832151094256], [-48.65784887928486, -2.1154884356873684], [-48.65791042107226, -2.1155401890788803], [-48.65797204039234, -2.115540282674593], [-48.6580388334209, -2.115514554166982], [-48.65808248431843, -2.1155120374696588], [-48.65826464305402, -2.1156001360007206], [-48.658313390146645, -2.11562345700316], [-48.658387796465064, -2.115657148961287], [-48.65844940030779, -2.1156675745062072], [-48.65854180995404, -2.1156806298297517], [-48.65860337892501, -2.115714302290264], [-48.658649535309344, -2.1157531173394823], [-48.65873810732873, -2.1157571263406014], [-48.658872758244094, -2.115851610218586], [-48.658916475056614, -2.1158051826488165], [-48.65896284846639, -2.1156993501637054], [-48.65901441493111, -2.1155547805888752], [-48.659065934881504, -2.115441206904497], [-48.65909176846018, -2.115335343210878], [-48.659097015754135, -2.115260444238187], [-48.6590996413364, -2.1152217032556044], [-48.659166713277486, -2.115009999229834], [-48.659200202752444, -2.1149351431143364], [-48.65923369996703, -2.114855121009956], [-48.659262104829295, -2.114746678193023], [-48.659267332719395, -2.1146846941695157], [-48.659270012496265, -2.1146097912878905], [-48.659347342577874, -2.1144058517568394], [-48.65937565059684, -2.114361983732744], [-48.65939635298852, -2.114253529206418], [-48.659393944249146, -2.1141476226156817], [-48.659538214296006, -2.1138198006277173], [-48.65960522013572, -2.1136520073261185], [-48.65958479646703, -2.1135744863888277], [-48.65959775379369, -2.1134944330737917], [-48.65979613394341, -2.1130375430213064], [-48.65978089933859, -2.1129238679616678], [-48.65978060679581, -2.1127995846045455], [-48.659730946191544, -2.112767150100452], [-48.65958483118488, -2.112708093658917], [-48.65947378291462, -2.112663799110533], [-48.65909391049385, -2.1124926019119825], [-48.658383795821855, -2.112203234177969], [-48.65810328013574, -2.1120733720534735], [-48.65798931680789, -2.112023189586221], [-48.65793356415805, -2.1120919248931087]]]}, "properties": {"id": 271, "Parcela": "M-113", "ANO": 2010, "Ha": 8.48, "PLANTAS": 986, "VARIEDADE": "PB-121", "Rot_labels": -15}}, {"type": "Feature", "geometry": {"type": "Polygon", "coordinates": [[[-48.65503502502899, -2.1002622708105356], [-48.65496731477175, -2.100168309427219], [-48.65484310082374, -2.1000486647915992], [-48.65461146159086, -2.099926013754386], [-48.65435724386966, -2.0997777306919576], [-48.65420188957734, -2.09968648122459], [-48.654038062526574, -2.0995895305383554], [-48.653922151781, -2.0995893555067116], [-48.65381190795814, -2.0995806563815416], [-48.65375810835396, -2.0996374594184255], [-48.65375516667622, -2.099714248758554], [-48.653786099159475, -2.099825219830498], [-48.653828416403016, -2.099885012244483], [-48.65379720379779, -2.0999617588866135], [-48.65375467432976, -2.1000441768586082], [-48.653779969589, -2.1001437625650663], [-48.653779833750676, -2.1002347772146273], [-48.653754228604505, -2.10034281867199], [-48.653762565538095, -2.100439534548685], [-48.653807709863116, -2.1004993312517883], [-48.653881142101206, -2.100547793837857], [-48.65412135162387, -2.100610729457296], [-48.65427676960972, -2.100659315897691], [-48.65443215366215, -2.10073065600626], [-48.65451976812071, -2.100747853646958], [-48.65464691946774, -2.100793553164253], [-48.65480796201992, -2.100862057600031], [-48.654904193613596, -2.1007882533199576], [-48.65504016579557, -2.100606428802339], [-48.65509132083669, -2.1004273203874875], [-48.655034931685435, -2.100324843438556], [-48.65503502502899, -2.1002622708105356]]]}, "properties": {"id": 347, "Parcela": "COPAR6-AAM", "ANO": 2007, "Ha": 1.35, "PLANTAS": 308, "VARIEDADE": "AAM", "Rot_labels": -15}}, {"type": "Feature", "geometry": {"type": "Polygon", "coordinates": [[[-48.65369013889018, -2.0687015465742635], [-48.65276184037999, -2.0655544652145816], [-48.652489944395356, -2.065895366560708], [-48.652365120605, -2.0661909790508903], [-48.652240229844644, -2.066532098770908], [-48.65212685609381, -2.0667310249609576], [-48.651871913423925, -2.0670776394578794], [-48.65171887749099, -2.0673333907145968], [-48.65160023427866, -2.067270641493155], [-48.65119837791162, -2.0675544643264985], [-48.65103992206813, -2.0676509315323113], [-48.650632244118015, -2.0680485136761755], [-48.650179685221765, -2.068207115146472], [-48.64976646184644, -2.0685307390097054], [-48.64937025916578, -2.0688145690614164], [-48.649245476136656, -2.069081738372016], [-48.648679509134496, -2.0694620177553387], [-48.64805675821712, -2.070007175675211], [-48.64786396671271, -2.0703823227050338], [-48.647965638998414, -2.0704507353730044], [-48.65369013889018, -2.0687015465742635]]]}, "properties": {"id": 312, "Parcela": "Q-131", "ANO": 2009, "Ha": 11.47, "PLANTAS": 1714, "VARIEDADE": "PB-123", "Rot_labels": -15}}, {"type": "Feature", "geometry": {"type": "Polygon", "coordinates": [[[-48.666413445758664, -2.0649365595096767], [-48.6625301424758, -2.0660972728636393], [-48.66257749381816, -2.0662487297267957], [-48.66404845055848, -2.0657748603518846], [-48.66445892810133, -2.0656456036101236], [-48.66454663284045, -2.0655668873539974], [-48.66512638743955, -2.0653904133250323], [-48.666459467711796, -2.064989964551839], [-48.666413445758664, -2.0649365595096767]], [[-48.66249913033233, -2.06602533807766], [-48.66600885577712, -2.064980022789581], [-48.66617501810702, -2.0648411281849555], [-48.66636167148755, -2.064876188965135], [-48.666389432898065, -2.0648066599083843], [-48.66482024443646, -2.0628987592004826], [-48.662370884530255, -2.0636744597643593], [-48.66241003092417, -2.063970317881137], [-48.66225637274908, -2.064652706408561], [-48.66222742029439, -2.065119117695821], [-48.66249913033233, -2.06602533807766]]]}, "properties": {"id": 304, "Parcela": "Q-111", "ANO": 2009, "Ha": 10.27, "PLANTAS": 1563, "VARIEDADE": "PB-123", "Rot_labels": -15}}, {"type": "Feature", "geometry": {"type": "Polygon", "coordinates": [[[-48.636441160109, -2.061935078760641], [-48.63622941309232, -2.061747046531192], [-48.63600861414347, -2.061945809141084], [-48.63597714772915, -2.0621960498571053], [-48.635719261758, -2.0626222911468317], [-48.635922645294706, -2.062730673999264], [-48.636441160109, -2.061935078760641]]]}, "properties": {"id": 319, "Parcela": "Q-152", "ANO": 2007, "Ha": 0.33, "PLANTAS": 57, "VARIEDADE": "AVeBr", "Rot_labels": -15}}, {"type": "Feature", "geometry": {"type": "Polygon", "coordinates": [[[-48.635899907555086, -2.0628131211874083], [-48.63508663240128, -2.064117382288411], [-48.63551601532645, -2.0643341823431114], [-48.63561780381831, -2.064322957948292], [-48.63580940009467, -2.064755559759024], [-48.63646458971024, -2.065211608919589], [-48.63644425825521, -2.0655784776782786], [-48.63655139386807, -2.0657748864459706], [-48.63662169862008, -2.0660252795250478], [-48.63784311798106, -2.064007737820975], [-48.635899907555086, -2.0628131211874083]], [[-48.63596157779842, -2.0669913119661025], [-48.63593423379502, -2.0663655517023356], [-48.63597954988268, -2.0663087359944297], [-48.63587374802594, -2.0652107246283142], [-48.63482867815761, -2.064589129511183], [-48.633230331074216, -2.0672375051981313], [-48.63525861271977, -2.068253073394098], [-48.63595571332282, -2.0671335121140753], [-48.63596157779842, -2.0669913119661025]]]}, "properties": {"id": 302, "Parcela": "P-151", "ANO": 2007, "Ha": 12.33, "PLANTAS": 2464, "VARIEDADE": "AVeBr", "Rot_labels": 60}}, {"type": "Feature", "geometry": {"type": "Polygon", "coordinates": [[[-48.635884363317246, -2.0628102537685087], [-48.63569232975002, -2.0626734460898737], [-48.63556783303458, -2.062747208574247], [-48.63522240260315, -2.0631107467197958], [-48.63516844184418, -2.063278472460062], [-48.634944929025416, -2.063400437689704], [-48.634653055470615, -2.0638692900370637], [-48.63507322732961, -2.0641017192537436], [-48.635884363317246, -2.0628102537685087]], [[-48.63480957914957, -2.064600477624232], [-48.634216437332476, -2.064244067634307], [-48.63404676757546, -2.064277943693327], [-48.634024025449044, -2.06436323488383], [-48.63352592853501, -2.0647322315367305], [-48.63342951629362, -2.0649311792563827], [-48.63319709699978, -2.0653403919479696], [-48.63311207258851, -2.0654853173405945], [-48.633063811632084, -2.065621765298779], [-48.63285147582245, -2.065831915759527], [-48.632817320258056, -2.0659882940258254], [-48.632760426570194, -2.06622711917906], [-48.63270662529995, -2.0662867661119346], [-48.632508339958065, -2.0665538208726733], [-48.63243747557032, -2.0666817022922097], [-48.63234409642545, -2.0667412898079713], [-48.63234394888193, -2.066840835579998], [-48.632459699450294, -2.0669462435773256], [-48.632578492015604, -2.0669066033899868], [-48.632677398709085, -2.066932349310851], [-48.63320277633954, -2.067231775520032], [-48.63480957914957, -2.064600477624232]]]}, "properties": {"id": 303, "Parcela": "P-152", "ANO": 2007, "Ha": 4.41, "PLANTAS": 869, "VARIEDADE": "AVeBr", "Rot_labels": 60}}, {"type": "Feature", "geometry": {"type": "Polygon", "coordinates": [[[-48.69121633719404, -2.1082157824489824], [-48.69097283888065, -2.1084600279733614], [-48.69058843446394, -2.1083968798597863], [-48.684261764847186, -2.1156517032951387], [-48.68580918789303, -2.1169168863649235], [-48.69202308334851, -2.1094570970830016], [-48.691978167126315, -2.109240863905546], [-48.69121633719404, -2.1082157824489824]], [[-48.68103601625725, -2.119406978732957], [-48.67954063286354, -2.121171014069431], [-48.679557545071866, -2.121205170779351], [-48.68122650758874, -2.122484765110034], [-48.68251812454789, -2.12086263404266], [-48.68103601625725, -2.119406978732957]]]}, "properties": {"id": 365, "Parcela": "LM-071", "ANO": 2020, "Ha": 28.73, "PLANTAS": 3936, "VARIEDADE": "PB-141", "Rot_labels": -15}}, {"type": "Feature", "geometry": {"type": "Polygon", "coordinates": [[[-48.65885761841018, -2.073279897948875], [-48.65832598173486, -2.07338149882492], [-48.658116537177364, -2.07354615204242], [-48.657980554132884, -2.073739356798806], [-48.657720264393184, -2.073875491925042], [-48.65755024780746, -2.074142595658185], [-48.65707466656178, -2.07457420890233], [-48.65682020669171, -2.0745908950317262], [-48.656740906833505, -2.074687480364047], [-48.65649202571067, -2.0747553706994926], [-48.656361704841125, -2.0749428949705884], [-48.65630964465842, -2.0757391989910814], [-48.656405722571904, -2.075767784486481], [-48.656575605608836, -2.075591696161393], [-48.657011248444974, -2.075404627097534], [-48.65737905872678, -2.0752060798103873], [-48.65763923990818, -2.075143894656433], [-48.65801246147521, -2.075110320094161], [-48.658629446134995, -2.0746447863479167], [-48.65886724522944, -2.0744232908786913], [-48.659506653616, -2.074088624000956], [-48.659761180764264, -2.0740264297767217], [-48.65988579706973, -2.073873026921027], [-48.65938856120528, -2.07365043737523], [-48.659066469213094, -2.0735191236857076], [-48.65885761841018, -2.073279897948875]]]}, "properties": {"id": 367, "Parcela": "P-121", "ANO": 2020, "Ha": 4.14, "PLANTAS": 567, "VARIEDADE": "PB-141", "Rot_labels": -15}}, {"type": "Feature", "geometry": {"type": "Polygon", "coordinates": [[[-48.65138192193532, -2.0777654519890834], [-48.65081114446758, -2.0775711917770305], [-48.65062455947414, -2.0775709125847137], [-48.65023446935135, -2.0775418867339117], [-48.6498219985398, -2.0773535517203805], [-48.64966382713738, -2.0772566119498985], [-48.64952266007809, -2.0771312555754498], [-48.64929665656156, -2.0770228374648108], [-48.649172510698854, -2.0768576877147664], [-48.64905973189666, -2.0766527361240033], [-48.649054304919886, -2.0764991409170697], [-48.649048861106664, -2.076356922506892], [-48.64891327254255, -2.076282770260697], [-48.64870948178435, -2.0764474291288284], [-48.6483814779628, -2.0764924454007363], [-48.6483533169489, -2.076418453942639], [-48.64798026571925, -2.0763382577524054], [-48.647861521731336, -2.0763437683717205], [-48.647748423411976, -2.0763549758397835], [-48.64760141748858, -2.076354755714209], [-48.6475733659197, -2.0762068151919104], [-48.64724576635293, -2.0759787885002248], [-48.64699700408853, -2.0759670391807976], [-48.64679367642032, -2.07581883624112], [-48.646736933734836, -2.0759552728899684], [-48.646618055196704, -2.076051797650723], [-48.64653315156955, -2.076114242878266], [-48.64651585260749, -2.07634175297139], [-48.64641097867701, -2.07652646884467], [-48.64636280821348, -2.0766012939291465], [-48.65039158598867, -2.07962597821928], [-48.65151345563656, -2.078033004527633], [-48.65138192193532, -2.0777654519890834]]]}, "properties": {"id": 373, "Parcela": "PP-134", "ANO": 2020, "Ha": 9.25, "PLANTAS": 1420, "VARIEDADE": "PB-141", "Rot_labels": -30}}, {"type": "Feature", "geometry": {"type": "Polygon", "coordinates": [[[-48.651766360166896, -2.0767230886509056], [-48.65104353384009, -2.074525937072221], [-48.648268151934204, -2.0753432174587836], [-48.64883882665731, -2.0756057380948496], [-48.64948130509166, -2.07578303996497], [-48.649956102148465, -2.075882349289566], [-48.65017749766554, -2.075920603160772], [-48.650363830277364, -2.0760915342850446], [-48.65064062830245, -2.0762626007205207], [-48.650731076869285, -2.076274112812785], [-48.65079870739834, -2.0764221128047837], [-48.65090583249531, -2.0766270560531814], [-48.65095088029248, -2.076752268624991], [-48.65108078986129, -2.0768434776120253], [-48.651272978494255, -2.076877895549996], [-48.65134087800741, -2.0768438665714104], [-48.651766360166896, -2.0767230886509056]], [[-48.651172653698694, -2.074498302242117], [-48.65117706514646, -2.0746328094838242], [-48.65183324576708, -2.0766953609132375], [-48.655266575519796, -2.0756608490757875], [-48.65528395706246, -2.075376453207268], [-48.6552673804064, -2.0751147604213562], [-48.65504141761245, -2.074977900902302], [-48.65495109454947, -2.074881062773496], [-48.654837895211976, -2.074960531989958], [-48.654634339306526, -2.074965916739996], [-48.654368705766736, -2.0748915707822206], [-48.65410291295877, -2.0749253047641956], [-48.65402391497488, -2.0748171066878873], [-48.653967642390604, -2.0746349929312924], [-48.65405859421065, -2.0743051996376365], [-48.65407018744337, -2.074111810272999], [-48.65423989404224, -2.074055179097548], [-48.65445474957626, -2.074055499552371], [-48.6547533317368, -2.0741526482133], [-48.65494098493708, -2.0740676015285793], [-48.65523622794736, -2.07387273877605], [-48.655056168165494, -2.0732808730689136], [-48.651172653698694, -2.074498302242117]]]}, "properties": {"id": 372, "Parcela": "PP-132", "ANO": 2020, "Ha": 14.09, "PLANTAS": 1949, "VARIEDADE": "PB-141", "Rot_labels": -15}}, {"type": "Feature", "geometry": {"type": "Polygon", "coordinates": [[[-48.65559955802071, -2.077991709001225], [-48.65550707647791, -2.0774416886487965], [-48.65550180836207, -2.0771800126881286], [-48.65555855920502, -2.0770378864889683], [-48.655411443314165, -2.077111616533095], [-48.655298294025535, -2.077156955084656], [-48.655123251656306, -2.076997417528897], [-48.6549426223502, -2.0767923641748562], [-48.654835194356586, -2.0767922037731124], [-48.65476740384309, -2.0767522835136143], [-48.65478454237204, -2.0766328519912167], [-48.65500520346305, -2.0765307896089524], [-48.655101289684396, -2.076553686789069], [-48.65547475423402, -2.0763551489663894], [-48.65561659328657, -2.0760254312762303], [-48.655486624347255, -2.07597404141317], [-48.65536804749336, -2.075865784184209], [-48.65527781664158, -2.075706373336319], [-48.651830831178096, -2.0767695645927624], [-48.651915707927074, -2.0770456498582432], [-48.65200055039717, -2.077344924881326], [-48.652255992389776, -2.0774197655566984], [-48.65243699070752, -2.0773745287873915], [-48.652538638424524, -2.0774600071275247], [-48.65258907155303, -2.077767257474371], [-48.65336710671733, -2.0786406462950997], [-48.65559955802071, -2.077991709001225]], [[-48.65179158481443, -2.076811247516337], [-48.65161639928026, -2.0768156235420543], [-48.651450348047625, -2.0768779876346604], [-48.65132352263138, -2.0769125826336787], [-48.651104545914585, -2.0769145741222412], [-48.651092962753225, -2.07695397939978], [-48.651189665771554, -2.077026012308383], [-48.65125193455543, -2.0770029156703456], [-48.651371755945185, -2.077028603615327], [-48.65143632971722, -2.0770055104141703], [-48.65153775922943, -2.0769987051630983], [-48.65162520125472, -2.0770985519508707], [-48.65164820654527, -2.077128733060233], [-48.65167568818085, -2.077249360987597], [-48.651719404059556, -2.0773027628480873], [-48.65177699438359, -2.0773260387500176], [-48.651839194678665, -2.0773493215457544], [-48.65187370776285, -2.077391114759328], [-48.651915159783734, -2.0774166855057477], [-48.651933627064324, -2.0773981612990435], [-48.65194297033822, -2.077314692064547], [-48.65179158481443, -2.076811247516337]]]}, "properties": {"id": 371, "Parcela": "PP-131", "ANO": 2020, "Ha": 8.37, "PLANTAS": 1293, "VARIEDADE": "PB-141", "Rot_labels": -15}}, {"type": "Feature", "geometry": {"type": "Polygon", "coordinates": [[[-48.65259876587386, -2.07885944955441], [-48.65232126074707, -2.079166209249361], [-48.6521687177229, -2.079086343045164], [-48.651982418328, -2.078892657878456], [-48.65175645618059, -2.078755797601679], [-48.65175665802403, -2.0786192757888378], [-48.65166652883737, -2.078391604071378], [-48.65153494748491, -2.078156285795378], [-48.65047067599549, -2.079671604024336], [-48.65319673908635, -2.081693180808065], [-48.65344284462072, -2.0815911576760073], [-48.65371528548964, -2.080886200392581], [-48.65386313351504, -2.080317578689421], [-48.65368258872988, -2.080055640786151], [-48.65314073597655, -2.0794177261315743], [-48.65259876587386, -2.07885944955441]], [[-48.65598232345178, -2.0816660639129556], [-48.65451951173232, -2.0805773843723787], [-48.654293279804726, -2.0806225533527978], [-48.654281794979894, -2.0807419932333917], [-48.65437460000182, -2.0829833742897303], [-48.654431191758974, -2.0829493284636924], [-48.65505805911557, -2.0834508495240103], [-48.65534702567315, -2.0830417149247085], [-48.65510987205556, -2.0828251992902445], [-48.65598232345178, -2.0816660639129556]]]}, "properties": {"id": 369, "Parcela": "PP-124", "ANO": 2020, "Ha": 10.34, "PLANTAS": 1583, "VARIEDADE": "PB-141", "Rot_labels": -30}}, {"type": "Feature", "geometry": {"type": "Polygon", "coordinates": [[[-48.65513156445221, -2.0732752970084127], [-48.6553154355604, -2.0738387262385096], [-48.655534183490026, -2.073755621902853], [-48.65567746528805, -2.073725497125832], [-48.65607323540203, -2.073737463813123], [-48.65621251894407, -2.0738628170409426], [-48.65647257965135, -2.073882166022656], [-48.65651017875524, -2.0739466910450655], [-48.65661952488098, -2.0739241002044424], [-48.656826987085786, -2.073825809629808], [-48.65693623833901, -2.073867687630601], [-48.65703810149182, -2.07380716264492], [-48.65724183336892, -2.0736823203392487], [-48.657298580859674, -2.0735420898952173], [-48.65729871476902, -2.073451074984317], [-48.65706560887078, -2.0730449521974967], [-48.65696778857172, -2.0729196607889584], [-48.6569001513706, -2.0727754528573943], [-48.65680408469167, -2.0727392830142204], [-48.65513156445221, -2.0732752970084127]]]}, "properties": {"id": 368, "Parcela": "P-122", "ANO": 2020, "Ha": 2.04, "PLANTAS": 231, "VARIEDADE": "PB-141", "Rot_labels": -15}}, {"type": "Feature", "geometry": {"type": "Polygon", "coordinates": [[[-48.655569332808454, -2.0780390675011757], [-48.653393453322984, -2.078667231691649], [-48.653566647011516, -2.0788021168268775], [-48.65401836497743, -2.0792161515546193], [-48.65420641511936, -2.079500854325496], [-48.65434355025765, -2.0798044424417133], [-48.65445683984695, -2.0796642972092663], [-48.65486868006872, -2.079005054681201], [-48.655569332808454, -2.0780390675011757]]]}, "properties": {"id": 370, "Parcela": "P-125", "ANO": 2020, "Ha": 1.73, "PLANTAS": 269, "VARIEDADE": "PB-141", "Rot_labels": -15}}, {"type": "Feature", "geometry": {"type": "Polygon", "coordinates": [[[-48.666071268970455, -2.1013973918617714], [-48.66591563798351, -2.1014910177376747], [-48.66559824833774, -2.101996814845642], [-48.66572219349792, -2.102298490568534], [-48.665874612795335, -2.102463685713522], [-48.6659874777915, -2.1026117559366595], [-48.665998583338656, -2.1027482961177326], [-48.665970185280415, -2.1028335805595293], [-48.665947297687545, -2.1030155774119277], [-48.66600935905311, -2.10310668644911], [-48.665980834096736, -2.10327729786229], [-48.66602594964028, -2.103357004452191], [-48.66635360834138, -2.1035509058396453], [-48.66630260170145, -2.103630467787502], [-48.66625724930111, -2.1037100382379452], [-48.666228834257495, -2.10380669961212], [-48.66621733964838, -2.103931828845636], [-48.66620571811603, -2.1041422850677867], [-48.66618851845501, -2.104301536579044], [-48.66612046437579, -2.1044379576009806], [-48.66602983559237, -2.1045459022222097], [-48.66592821144497, -2.1044433565924607], [-48.665866158583796, -2.104346559034747], [-48.66579797752761, -2.1045683069743775], [-48.665763891212805, -2.1046763367026164], [-48.66579196776747, -2.1048072139611778], [-48.66589368500784, -2.1048471865038083], [-48.66605759901714, -2.104887252718609], [-48.666153619713846, -2.1049556590706646], [-48.66624977584738, -2.1049330499672863], [-48.66635746899224, -2.1047568692851595], [-48.66644240124057, -2.1046773584550977], [-48.66656132668194, -2.1045523909468864], [-48.666651947003594, -2.104450134721813], [-48.6667199080061, -2.1043762867748113], [-48.6667993636054, -2.104177309532396], [-48.66706544327998, -2.1039558591687286], [-48.66728632270266, -2.103711586741386], [-48.667371381661205, -2.103546748680408], [-48.667637444253295, -2.1033366749502576], [-48.66776209134374, -2.10316620785047], [-48.66779054007168, -2.103046792438089], [-48.66737850660111, -2.102556963246957], [-48.66720322493153, -2.1025566996941043], [-48.66703930248507, -2.10252232230934], [-48.66696599166619, -2.1023913769819065], [-48.66702592317619, -2.1020131830295083], [-48.66660234502374, -2.1016826143014016], [-48.6664407385858, -2.1019923934854683], [-48.66640709202116, -2.1018046230575473], [-48.66627739941158, -2.1015655119144574], [-48.666071268970455, -2.1013973918617714]]]}, "properties": {"id": 275, "Parcela": "N-104", "ANO": 1999, "Ha": 4.53, "PLANTAS": 667, "VARIEDADE": "PB-141", "Rot_labels": -15}}, {"type": "Feature", "geometry": {"type": "Polygon", "coordinates": [[[-48.66609969226219, -2.1012950419836627], [-48.66616741637461, -2.1013804709851294], [-48.666188488794745, -2.1014686740897814], [-48.666211075119335, -2.1014893287850835], [-48.666290838793735, -2.1015584215217022], [-48.66635794698022, -2.1015826984575807], [-48.66643991445251, -2.1015956207735313], [-48.666524660466195, -2.101641256025344], [-48.66661224628347, -2.1016783628265157], [-48.66704006089953, -2.102011782163098], [-48.66698296496653, -2.102384291901597], [-48.667044984197986, -2.102503843285421], [-48.66720042104786, -2.1025410521497765], [-48.66737569849024, -2.1025441599364525], [-48.667801884489286, -2.1030226334328623], [-48.66796600142875, -2.1029261759279296], [-48.66804808101836, -2.102863725976295], [-48.66809910446238, -2.1027727868952835], [-48.66818402383737, -2.1027018084597517], [-48.66825765159772, -2.102619436064903], [-48.66829456472543, -2.1025114102853912], [-48.66841349826694, -2.102380753807065], [-48.66852109794939, -2.102267145732144], [-48.66924880893923, -2.1015002926928013], [-48.66933518079061, -2.1014030069646976], [-48.66906852270461, -2.101062008192454], [-48.66866365840527, -2.1005032173019105], [-48.6679793290837, -2.0996610049012667], [-48.667826816479796, -2.0995583832174955], [-48.66790064214856, -2.0993423315694995], [-48.66771995117077, -2.0991770942862393], [-48.66609969226219, -2.1012950419836627]], [[-48.6684832625427, -2.100138883223133], [-48.66856269190209, -2.0999569708168857], [-48.668528943586296, -2.099837461904701], [-48.66843302390991, -2.099700794225416], [-48.66839357074183, -2.0996154076934253], [-48.66833158495591, -2.0994731024720497], [-48.668247058116975, -2.099279567047441], [-48.66826430757338, -2.0990861843589763], [-48.66820211938056, -2.0990804025576497], [-48.66807748154935, -2.099245181644516], [-48.66806556573356, -2.099654734799896], [-48.668144573249236, -2.0997572461551144], [-48.6684832625427, -2.100138883223133]], [[-48.67035277068161, -2.1024761048858056], [-48.67011002576124, -2.1022140696113376], [-48.66993499696528, -2.102043151968266], [-48.66990091952172, -2.1021454936904074], [-48.66985550823359, -2.102264883867675], [-48.66977058465804, -2.1023387067467554], [-48.669651777743624, -2.1023840362563364], [-48.66961214730069, -2.102418107689301], [-48.669549815410775, -2.102509029945202], [-48.66948184613969, -2.1025885667374973], [-48.669470343436686, -2.1027193847773025], [-48.669492791594784, -2.1028331883456413], [-48.66950398189604, -2.1029128440493072], [-48.66949820942025, -2.102992474267896], [-48.6696113199145, -2.1029755787322397], [-48.6697074338654, -2.102981411623709], [-48.66978647528215, -2.1030611692763665], [-48.669752423069035, -2.103146445516659], [-48.669820172857655, -2.103214809226734], [-48.6699897246763, -2.103266260405679], [-48.67004052858945, -2.103323221674776], [-48.670125283407145, -2.103363168468713], [-48.670221380530926, -2.1033803783219116], [-48.670311899386576, -2.103346383331978], [-48.670413811190514, -2.103255520486677], [-48.67056110058244, -2.1030680213343413], [-48.670595211846376, -2.1029429256369627], [-48.67057279735675, -2.102806368057693], [-48.67052212843211, -2.102658391063082], [-48.670584527833114, -2.1025219608397867], [-48.67069221192145, -2.1023514676045734], [-48.670794148912556, -2.1022435391815306], [-48.67082825163692, -2.102124131921935], [-48.67081138165197, -2.102061533126155], [-48.670721023165115, -2.10198744703373], [-48.670647500924794, -2.1019987136707186], [-48.67055683030184, -2.1021351014865535], [-48.67052283724966, -2.1021805584277433], [-48.670522997555054, -2.1020724772359856], [-48.67054571583045, -2.1020042493812143], [-48.67050622882321, -2.1019416166464477], [-48.67041580287856, -2.10191303842689], [-48.67022360875273, -2.1018786189369463], [-48.6701274357642, -2.1019126055262545], [-48.67004806521785, -2.102054698727853], [-48.67030217770958, -2.102276931572822], [-48.67035277068161, -2.1024761048858056]]]}, "properties": {"id": 23, "Parcela": "ADM", "ANO": 1982, "Ha": 9.32, "PLANTAS": 1192, "VARIEDADE": "PB-121", "Rot_labels": -15}}, {"type": "Feature", "geometry": {"type": "Polygon", "coordinates": [[[-48.67283646418149, -2.1005322301271447], [-48.6732038228698, -2.1006465507466174], [-48.673678848520304, -2.1006017543875544], [-48.674708160980735, -2.1004440176634565], [-48.67508135966348, -2.1004331993814156], [-48.67527357124621, -2.100456241184612], [-48.67553361731286, -2.1004907615400312], [-48.675737137518574, -2.1005138202279414], [-48.67587275599131, -2.1005709083833017], [-48.675883879483045, -2.1006960724326516], [-48.67600818943141, -2.1007531436732916], [-48.67630214453476, -2.1007990917640846], [-48.676720544312104, -2.100811094899393], [-48.675245294232454, -2.096633516243094], [-48.672167698844966, -2.097766615187805], [-48.67319498928107, -2.0989741163306146], [-48.67309849660304, -2.0992242661662615], [-48.67285462270412, -2.0997244894847804], [-48.67275807087362, -2.1000144586358553], [-48.67283719683966, -2.100037331208731], [-48.67293903247653, -2.0999976642333267], [-48.67296727852267, -2.100014772068722], [-48.67301790585528, -2.100191191620909], [-48.6730177795478, -2.10027651903173], [-48.67284798325726, -2.1003900347401143], [-48.67283646418149, -2.1005322301271447]]]}, "properties": {"id": 376, "Parcela": "P-091", "ANO": 2021, "Ha": 13.86, "PLANTAS": 1725, "VARIEDADE": "PB-143", "Rot_labels": -15}}, {"type": "Feature", "geometry": {"type": "Polygon", "coordinates": [[[-48.67746300669592, -2.0957949267930753], [-48.67533404156434, -2.0966008389581456], [-48.676829082016745, -2.100778447370815], [-48.67748972824877, -2.100675721022237], [-48.67803311083752, -2.100289713820098], [-48.678350237945565, -2.0999602532710755], [-48.67856953823823, -2.0998536297730954], [-48.67885694287492, -2.099988014952326], [-48.6790398926499, -2.100075054507199], [-48.67746300669592, -2.0957949267930753]]]}, "properties": {"id": 377, "Parcela": "P-092", "ANO": 2021, "Ha": 12.47, "PLANTAS": 1718, "VARIEDADE": "PB-141", "Rot_labels": -15}}, {"type": "Feature", "geometry": {"type": "Polygon", "coordinates": [[[-48.67969844808822, -2.0949588211199734], [-48.67759594061322, -2.095755305476594], [-48.67913903579848, -2.0999443664255852], [-48.679274453163785, -2.1001379788338568], [-48.67944234901413, -2.100294308761876], [-48.67953416412825, -2.100400039377373], [-48.67998729644648, -2.099865994088021], [-48.68071183429449, -2.099332353455871], [-48.68126842199564, -2.0991718704635867], [-48.68110851150255, -2.098785943072633], [-48.68038940971092, -2.096712915092356], [-48.67969844808822, -2.0949588211199734]], [[-48.681785795603254, -2.1002870919726266], [-48.6810833059133, -2.100493369905653], [-48.68095870998064, -2.1006297087803314], [-48.680901931996715, -2.1007889030652103], [-48.68072099453731, -2.1007886328139995], [-48.6806529918805, -2.100890924913839], [-48.68056217051266, -2.1011297078026168], [-48.68031312957711, -2.1012999917941233], [-48.67996222729959, -2.1015270087883526], [-48.67983749676005, -2.101754363716804], [-48.67984860369879, -2.101890905141719], [-48.68223537844289, -2.1017438903229237], [-48.681953922109635, -2.100890188567409], [-48.681785795603254, -2.1002870919726266]]]}, "properties": {"id": 378, "Parcela": "P-093", "ANO": 2021, "Ha": 15.67, "PLANTAS": 2496, "VARIEDADE": "PB-141", "Rot_labels": -15}}, {"type": "Feature", "geometry": {"type": "Polygon", "coordinates": [[[-48.68203929785834, -2.0940781202610816], [-48.67983630435872, -2.0948939894888587], [-48.68123338142268, -2.098750251345814], [-48.68137987922155, -2.098764496412376], [-48.68151569957518, -2.0986850594494335], [-48.68165145286091, -2.0986511306925855], [-48.68191148322814, -2.098697026863157], [-48.68210349449593, -2.098856592439202], [-48.682419950600405, -2.0989822123585067], [-48.68266862229752, -2.0990622228229174], [-48.682917394621754, -2.099073970864567], [-48.68339259031146, -2.0989153999661996], [-48.68373994614077, -2.098802146702776], [-48.68203929785834, -2.0940781202610816]], [[-48.68406409498948, -2.09983794610309], [-48.6836682433938, -2.099871487197419], [-48.68347585459374, -2.099967905642114], [-48.68320995147051, -2.1000699029353465], [-48.68298948398605, -2.100035442797161], [-48.682774662461306, -2.1000066796070835], [-48.682395849523054, -2.099989048815372], [-48.68215831866159, -2.100022825656346], [-48.68203378152208, -2.100119345049622], [-48.68185267622772, -2.1002328456137698], [-48.681833347914775, -2.10035260645627], [-48.682311916147235, -2.101741325499892], [-48.68296992103953, -2.101798863140701], [-48.68477911628065, -2.1019267112989493], [-48.68481882225687, -2.10184144222063], [-48.68406409498948, -2.09983794610309]]]}, "properties": {"id": 379, "Parcela": "P-094", "ANO": 2021, "Ha": 18.99, "PLANTAS": 2886, "VARIEDADE": "PB-141", "Rot_labels": -15}}, {"type": "Feature", "geometry": {"type": "Polygon", "coordinates": [[[-48.68419704657499, -2.0997869473408914], [-48.68494044873147, -2.101801803772468], [-48.68490628808255, -2.1019610323444913], [-48.68609706338914, -2.1021849854265016], [-48.68637450509168, -2.1018531872003083], [-48.68660870746033, -2.1016450116502914], [-48.686948603311514, -2.10121318744556], [-48.68702234395303, -2.1010540175456103], [-48.68700006157706, -2.100826441825327], [-48.68658803303815, -2.1003252345826264], [-48.686226424714135, -2.100142661981011], [-48.68593810491638, -2.100108101100299], [-48.685751554443975, -2.1000793803701323], [-48.685525557808226, -2.0999595839332246], [-48.68541270606052, -2.0998001361916763], [-48.68461530609016, -2.0998956533116115], [-48.68419704657499, -2.0997869473408914]]]}, "properties": {"id": 380, "Parcela": "Q-091", "ANO": 2021, "Ha": 5.33, "PLANTAS": 840, "VARIEDADE": "PB-141", "Rot_labels": -15}}, {"type": "Feature", "geometry": {"type": "Polygon", "coordinates": [[[-48.70571164152292, -2.1416369474666674], [-48.7058094052597, -2.1416428807093277], [-48.70592447891546, -2.141611231077692], [-48.70553759163633, -2.141322903600966], [-48.70407189020686, -2.140211412676919], [-48.702137471793385, -2.1386924799851057], [-48.70126506634692, -2.139772002859058], [-48.70114605022432, -2.1399538591551055], [-48.70110066149237, -2.140056185816771], [-48.70130386819137, -2.1402954142305863], [-48.70139998657665, -2.1403012478110495], [-48.701450758598, -2.140380965042489], [-48.70148453314646, -2.140483411117638], [-48.70151239035992, -2.1407621954575213], [-48.70146675566847, -2.141029491700722], [-48.70150041146974, -2.141211578275562], [-48.70159641968599, -2.1412913637895277], [-48.70196935560108, -2.1414682736334956], [-48.70239880306754, -2.141668023212163], [-48.70291325523943, -2.1417427512622904], [-48.70326387021953, -2.1417205254996077], [-48.70375592492985, -2.141647315231405], [-48.7043044912521, -2.141596944443961], [-48.70472291864357, -2.141603263645144], [-48.7050735086053, -2.14159810326364], [-48.70522612194318, -2.1416381536237568], [-48.7053448842576, -2.141626955273286], [-48.70543539080181, -2.1416043370782414], [-48.70571164152292, -2.1416369474666674]]]}, "properties": {"id": 253, "Parcela": "LM-051", "ANO": 2010, "Ha": 8.97, "PLANTAS": 1381, "VARIEDADE": "PB-121", "Rot_labels": -15}}, {"type": "Feature", "geometry": {"type": "Polygon", "coordinates": [[[-48.706160653720296, -2.1368042193413017], [-48.70583695170358, -2.1377423579315074], [-48.705757416444996, -2.1379925383396725], [-48.70565510238953, -2.138350768534673], [-48.70541161937896, -2.1385779477087645], [-48.70527585990335, -2.1386118752856516], [-48.705213727713115, -2.1385662727420978], [-48.70509517706726, -2.1384352558216815], [-48.70492014880187, -2.1382586448874177], [-48.70463755773111, -2.1381672016303215], [-48.7044113935997, -2.1381554840864863], [-48.7042021507925, -2.1381722351246717], [-48.70396464384997, -2.1381832549640367], [-48.7036309762142, -2.138216884535845], [-48.703438798600516, -2.13816539761658], [-48.703094008200765, -2.1380738605608838], [-48.70288483328411, -2.138045102520309], [-48.702771759830696, -2.138033555027655], [-48.70263611909352, -2.137987841807284], [-48.702556769647366, -2.1381128720401854], [-48.70225078230771, -2.138544746514058], [-48.70223921079466, -2.1387210763629936], [-48.703944913011526, -2.1400434068588043], [-48.705441663370756, -2.141189076205122], [-48.705709902799, -2.141425558556038], [-48.70583144584741, -2.141445651832554], [-48.70590214880255, -2.1414315367204724], [-48.705978629032394, -2.141334945071646], [-48.706049306596505, -2.141337895818445], [-48.70609179607795, -2.141283917745884], [-48.706493970995666, -2.140812366246124], [-48.706584494454404, -2.1407783706595906], [-48.706935744344605, -2.140329496667492], [-48.70703188004606, -2.140323952661338], [-48.70745681624321, -2.13975572762958], [-48.7073723192704, -2.1395394321530614], [-48.70719174580215, -2.139288860385232], [-48.707033629957486, -2.1391464066049775], [-48.70688111797563, -2.1390380931084163], [-48.706870172292874, -2.138793465112374], [-48.70683924556943, -2.1386768014881787], [-48.706749018032916, -2.1385116952771277], [-48.70667547948779, -2.1385314949589174], [-48.70663036995369, -2.1384460975471957], [-48.706554054851665, -2.138431761215505], [-48.70642445263197, -2.1381272241925156], [-48.706500894451295, -2.1380562311188425], [-48.70653789392772, -2.137891316201215], [-48.70665128870112, -2.137686695611244], [-48.706660108360424, -2.13745916327969], [-48.70673937315885, -2.1373910187078478], [-48.706745247265516, -2.137243122893929], [-48.70668029615879, -2.1371918275471944], [-48.706160653720296, -2.1368042193413017]], [[-48.70696712358751, -2.1404989969971417], [-48.706808850597106, -2.1405739767755794], [-48.706483311932466, -2.140969827401326], [-48.706414296154264, -2.140969723512803], [-48.70608295431997, -2.141400281061994], [-48.706028338350734, -2.141385733840862], [-48.70591313126327, -2.141507066155311], [-48.705835488517145, -2.141506949222144], [-48.705961853854305, -2.1416170733577538], [-48.706050947586085, -2.141651923483009], [-48.70615447557864, -2.1416491863995972], [-48.70621498492534, -2.141568273636544], [-48.706631908066306, -2.1416007243721484], [-48.706781171214956, -2.14178320791324], [-48.70689611153199, -2.141841240913829], [-48.70701116375547, -2.1418240561472857], [-48.70706279653697, -2.1419109238099985], [-48.70729294835833, -2.14184473133943], [-48.707419649540704, -2.1417292021280545], [-48.70748591880826, -2.141642511918359], [-48.70735681953521, -2.14143691473209], [-48.70725927079922, -2.1412863320168705], [-48.70715006887097, -2.1412369867032366], [-48.70708698504971, -2.1411153858555303], [-48.707038184885434, -2.14105745245944], [-48.70699520486922, -2.140953239864055], [-48.70696712358751, -2.1404989969971417]]]}, "properties": {"id": 254, "Parcela": "LM-052", "ANO": 2010, "Ha": 14.61, "PLANTAS": 2286, "VARIEDADE": "PB-121", "Rot_labels": -15}}, {"type": "Feature", "geometry": {"type": "Polygon", "coordinates": [[[-48.64941801149531, -2.058561276206007], [-48.64769999187623, -2.0580126396413276], [-48.647462573560425, -2.0579781568231597], [-48.64740595840443, -2.058029268432426], [-48.647434069946385, -2.058137389855066], [-48.64744521945739, -2.058245486101419], [-48.64743950704921, -2.0582852964564116], [-48.64742798210872, -2.058433177876084], [-48.64738259149991, -2.0585411901769297], [-48.64730305984664, -2.058797050289265], [-48.647353862487265, -2.058854009776022], [-48.647381973975605, -2.058962131211214], [-48.64867556681464, -2.059766117552867], [-48.648760352074795, -2.059783308672218], [-48.649451860572206, -2.058612522139184], [-48.64941801149531, -2.058561276206007]]]}, "properties": {"id": 322, "Parcela": "R-142", "ANO": 2007, "Ha": 2.73, "PLANTAS": 529, "VARIEDADE": "AVeBr", "Rot_labels": -15}}, {"type": "Feature", "geometry": {"type": "Polygon", "coordinates": [[[-48.66573789987274, -2.1108361142218377], [-48.6645018224935, -2.1124947777681884], [-48.66674510302116, -2.1141731674591866], [-48.66675073304644, -2.1142541776205723], [-48.66828456284902, -2.1153963066003416], [-48.66834228093847, -2.1152575337526076], [-48.66857862764892, -2.1148875973608474], [-48.668843565374075, -2.1146276349824435], [-48.66895342294809, -2.1142343638050227], [-48.66880977594235, -2.1141473591618833], [-48.668781184733426, -2.1140373849969185], [-48.66874684245973, -2.11392740214728], [-48.66861480125166, -2.113770984986623], [-48.66854028792399, -2.113603083072303], [-48.6684832522793, -2.113284775755252], [-48.66843750285514, -2.11311113148132], [-48.66842634608955, -2.1128796810720494], [-48.66573789987274, -2.1108361142218377]]]}, "properties": {"id": 266, "Parcela": "M-102", "ANO": 1999, "Ha": 11.18, "PLANTAS": 742, "VARIEDADE": "PB-141", "Rot_labels": -15}}, {"type": "Feature", "geometry": {"type": "Polygon", "coordinates": [[[-48.62885294201336, -2.1901393213064755], [-48.62887984938795, -2.190020795870778], [-48.62502774731146, -2.1886244569353437], [-48.62465102104678, -2.188522751031558], [-48.624262651590186, -2.1884827434219583], [-48.62403811351427, -2.1884206686499286], [-48.62364124727171, -2.1883442068938503], [-48.623443093407616, -2.188381983957389], [-48.62319603471234, -2.1883235758070003], [-48.62294893690359, -2.188290030816973], [-48.62236411981773, -2.18822279621935], [-48.6219564531774, -2.188139268555132], [-48.62178348097997, -2.1881182732814746], [-48.62165572814471, -2.1881553643106653], [-48.62151972392377, -2.1882007298962622], [-48.62140022248802, -2.1882295463153953], [-48.62125597341826, -2.1882790425742646], [-48.62111999534667, -2.188307832666375], [-48.62100053966951, -2.1883076420331764], [-48.62089759331983, -2.1882867584005896], [-48.620728792697044, -2.1882326187224774], [-48.62051600796055, -2.1880915136295855], [-48.620279707642545, -2.188166965402742], [-48.620114070021174, -2.1880453747006667], [-48.619917514515244, -2.188107007748268], [-48.619867908123595, -2.1882188128942994], [-48.61964451895917, -2.1888234603365855], [-48.619576366588596, -2.1890495651692885], [-48.62808746767292, -2.1922144650678264], [-48.628211702087256, -2.191895309507381], [-48.62831933611817, -2.1915556820698128], [-48.62885294201336, -2.1901393213064755]]]}, "properties": {"id": 85, "Parcela": "D-112", "ANO": 2001, "Ha": 22.26, "PLANTAS": 3479, "VARIEDADE": "PB-121", "Rot_labels": -15}}, {"type": "Feature", "geometry": {"type": "Polygon", "coordinates": [[[-48.6280403781099, -2.192267576496442], [-48.619558983133544, -2.189109870609148], [-48.618721651171086, -2.1912906687769174], [-48.62721084618638, -2.1944633936029945], [-48.62725305798326, -2.1944198739802006], [-48.6280403781099, -2.192267576496442]]]}, "properties": {"id": 84, "Parcela": "D-111", "ANO": 2001, "Ha": 26.12, "PLANTAS": 4029, "VARIEDADE": "PB-121", "Rot_labels": -15}}, {"type": "Feature", "geometry": {"type": "Polygon", "coordinates": [[[-48.62718613164417, -2.194637144528243], [-48.62722141945595, -2.1945664268287692], [-48.62718682287911, -2.1944960716996325], [-48.618730974467056, -2.1913497913969824], [-48.6179374631798, -2.1935675285781127], [-48.626424091425974, -2.1966883735241103], [-48.62718613164417, -2.194637144528243]]]}, "properties": {"id": 57, "Parcela": "C-114", "ANO": 2001, "Ha": 26.04, "PLANTAS": 4000, "VARIEDADE": "PB-121", "Rot_labels": -15}}, {"type": "Feature", "geometry": {"type": "Polygon", "coordinates": [[[-48.62637080405936, -2.196873322985779], [-48.62641142569811, -2.196753440071259], [-48.62385008446307, -2.195804007349663], [-48.61802432948538, -2.19363608460428], [-48.617908767471825, -2.1936257889886366], [-48.61711404018771, -2.195764449652427], [-48.62559549021529, -2.198924872696842], [-48.62637080405936, -2.196873322985779]]]}, "properties": {"id": 56, "Parcela": "C-113", "ANO": 2001, "Ha": 25.79, "PLANTAS": 4008, "VARIEDADE": "PB-121", "Rot_labels": -15}}, {"type": "Feature", "geometry": {"type": "Polygon", "coordinates": [[[-48.62555865864934, -2.198974504934896], [-48.61709620499499, -2.1958443740967923], [-48.6162774338489, -2.198013657441058], [-48.62185464150845, -2.200110801127791], [-48.62477199710808, -2.2011630498294164], [-48.62555865864934, -2.198974504934896]]]}, "properties": {"id": 55, "Parcela": "C-112", "ANO": 2001, "Ha": 25.98, "PLANTAS": 4027, "VARIEDADE": "PB-121", "Rot_labels": -15}}, {"type": "Feature", "geometry": {"type": "Polygon", "coordinates": [[[-48.62474603746829, -2.20122722633385], [-48.61626335862038, -2.198106870174909], [-48.615418337777236, -2.2002574376865303], [-48.6239410436558, -2.203419925415943], [-48.62474603746829, -2.20122722633385]]]}, "properties": {"id": 54, "Parcela": "C-111", "ANO": 2001, "Ha": 25.9, "PLANTAS": 3979, "VARIEDADE": "PB-121", "Rot_labels": -15}}, {"type": "Feature", "geometry": {"type": "Polygon", "coordinates": [[[-48.62393597838501, -2.203445193663139], [-48.6154170463418, -2.200279552302372], [-48.61461378730551, -2.2024864031488187], [-48.623108369826646, -2.2056353256808747], [-48.623543100100775, -2.2045909113063265], [-48.62393597838501, -2.203445193663139]]]}, "properties": {"id": 29, "Parcela": "B-114", "ANO": 2001, "Ha": 26.22, "PLANTAS": 4006, "VARIEDADE": "PB-121", "Rot_labels": -15}}, {"type": "Feature", "geometry": {"type": "Polygon", "coordinates": [[[-48.62311204238433, -2.205695994848332], [-48.61460816888457, -2.202540471482066], [-48.61379892048432, -2.204710257268181], [-48.622275286939576, -2.2079084676587946], [-48.62311204238433, -2.205695994848332]]]}, "properties": {"id": 28, "Parcela": "B-113", "ANO": 2001, "Ha": 26.1, "PLANTAS": 4029, "VARIEDADE": "PB-121", "Rot_labels": -15}}, {"type": "Feature", "geometry": {"type": "Polygon", "coordinates": [[[-48.622256725439726, -2.207926521242324], [-48.61377922141104, -2.204778606553634], [-48.61298005703198, -2.2069923121679405], [-48.62146851443528, -2.210122066759172], [-48.62159261948105, -2.209790404844516], [-48.62199807055898, -2.208680500867839], [-48.622256725439726, -2.207926521242324]]]}, "properties": {"id": 27, "Parcela": "B-112", "ANO": 2002, "Ha": 26.09, "PLANTAS": 3975, "VARIEDADE": "PB-132", "Rot_labels": -15}}, {"type": "Feature", "geometry": {"type": "Polygon", "coordinates": [[[-48.62146170528224, -2.21015714147674], [-48.61296909251292, -2.207029406872803], [-48.61215155798448, -2.2091865213107953], [-48.620656763688146, -2.212382739445488], [-48.62072372694806, -2.212209022468173], [-48.621120995376586, -2.211065956044718], [-48.62146170528224, -2.21015714147674]]]}, "properties": {"id": 26, "Parcela": "B-111", "ANO": 2002, "Ha": 26.05, "PLANTAS": 4031, "VARIEDADE": "PB-132", "Rot_labels": -15}}, {"type": "Feature", "geometry": {"type": "Polygon", "coordinates": [[[-48.620640244909325, -2.212420575187343], [-48.61213891591035, -2.2092435211783146], [-48.611817211156946, -2.2101061302465155], [-48.611703035193244, -2.210491381451337], [-48.61192150629909, -2.210538019769954], [-48.61175474071101, -2.2106583642794906], [-48.61164400920573, -2.21076940011541], [-48.611490370040094, -2.21099652659202], [-48.61146552892257, -2.2110752193008905], [-48.61141589970444, -2.2111994540911515], [-48.61132902532364, -2.211431368342065], [-48.61983094771975, -2.2145755482255334], [-48.62039684093895, -2.2131284330368595], [-48.620640244909325, -2.212420575187343]]]}, "properties": {"id": 2, "Parcela": "A-114", "ANO": 2002, "Ha": 25.82, "PLANTAS": 3999, "VARIEDADE": "PB-132", "Rot_labels": -15}}, {"type": "Feature", "geometry": {"type": "Polygon", "coordinates": [[[-48.61980374963084, -2.214654913638005], [-48.612722431525995, -2.2120147326917747], [-48.61260253821743, -2.2122953489960353], [-48.61251966354957, -2.212601859063732], [-48.61247002756184, -2.212730237757834], [-48.612387112959745, -2.2130616107404615], [-48.6123621854945, -2.2131941732657294], [-48.61228778776809, -2.213351518686434], [-48.6121887942057, -2.213434235113034], [-48.612089721017945, -2.2135666774699807], [-48.61200719097533, -2.213657708212969], [-48.611932886057254, -2.2137570399483444], [-48.61185854130814, -2.2138812346392527], [-48.61180064680736, -2.2140220313318952], [-48.61174694450005, -2.214117252579117], [-48.61901281284879, -2.2168767443960355], [-48.61915363250771, -2.2164953846236926], [-48.61943915750999, -2.215683649539105], [-48.619625350371535, -2.2151659677618727], [-48.61972874807531, -2.214905071527295], [-48.61976188058578, -2.2147932407726287], [-48.61980374963084, -2.214654913638005]]]}, "properties": {"id": 1, "Parcela": "A-113", "ANO": 2002, "Ha": 21.84, "PLANTAS": 3296, "VARIEDADE": "PB-132", "Rot_labels": -15}}, {"type": "Feature", "geometry": {"type": "Polygon", "coordinates": [[[-48.58996212907184, -2.215970451755942], [-48.590743512954994, -2.213942168853094], [-48.59069831767753, -2.213818365134216], [-48.58232508273542, -2.210676120073845], [-48.581483767938956, -2.2128450986703294], [-48.58697926013517, -2.2149180221423768], [-48.58996212907184, -2.215970451755942]]]}, "properties": {"id": 336, "Parcela": "Z-143", "ANO": 2002, "Ha": 25.79, "PLANTAS": 4023, "VARIEDADE": "PB-123", "Rot_labels": -15}}, {"type": "Feature", "geometry": {"type": "Polygon", "coordinates": [[[-48.58923585245493, -2.215788598840462], [-48.58146347301851, -2.212884808494157], [-48.581174985766935, -2.213682676888035], [-48.58329888460602, -2.214219126309536], [-48.58428189375707, -2.21478162666361], [-48.58521589526354, -2.215228569748923], [-48.586379479354896, -2.215675889238917], [-48.58690382312425, -2.215932448245735], [-48.5872725933395, -2.216056778287703], [-48.58771523801282, -2.216131739114463], [-48.58800237560761, -2.2160332291033944], [-48.58812449543191, -2.216018055121897], [-48.588240383860224, -2.215893396609494], [-48.58923676364204, -2.2159577205073933], [-48.58923681058019, -2.2159287141927457], [-48.58923585245493, -2.215788598840462]]]}, "properties": {"id": 335, "Parcela": "Z-142", "ANO": 2002, "Ha": 7.63, "PLANTAS": 1142, "VARIEDADE": "PB-123", "Rot_labels": -15}}, {"type": "Feature", "geometry": {"type": "Polygon", "coordinates": [[[-48.58142005803647, -2.212879580719375], [-48.57686216375426, -2.211141542431406], [-48.57659396157333, -2.211617122032407], [-48.576346049093345, -2.2120891000152962], [-48.576019836558835, -2.2126316665386825], [-48.57878628818416, -2.213609990882704], [-48.5788845589286, -2.213597378532626], [-48.58000784790114, -2.2136074718948064], [-48.58108999416978, -2.2137082285817837], [-48.58142005803647, -2.212879580719375]]]}, "properties": {"id": 338, "Parcela": "Z-152", "ANO": 2001, "Ha": 9.0, "PLANTAS": 1380, "VARIEDADE": "PB-121", "Rot_labels": -15}}, {"type": "Feature", "geometry": {"type": "Polygon", "coordinates": [[[-48.582230327842865, -2.2106777077819357], [-48.577920140995914, -2.2090260251976224], [-48.577717815944915, -2.209484944476964], [-48.57768483637088, -2.209501465309054], [-48.57764766380903, -2.209563560345144], [-48.57758560202703, -2.2097333516426954], [-48.57753181198729, -2.2098824378232247], [-48.57742047564675, -2.209956842325119], [-48.57731293578501, -2.2102301522672883], [-48.5771559466022, -2.2105158121730115], [-48.57701128769031, -2.2108180671742494], [-48.576941095068605, -2.2109215452272446], [-48.57685006181009, -2.2111041114989054], [-48.58144830608392, -2.2128313115076748], [-48.582230327842865, -2.2106777077819357]]]}, "properties": {"id": 339, "Parcela": "Z-153", "ANO": 2001, "Ha": 13.49, "PLANTAS": 2112, "VARIEDADE": "PB-121", "Rot_labels": -15}}, {"type": "Feature", "geometry": {"type": "Polygon", "coordinates": [[[-48.576701773938645, -2.2111162599789442], [-48.57236172535588, -2.2094718554687405], [-48.57219157269753, -2.209782502641537], [-48.57211716676344, -2.209943985271629], [-48.57203452938936, -2.2101013106216723], [-48.57197250081857, -2.2102503824166098], [-48.571929142779, -2.2103166105651497], [-48.57192075642996, -2.2104077585499], [-48.571871219768546, -2.2104739765231853], [-48.57182165278303, -2.2105588411666597], [-48.571784453113544, -2.2106375105777287], [-48.57175168532058, -2.210709347126156], [-48.57413602612851, -2.211779068986405], [-48.574207089178834, -2.2118406708327014], [-48.57420040951344, -2.2119851579051337], [-48.57402674701106, -2.2122387082064896], [-48.5739297065544, -2.2122334862969457], [-48.57370859264586, -2.2124382291906657], [-48.575208083572846, -2.2130386977159064], [-48.5756014603521, -2.2131548210036325], [-48.57591309540361, -2.21267933456607], [-48.575988748212914, -2.2125745977914972], [-48.576110756136934, -2.2123994930513247], [-48.576176930822186, -2.2122338526202387], [-48.57623067417598, -2.2121137727736744], [-48.576284242543295, -2.212101429626172], [-48.57630486828028, -2.2120828167373228], [-48.576317269294535, -2.212055902868548], [-48.57633799260551, -2.21197720604082], [-48.576404113377876, -2.211844715310136], [-48.57645370394311, -2.211745347251488], [-48.57645657515743, -2.2116839042677654], [-48.57653831012626, -2.211643964851036], [-48.57655694358117, -2.211583911359039], [-48.576583872392575, -2.2114886497748345], [-48.57664797389977, -2.2113312932759643], [-48.576701773938645, -2.2111162599789442]]]}, "properties": {"id": 341, "Parcela": "Z-162", "ANO": 2006, "Ha": 10.42, "PLANTAS": 1634, "VARIEDADE": "PB-121", "Rot_labels": -15}}, {"type": "Feature", "geometry": {"type": "Polygon", "coordinates": [[[-48.57785487290229, -2.208990532417023], [-48.57418886706026, -2.20758930998675], [-48.57404222623358, -2.2077841264335194], [-48.57400088088449, -2.2078793641979146], [-48.57382086406225, -2.208394962154751], [-48.573727862084326, -2.208593708101712], [-48.57365131617187, -2.2088049122188984], [-48.57359538239824, -2.209005790869091], [-48.57356439851711, -2.209061680212864], [-48.5735168676879, -2.2091610514475013], [-48.573522881448106, -2.209262582527141], [-48.57347126516794, -2.20934122842496], [-48.57339285470699, -2.2094322614436535], [-48.57337665563639, -2.209549350252875], [-48.57324842462811, -2.2095936291969527], [-48.572984827371585, -2.209472879888727], [-48.5725980981825, -2.2093509220894845], [-48.57240208973841, -2.2093708201677384], [-48.57239692510168, -2.2094567480958625], [-48.576781443373804, -2.2110699389296204], [-48.57683797661712, -2.211008394259372], [-48.57693245500794, -2.2107380839574273], [-48.5771003523477, -2.2105074334307675], [-48.57712935066828, -2.210405959573147], [-48.5772097751116, -2.2101572026497287], [-48.57734623461528, -2.2100168046223603], [-48.577384495786305, -2.2099184537331893], [-48.57744131972008, -2.2098035583630526], [-48.577451654396974, -2.209780784783865], [-48.577567301287495, -2.2095882908959243], [-48.57766445254328, -2.209370904210873], [-48.57770168218811, -2.20927358751273], [-48.577746998865244, -2.209269518119061], [-48.57775734360266, -2.2092405289417965], [-48.57785487290229, -2.208990532417023]]]}, "properties": {"id": 342, "Parcela": "Z-163", "ANO": 2006, "Ha": 11.35, "PLANTAS": 1718, "VARIEDADE": "PB-121", "Rot_labels": -15}}, {"type": "Feature", "geometry": {"type": "Polygon", "coordinates": [[[-48.57891865885873, -2.2068286906047114], [-48.57458468611174, -2.205203956353871], [-48.574413393495476, -2.2054766504229235], [-48.574337016742724, -2.20570860421], [-48.57427505612157, -2.205816239429635], [-48.57418816614002, -2.206056432927863], [-48.57415918488515, -2.2061475473215464], [-48.57412195204969, -2.206246935621097], [-48.57406817574661, -2.2063877340112152], [-48.57401034754281, -2.20648708849917], [-48.57396481605662, -2.2066237566701865], [-48.57393900201316, -2.2067345896645416], [-48.574199704221385, -2.207104039099711], [-48.57422456693703, -2.2072658428018173], [-48.57424944603806, -2.2074175363549253], [-48.57419897449225, -2.207553940946806], [-48.577785223910624, -2.208931149152512], [-48.57785493091855, -2.2089230151671524], [-48.57789896635047, -2.208905118659571], [-48.57794034524627, -2.2087891619182907], [-48.57803522524989, -2.208702299056257], [-48.57810553171682, -2.208528377416073], [-48.57814689713369, -2.208420708090272], [-48.578200700349605, -2.2082633343067246], [-48.5782748640364, -2.2082510246793454], [-48.57830375805114, -2.2082137784130498], [-48.57831622941668, -2.208143355326405], [-48.57836996546442, -2.2080274187682405], [-48.57841137108346, -2.207894887039307], [-48.57845687563727, -2.2077747932312493], [-48.57857248514259, -2.2076050894422425], [-48.578791501068395, -2.207170355768314], [-48.57891865885873, -2.2068286906047114]]]}, "properties": {"id": 343, "Parcela": "Z-164", "ANO": 2006, "Ha": 12.98, "PLANTAS": 1988, "VARIEDADE": "PB-121", "Rot_labels": -15}}, {"type": "Feature", "geometry": {"type": "Polygon", "coordinates": [[[-48.57903113565532, -2.2067211525987847], [-48.579295581697444, -2.2062119056170046], [-48.579537412671876, -2.2056777589274685], [-48.57958898162116, -2.2056281184305893], [-48.57970684449967, -2.2053382494057994], [-48.579807996496726, -2.205193383946452], [-48.57988236103482, -2.205056762120991], [-48.5799198642983, -2.2049081238076647], [-48.57975169338156, -2.2048042189265793], [-48.57821267614452, -2.2040889307005846], [-48.57814732637891, -2.204103989082182], [-48.578061958282575, -2.204068463650147], [-48.57774280834695, -2.2041058546357184], [-48.57765243979529, -2.2040551556960915], [-48.57756262098295, -2.204211787226145], [-48.577544005395005, -2.2043001507211435], [-48.57750068743647, -2.204302848014469], [-48.57742591340975, -2.2043024849596384], [-48.57723974246661, -2.204453833242936], [-48.577174315021516, -2.2045169148918426], [-48.57716654647356, -2.2046089372999176], [-48.57711289795799, -2.2046710054580374], [-48.57708399739934, -2.2047123954682135], [-48.57706737359339, -2.204803530381667], [-48.57706314723278, -2.2048698231953314], [-48.57701340987979, -2.2050603534711994], [-48.576918443162235, -2.205201084847802], [-48.57685280854134, -2.2052342127097733], [-48.57667166241744, -2.205385568958549], [-48.5755354618614, -2.2049458094087897], [-48.575411230966374, -2.204860301088841], [-48.57484623665808, -2.204662226450263], [-48.574739851041564, -2.204953034817807], [-48.57468202301372, -2.2050523894450618], [-48.57463669314617, -2.2050647463074413], [-48.574603646633804, -2.2051227042905297], [-48.574626368513314, -2.2051936100768343], [-48.57894887759472, -2.2067967414731156], [-48.57903113565532, -2.2067211525987847]]]}, "properties": {"id": 19, "Parcela": "A-161", "ANO": 2006, "Ha": 8.4, "PLANTAS": 1288, "VARIEDADE": "PB-121", "Rot_labels": -15}}, {"type": "Feature", "geometry": {"type": "Polygon", "coordinates": [[[-48.59158794190749, -2.211610079490025], [-48.58312394500243, -2.208411215068243], [-48.58232834487047, -2.2106216732569868], [-48.59073644937175, -2.213757025181852], [-48.59082518731504, -2.2137434011891424], [-48.590986549947736, -2.2133002809954774], [-48.59128028004993, -2.2125134435045224], [-48.59158794190749, -2.211610079490025]]]}, "properties": {"id": 337, "Parcela": "Z-144", "ANO": 2002, "Ha": 25.94, "PLANTAS": 4018, "VARIEDADE": "PB-123", "Rot_labels": -15}}, {"type": "Feature", "geometry": {"type": "Polygon", "coordinates": [[[-48.59553007463925, -2.213241399604639], [-48.59553119741892, -2.2130586008672632], [-48.5916656599073, -2.2116019680980568], [-48.59152414518126, -2.2119958697120587], [-48.59139582326265, -2.2123851751752905], [-48.59122207023019, -2.2128489942976644], [-48.59098003994021, -2.213505387250175], [-48.590897342548196, -2.21370000951253], [-48.59089522942555, -2.2137331562610454], [-48.59092813568555, -2.213762216485806], [-48.590938369940844, -2.213801599084609], [-48.59456325855634, -2.2151861290865322], [-48.59478227579601, -2.2146242044403754], [-48.59487726370854, -2.214471039402057], [-48.59495978717407, -2.2143841545917313], [-48.59501758902152, -2.214301373197166], [-48.59515406247327, -2.213965949121676], [-48.59519119500008, -2.213928715629838], [-48.59524069835042, -2.2138832147470864], [-48.59527379190676, -2.213796249192013], [-48.595335813070086, -2.213651317791516], [-48.595397901017854, -2.2134649485925597], [-48.59547631189287, -2.2133739131586814], [-48.59553007463925, -2.213241399604639]]]}, "properties": {"id": 334, "Parcela": "Z-134", "ANO": 2002, "Ha": 11.6, "PLANTAS": 1779, "VARIEDADE": "PB-123", "Rot_labels": -15}}, {"type": "Feature", "geometry": {"type": "Polygon", "coordinates": [[[-48.583067374143745, -2.2084047980965256], [-48.58126188319854, -2.2077403353023333], [-48.581167011997145, -2.2079180478360927], [-48.581108989370044, -2.2081375713649676], [-48.58108010877772, -2.2081665302961104], [-48.5810182754288, -2.2081954352669513], [-48.58096044048202, -2.2082989341941968], [-48.58088594808391, -2.208514286945183], [-48.580848708572105, -2.208617819576245], [-48.58077037870101, -2.208659128724934], [-48.580679698251814, -2.2086962738893035], [-48.57935438727882, -2.2079816531043486], [-48.578658818406424, -2.2076365830299394], [-48.578530895032564, -2.2078515736879947], [-48.578469014794635, -2.207909484598165], [-48.57841523849604, -2.208050283531927], [-48.57830357345748, -2.2083277308801863], [-48.57823758080784, -2.208381491269834], [-48.5781962623928, -2.208460154526528], [-48.578138319917976, -2.208629952723627], [-48.57810110042319, -2.2087210538947417], [-48.57803909253235, -2.2088576955072665], [-48.57796482137522, -2.208936304687094], [-48.577940922808686, -2.208985018584574], [-48.58228395749287, -2.2105840657223186], [-48.582341037592705, -2.2104145065841894], [-48.58261822469195, -2.209669085605679], [-48.582808541393604, -2.2091514283749243], [-48.583067374143745, -2.2084047980965256]]]}, "properties": {"id": 340, "Parcela": "Z-154", "ANO": 2001, "Ha": 9.95, "PLANTAS": 1526, "VARIEDADE": "PB-121", "Rot_labels": -15}}, {"type": "Feature", "geometry": {"type": "Polygon", "coordinates": [[[-48.59243116213246, -2.2093950088201693], [-48.58398596803316, -2.2061921810484195], [-48.58314437240481, -2.208366669220018], [-48.59164190060275, -2.211576803328117], [-48.591925680038116, -2.210769966942882], [-48.59243116213246, -2.2093950088201693]]]}, "properties": {"id": 11, "Parcela": "A-141", "ANO": 2001, "Ha": 25.9, "PLANTAS": 4007, "VARIEDADE": "PB-123", "Rot_labels": -15}}, {"type": "Feature", "geometry": {"type": "Polygon", "coordinates": [[[-48.58176341349126, -2.206471906219115], [-48.57971985880872, -2.205457539973827], [-48.57870265834496, -2.207557536032875], [-48.58056287576731, -2.2085235821899696], [-48.58074124842649, -2.208533984585461], [-48.58176341349126, -2.206471906219115]], [[-48.58308075545655, -2.208322971857201], [-48.58378312348396, -2.20645597652191], [-48.58381110860606, -2.206362685569406], [-48.58383446218899, -2.2062647202093966], [-48.58385305919957, -2.2061758064851715], [-48.58374263877236, -2.206094744029856], [-48.58356626047013, -2.206061945057844], [-48.58326529211936, -2.206073743441517], [-48.58319980325703, -2.206174738890388], [-48.58306409440249, -2.2061947375642754], [-48.58227008744963, -2.206353437548357], [-48.58191792735684, -2.2064759502858746], [-48.581773891056336, -2.2065731607493646], [-48.581760107524026, -2.206690677115622], [-48.58173684433129, -2.20673264050564], [-48.58172286680016, -2.206769952257399], [-48.58169493436624, -2.2068305753138757], [-48.581662355323246, -2.2068958575921425], [-48.581629791364996, -2.2069518062374684], [-48.58160653570391, -2.20698910280232], [-48.58156467852769, -2.207054369889147], [-48.58151815210211, -2.2071382966361583], [-48.58150882115938, -2.207170949152564], [-48.58149013663141, -2.2072502546258415], [-48.581466813036364, -2.2073295525047367], [-48.58143422640709, -2.2073995015682915], [-48.58141092544128, -2.2074647989991054], [-48.58135045159968, -2.207567370192201], [-48.581317940432264, -2.2075906511072696], [-48.5812637795988, -2.207658358213461], [-48.58308075545655, -2.208322971857201]]]}, "properties": {"id": 15, "Parcela": "A-151", "ANO": 1993, "Ha": 10.86, "PLANTAS": 1685, "VARIEDADE": "PB-121", "Rot_labels": -15}}, {"type": "Feature", "geometry": {"type": "Polygon", "coordinates": [[[-48.590517232397886, -2.1843098964924645], [-48.590201178268906, -2.184851989036522], [-48.589771447594416, -2.1856966251221674], [-48.5896206778976, -2.1860901021296244], [-48.58970251848826, -2.186185090826229], [-48.589708643224114, -2.1863346647423834], [-48.58980044808388, -2.1864739427269804], [-48.59141025645895, -2.1873137552495314], [-48.59160857324169, -2.186975874711982], [-48.59173515197428, -2.1866709044547585], [-48.59190374237757, -2.186353613030137], [-48.59203211280649, -2.1861395149384775], [-48.59223043585146, -2.1857586071409267], [-48.592350311528584, -2.1854935985441495], [-48.59238335652614, -2.185435638910149], [-48.5924630837775, -2.18522860799688], [-48.59128050619953, -2.1846963063057685], [-48.59111127314884, -2.1845624310078153], [-48.59079994686095, -2.1844093333785253], [-48.590517232397886, -2.1843098964924645]]]}, "properties": {"id": 72, "Parcela": "C-153", "ANO": 1993, "Ha": 6.13, "PLANTAS": 967, "VARIEDADE": "PB-121", "Rot_labels": -15}}, {"type": "Feature", "geometry": {"type": "Polygon", "coordinates": [[[-48.622369882489444, -2.2079273064638003], [-48.62525159621099, -2.2089628736383053], [-48.62539209276166, -2.208947675069921], [-48.62560648566331, -2.208702881680951], [-48.62560680162081, -2.2085039759069875], [-48.625649245751205, -2.208402118152763], [-48.625594467777006, -2.2081770877735196], [-48.62552944190408, -2.2076217032499845], [-48.625616816804786, -2.2073851441540224], [-48.625715928237014, -2.2072278358998267], [-48.62579858903918, -2.2070539256654764], [-48.62584760457954, -2.2069060734782395], [-48.625872907106064, -2.2067948979086682], [-48.625817766247486, -2.2067088695545847], [-48.62315598269632, -2.2057150227361797], [-48.62236361533355, -2.2078609747578697], [-48.622369882489444, -2.2079273064638003]]]}, "properties": {"id": 24, "Parcela": "B-103", "ANO": 2001, "Ha": 8.77, "PLANTAS": 1304, "VARIEDADE": "PB-121", "Rot_labels": -15}}, {"type": "Feature", "geometry": {"type": "Polygon", "coordinates": [[[-48.62316860387473, -2.2056783922951677], [-48.62588065349576, -2.2066634730111914], [-48.62590647809314, -2.206556833139029], [-48.62593144330638, -2.2063994057151435], [-48.62602233582337, -2.2062296524886666], [-48.626108997329126, -2.206130338444096], [-48.62619992265294, -2.205939865805273], [-48.62627421330089, -2.205848819628757], [-48.626344496433674, -2.205687320991783], [-48.62641890533168, -2.205521685072072], [-48.626484025985505, -2.205393329179622], [-48.62648436763186, -2.2051778477771338], [-48.6264649001071, -2.2050907949862895], [-48.62650619745272, -2.2050245591035162], [-48.62661350089874, -2.204896270843571], [-48.62671251333222, -2.2048011203319082], [-48.62674971113234, -2.2047224461924273], [-48.62677663713656, -2.2046271800348345], [-48.626792970967855, -2.204512084929808], [-48.62398114893984, -2.203480653085962], [-48.62316860387473, -2.2056783922951677]]]}, "properties": {"id": 25, "Parcela": "B-104", "ANO": 2001, "Ha": 8.47, "PLANTAS": 1282, "VARIEDADE": "PB-121", "Rot_labels": -15}}, {"type": "Feature", "geometry": {"type": "Polygon", "coordinates": [[[-48.62729309189142, -2.194526098929557], [-48.62647932840339, -2.1967137382351996], [-48.62855507705958, -2.197488036761231], [-48.628678495213904, -2.1971001900159735], [-48.62864400498971, -2.196665379737171], [-48.628528744907086, -2.1964629839814434], [-48.62846462180374, -2.1956995324486535], [-48.62855785466795, -2.1955303289620605], [-48.62849660320255, -2.195335602439293], [-48.62836856288462, -2.195270943114037], [-48.62820206578211, -2.194896585810717], [-48.62804644487007, -2.194795231640074], [-48.627965763089435, -2.194972038050779], [-48.62784511909482, -2.194997121942976], [-48.62784550975685, -2.194749413349995], [-48.62729309189142, -2.194526098929557]]]}, "properties": {"id": 53, "Parcela": "C-104", "ANO": 2001, "Ha": 4.97, "PLANTAS": 770, "VARIEDADE": "PB-121", "Rot_labels": -15}}, {"type": "Feature", "geometry": {"type": "Polygon", "coordinates": [[[-48.62855591542823, -2.197555602482929], [-48.6264616375032, -2.1967787967530725], [-48.626188531392266, -2.197523621266389], [-48.62580794693175, -2.1985465514715874], [-48.62567745898087, -2.1989415011014204], [-48.62575280346426, -2.199000266126532], [-48.628545957728015, -2.200047792183549], [-48.62856147764566, -2.1999557336107567], [-48.62860760762559, -2.1998255114904435], [-48.628615480896215, -2.199613201788061], [-48.628585844907036, -2.199287088028312], [-48.62856607157492, -2.1990797894214436], [-48.62846585928789, -2.1988951110518835], [-48.62844395176136, -2.1987330981498734], [-48.62845234072057, -2.198637802091715], [-48.62847316584023, -2.1984927992294145], [-48.62849812323988, -2.1983395151860887], [-48.628481895055025, -2.1981820214312218], [-48.628440873077885, -2.198074214739404], [-48.6284451951216, -2.1979457610589908], [-48.62855591542823, -2.197555602482929]]]}, "properties": {"id": 52, "Parcela": "C-103", "ANO": 2001, "Ha": 7.55, "PLANTAS": 1178, "VARIEDADE": "PB-121", "Rot_labels": -15}}, {"type": "Feature", "geometry": {"type": "Polygon", "coordinates": [[[-48.62852898479064, -2.200089556780595], [-48.62562396995957, -2.198984720032704], [-48.625435553823685, -2.1995985012821895], [-48.62528663952034, -2.199991931476119], [-48.62519146493832, -2.2002652751319998], [-48.625092203866465, -2.200517892797939], [-48.62481892661844, -2.2012121773200257], [-48.62775867970864, -2.202275026617851], [-48.62782067783665, -2.2021425214952135], [-48.62785797374154, -2.202001689028292], [-48.627973711789544, -2.201749097159424], [-48.62803580815843, -2.2015544338123103], [-48.62809370662011, -2.2014094903897448], [-48.62813504954215, -2.201314247121277], [-48.628176418666854, -2.201202428332004], [-48.62824262103203, -2.2010160592708314], [-48.62828818796122, -2.200854520505965], [-48.62833776270634, -2.200763434261745], [-48.62835440990944, -2.200655719770056], [-48.62845372965159, -2.2003658063825107], [-48.62851141396253, -2.200277806320305], [-48.62852898479064, -2.200089556780595]]]}, "properties": {"id": 51, "Parcela": "C-102", "ANO": 2001, "Ha": 9.0, "PLANTAS": 1402, "VARIEDADE": "PB-121", "Rot_labels": -15}}, {"type": "Feature", "geometry": {"type": "Polygon", "coordinates": [[[-48.62482387173993, -2.2012627380323933], [-48.62399761694682, -2.2034507941690182], [-48.62685761206144, -2.2044864581031023], [-48.627030895158356, -2.204043299971724], [-48.62708261847947, -2.2038962749606292], [-48.62715289796613, -2.203736848024244], [-48.627217018279694, -2.203564979538196], [-48.62728111887343, -2.2034055426598784], [-48.62736386091727, -2.2031798334533863], [-48.62743206097998, -2.2030328347613315], [-48.62745275549332, -2.202970709618851], [-48.627479648514075, -2.2028961627447052], [-48.62751686581923, -2.202805056859571], [-48.62754381130239, -2.202697358965666], [-48.62757276391085, -2.202622815378555], [-48.62761197193011, -2.2025752234813925], [-48.62771667587089, -2.20234414822384], [-48.62482387173993, -2.2012627380323933]]]}, "properties": {"id": 50, "Parcela": "C-101", "ANO": 2001, "Ha": 8.73, "PLANTAS": 1374, "VARIEDADE": "PB-121", "Rot_labels": -15}}, {"type": "Feature", "geometry": {"type": "Polygon", "coordinates": [[[-48.589443940861905, -2.186374386074246], [-48.58931061799357, -2.186669667214574], [-48.5892445211325, -2.186789729778749], [-48.58915982230158, -2.1869511999760256], [-48.58885200900022, -2.1875411897095978], [-48.588395458608794, -2.1884127147956067], [-48.58840971149942, -2.188454351740531], [-48.59052177627344, -2.1890938368472335], [-48.59054663793824, -2.1890626225343843], [-48.59059000403804, -2.188990176579608], [-48.59063753554002, -2.188888730923062], [-48.59068710008815, -2.1888038636479608], [-48.590734621639065, -2.188708633622287], [-48.59078422918787, -2.188596831855367], [-48.59086480585361, -2.1884374267037017], [-48.59094125018454, -2.1882863024037973], [-48.59102593593576, -2.1881331195114586], [-48.59119949587648, -2.1877832507570543], [-48.59129869087112, -2.1875720783365766], [-48.591331755857546, -2.1875016875212907], [-48.59136508837066, -2.187359048507937], [-48.591205032519056, -2.187466019197655], [-48.59113955069737, -2.1873958020258417], [-48.591135720962804, -2.1872267036426645], [-48.589443940861905, -2.186374386074246]]]}, "properties": {"id": 71, "Parcela": "C-152", "ANO": 1993, "Ha": 5.74, "PLANTAS": 874, "VARIEDADE": "PB-121", "Rot_labels": -15}}, {"type": "Feature", "geometry": {"type": "Polygon", "coordinates": [[[-48.590503719154036, -2.189129600663733], [-48.58861063680037, -2.188540903101154], [-48.58839642319163, -2.1885205502402125], [-48.58826745298346, -2.188609336698576], [-48.58730925564675, -2.1905292085722494], [-48.589288237739325, -2.1915418072997817], [-48.58990097599434, -2.190268365562462], [-48.59011484152248, -2.1898397951720776], [-48.59026770338687, -2.189623652955806], [-48.590503719154036, -2.189129600663733]]]}, "properties": {"id": 70, "Parcela": "C-151", "ANO": 1993, "Ha": 6.82, "PLANTAS": 1054, "VARIEDADE": "PB-121", "Rot_labels": -15}}, {"type": "Feature", "geometry": {"type": "Polygon", "coordinates": [[[-48.587288211858144, -2.1906052659877515], [-48.586697074933745, -2.191814067899672], [-48.58637070572984, -2.192414384219751], [-48.58622458202622, -2.1926963687025935], [-48.58822636283648, -2.193656497422547], [-48.588420602303856, -2.193292043322283], [-48.58864375594973, -2.192840734267087], [-48.588825585893375, -2.192472233463389], [-48.589085890363876, -2.191971259010263], [-48.589251422132214, -2.191589144174046], [-48.587288211858144, -2.1906052659877515]]]}, "properties": {"id": 45, "Parcela": "B-154", "ANO": 1993, "Ha": 6.32, "PLANTAS": 966, "VARIEDADE": "PB-121", "Rot_labels": -15}}, {"type": "Feature", "geometry": {"type": "Polygon", "coordinates": [[[-48.58621951244074, -2.1927241637262664], [-48.58514223877623, -2.194809629412855], [-48.58712914364367, -2.195794109012132], [-48.588137512720394, -2.1936978619838476], [-48.58621951244074, -2.1927241637262664]]]}, "properties": {"id": 44, "Parcela": "B-153", "ANO": 1993, "Ha": 6.28, "PLANTAS": 983, "VARIEDADE": "PB-121", "Rot_labels": -15}}, {"type": "Feature", "geometry": {"type": "Polygon", "coordinates": [[[-48.58707380347177, -2.195834460243257], [-48.585125686564325, -2.1948404889091457], [-48.58413303851049, -2.196890152420425], [-48.584138448455946, -2.19697731589379], [-48.58608053657619, -2.1979105072828427], [-48.58707380347177, -2.195834460243257]]]}, "properties": {"id": 43, "Parcela": "B-152", "ANO": 1993, "Ha": 6.27, "PLANTAS": 957, "VARIEDADE": "PB-121", "Rot_labels": -15}}, {"type": "Feature", "geometry": {"type": "Polygon", "coordinates": [[[-48.58407201471367, -2.196982150788736], [-48.583030985331455, -2.199070750330101], [-48.58501178328861, -2.200052144326899], [-48.58605533019475, -2.197961017638976], [-48.58407201471367, -2.196982150788736]]]}, "properties": {"id": 42, "Parcela": "B-151", "ANO": 1993, "Ha": 6.35, "PLANTAS": 972, "VARIEDADE": "PB-121", "Rot_labels": -15}}, {"type": "Feature", "geometry": {"type": "Polygon", "coordinates": [[[-48.58301835360073, -2.199113698301535], [-48.58196476034239, -2.2011997457242067], [-48.58392923411053, -2.2021760617186157], [-48.584981535473126, -2.2001127566347516], [-48.58301835360073, -2.199113698301535]]]}, "properties": {"id": 18, "Parcela": "A-154", "ANO": 1993, "Ha": 6.29, "PLANTAS": 983, "VARIEDADE": "PB-121", "Rot_labels": -15}}, {"type": "Feature", "geometry": {"type": "Polygon", "coordinates": [[[-48.58190006689321, -2.201232586969252], [-48.58082371356604, -2.2033120690834367], [-48.582873405749126, -2.2043140608812455], [-48.583890874655935, -2.2022401640687876], [-48.58190006689321, -2.201232586969252]]]}, "properties": {"id": 17, "Parcela": "A-153", "ANO": 1993, "Ha": 6.45, "PLANTAS": 1009, "VARIEDADE": "PB-121", "Rot_labels": -15}}, {"type": "Feature", "geometry": {"type": "Polygon", "coordinates": [[[-48.582857255646765, -2.204363181170602], [-48.580811191448944, -2.203346287126596], [-48.57975006211114, -2.2054247311721635], [-48.581778200723214, -2.206442569870952], [-48.582857255646765, -2.204363181170602]]]}, "properties": {"id": 16, "Parcela": "A-152", "ANO": 1993, "Ha": 6.55, "PLANTAS": 989, "VARIEDADE": "PB-121", "Rot_labels": -15}}, {"type": "Feature", "geometry": {"type": "Polygon", "coordinates": [[[-48.58881930476955, -2.187385745445191], [-48.588835803792676, -2.1872477323163055], [-48.588457317361765, -2.1870785212147563], [-48.588506799033155, -2.187045451063345], [-48.58854808892237, -2.1869833612779415], [-48.5885729820014, -2.186871519745592], [-48.58860301600167, -2.1866905899951594], [-48.588771206449024, -2.186552769883474], [-48.58884546862151, -2.186478302040495], [-48.588923651334795, -2.186528153639629], [-48.58917715082431, -2.186571916321655], [-48.58933335043901, -2.1863123444764985], [-48.58531090867417, -2.1842983100289564], [-48.58495944811146, -2.184992694856289], [-48.58471968240939, -2.1855309954955358], [-48.584281831034566, -2.186301025594881], [-48.58438085237928, -2.1864239357842816], [-48.58821089812183, -2.1883520050854983], [-48.58831745479455, -2.188372798440968], [-48.58881930476955, -2.187385745445191]]]}, "properties": {"id": 75, "Parcela": "C-162", "ANO": 2010, "Ha": 12.48, "PLANTAS": 1942, "VARIEDADE": "PB-121", "Rot_labels": -15}}, {"type": "Feature", "geometry": {"type": "Polygon", "coordinates": [[[-48.58820375945979, -2.188416822491479], [-48.58423738672636, -2.1864113309564956], [-48.58323370059223, -2.18852540769023], [-48.583336104367724, -2.188579188015404], [-48.58528559057197, -2.189535213456325], [-48.586187162231575, -2.189994279151583], [-48.58725739315471, -2.1905115859765285], [-48.587397788199056, -2.1902343573247074], [-48.587612675870936, -2.1897996099251196], [-48.58798046576899, -2.189054327317374], [-48.58811679246246, -2.1888059218899527], [-48.58817054568678, -2.1886775520657493], [-48.588211994706406, -2.1885160121732756], [-48.58820375945979, -2.188416822491479]]]}, "properties": {"id": 74, "Parcela": "C-161", "ANO": 2010, "Ha": 12.86, "PLANTAS": 2015, "VARIEDADE": "PB-121", "Rot_labels": -15}}, {"type": "Feature", "geometry": {"type": "Polygon", "coordinates": [[[-48.587157683067275, -2.1905292273985655], [-48.58318858920405, -2.1885462372599833], [-48.58305683023464, -2.1887668955430253], [-48.58215438193256, -2.190629247513897], [-48.58441737982324, -2.191773055605264], [-48.586124195281876, -2.1926254339212643], [-48.587157683067275, -2.1905292273985655]]]}, "properties": {"id": 49, "Parcela": "B-164", "ANO": 2007, "Ha": 12.78, "PLANTAS": 1986, "VARIEDADE": "PB-123", "Rot_labels": -15}}, {"type": "Feature", "geometry": {"type": "Polygon", "coordinates": [[[-48.58605383703825, -2.1926303748988807], [-48.582147557734764, -2.1906474793040394], [-48.581128786565394, -2.192664855810085], [-48.58115251301629, -2.19275755371265], [-48.58367183013753, -2.1940286291716946], [-48.5850605237095, -2.1947392803954435], [-48.586063220718366, -2.1927971833384374], [-48.58605383703825, -2.1926303748988807]]]}, "properties": {"id": 48, "Parcela": "B-163", "ANO": 2007, "Ha": 12.75, "PLANTAS": 1984, "VARIEDADE": "PB-123", "Rot_labels": -15}}, {"type": "Feature", "geometry": {"type": "Polygon", "coordinates": [[[-48.58400106227737, -2.196884191912579], [-48.58503031681841, -2.1947746172370715], [-48.58112901562563, -2.1928220530987663], [-48.581013481424165, -2.1927965896510213], [-48.57999008353016, -2.1948624663385647], [-48.58400106227737, -2.196884191912579]]]}, "properties": {"id": 47, "Parcela": "B-162", "ANO": 2006, "Ha": 12.91, "PLANTAS": 1974, "VARIEDADE": "PB-121", "Rot_labels": -15}}, {"type": "Feature", "geometry": {"type": "Polygon", "coordinates": [[[-48.583981670071886, -2.1969162871271517], [-48.57997495974524, -2.19489277238902], [-48.579653649794444, -2.195544429137114], [-48.579674111669455, -2.1956273373070467], [-48.579657488696895, -2.1957184725469094], [-48.57955439222425, -2.195792891931197], [-48.5794552947104, -2.195941905154006], [-48.57940022253353, -2.1960646220691404], [-48.57931892547898, -2.1962151698312984], [-48.57927345570151, -2.196314545501248], [-48.57922808601899, -2.1963517652192186], [-48.57911797601736, -2.1965898934826957], [-48.57901757363104, -2.1966249089171836], [-48.578882782172954, -2.196952258693513], [-48.58055955262163, -2.1977954576264405], [-48.582923008447516, -2.1990326609676725], [-48.583981670071886, -2.1969162871271517]]]}, "properties": {"id": 46, "Parcela": "B-161", "ANO": 2006, "Ha": 12.93, "PLANTAS": 1972, "VARIEDADE": "PB-121", "Rot_labels": -15}}, {"type": "Feature", "geometry": {"type": "Polygon", "coordinates": [[[-48.58288777633698, -2.1990679894240266], [-48.57888617462603, -2.1969939242766956], [-48.578742701627114, -2.1972170154521775], [-48.578709682391285, -2.1972583989900376], [-48.5787054498082, -2.197328835646873], [-48.57868062193304, -2.197399238711464], [-48.57863623186782, -2.1974675379953235], [-48.57857016665035, -2.1975668799543953], [-48.57852874897026, -2.197707699492154], [-48.578497732457066, -2.197784308048083], [-48.578456421631884, -2.1978588279352085], [-48.57842944399399, -2.1979851679270426], [-48.57836125570989, -2.19812387187977], [-48.57827656109793, -2.198281195696149], [-48.57820226434423, -2.198376380400134], [-48.57813002042479, -2.1984757121774603], [-48.57809697438753, -2.198533670555303], [-48.5780824173256, -2.1986206652677365], [-48.57804521211479, -2.1987034792696565], [-48.57800389452102, -2.198782142815823], [-48.57795843446332, -2.198875302670457], [-48.577898581085364, -2.198953935939976], [-48.577873773133, -2.199011907741766], [-48.577850011655954, -2.199059521909409], [-48.57781694551903, -2.199129911429487], [-48.57978780775938, -2.2001087202414604], [-48.58186738437089, -2.201132895264989], [-48.58288777633698, -2.1990679894240266]]]}, "properties": {"id": 22, "Parcela": "A-164", "ANO": 2007, "Ha": 13.02, "PLANTAS": 2021, "VARIEDADE": "PB-121", "Rot_labels": -15}}, {"type": "Feature", "geometry": {"type": "Polygon", "coordinates": [[[-48.58182910102391, -2.2011894141316466], [-48.57780729544039, -2.1991810248754016], [-48.57772186227005, -2.1991859404683365], [-48.57768380495052, -2.199316162118248], [-48.57760524856895, -2.199498358177604], [-48.5775556325841, -2.199614301722674], [-48.577386242749526, -2.1999289488571234], [-48.577233389254936, -2.2002063293072562], [-48.577043296803936, -2.200587242152653], [-48.577018368264554, -2.200719800877805], [-48.57705224655207, -2.200801234875716], [-48.57758434222502, -2.2013299968035374], [-48.57765790194392, -2.201474462587049], [-48.577759270375594, -2.201693333200977], [-48.57793491706214, -2.2018351632785307], [-48.579476113790875, -2.2026379701388623], [-48.58030568268989, -2.2030317317843386], [-48.58081616869627, -2.20326611974594], [-48.58182910102391, -2.2011894141316466]]]}, "properties": {"id": 21, "Parcela": "A-163", "ANO": 2010, "Ha": 12.53, "PLANTAS": 1949, "VARIEDADE": "PB-121", "Rot_labels": -15}}, {"type": "Feature", "geometry": {"type": "Polygon", "coordinates": [[[-48.578644016170394, -2.202259687610977], [-48.578556067682285, -2.202475114892054], [-48.57848578908032, -2.202632462032727], [-48.578517508801184, -2.202805432346846], [-48.578431430968315, -2.2031337654171983], [-48.57836515077442, -2.203365706316787], [-48.57831540040313, -2.203564524332369], [-48.578211746966915, -2.2039828722034835], [-48.57823535207412, -2.204049790736275], [-48.57995229378999, -2.204876523657884], [-48.580134458837556, -2.2045412785226093], [-48.58034521489299, -2.2041189613288164], [-48.58076787712672, -2.203329787225471], [-48.578644016170394, -2.202259687610977]]]}, "properties": {"id": 20, "Parcela": "A-162", "ANO": 2010, "Ha": 4.71, "PLANTAS": 733, "VARIEDADE": "PB-121", "Rot_labels": -15}}, {"type": "Feature", "geometry": {"type": "Polygon", "coordinates": [[[-48.60846363326721, -2.1924410812172805], [-48.60266735280845, -2.1902645395569738], [-48.602469837583804, -2.1907124433937337], [-48.60237455735587, -2.1910520825158906], [-48.60227534915161, -2.1912715447346787], [-48.60198570510775, -2.192091552612585], [-48.60184508110825, -2.1924274052944845], [-48.60764548094002, -2.1946039646198283], [-48.60789361760348, -2.194007222025026], [-48.60846363326721, -2.1924410812172805]]]}, "properties": {"id": 63, "Parcela": "C-132", "ANO": 2000, "Ha": 17.66, "PLANTAS": 2593, "VARIEDADE": "PB-141", "Rot_labels": -15}}, {"type": "Feature", "geometry": {"type": "Polygon", "coordinates": [[[-48.610151500025204, -2.187906625505612], [-48.61066624626527, -2.1865254777292895], [-48.61017408449605, -2.186337646093359], [-48.610053530632, -2.1863071216444574], [-48.6099931866947, -2.18633419681998], [-48.609856170844, -2.186300291635135], [-48.609651833560775, -2.1861112201495008], [-48.609481008012104, -2.186093885115234], [-48.60943090130478, -2.186002810832672], [-48.60698029294037, -2.184972674616982], [-48.60689652618848, -2.1850864282586895], [-48.60686753488894, -2.1851858335929295], [-48.60674544353645, -2.1852464844616892], [-48.60642244996786, -2.1851647436978587], [-48.60497084658293, -2.1846054775390047], [-48.604948276753795, -2.1846541889403692], [-48.60491580071461, -2.1847268833679774], [-48.604874465187265, -2.1848179810867094], [-48.60482064753284, -2.184987791337258], [-48.60463038036859, -2.185484744298012], [-48.60456031617492, -2.1855094947661113], [-48.604461838721605, -2.185780234870889], [-48.610151500025204, -2.187906625505612]]]}, "properties": {"id": 89, "Parcela": "D-131", "ANO": 2000, "Ha": 10.8, "PLANTAS": 1559, "VARIEDADE": "PB-141", "Rot_labels": -15}}, {"type": "Feature", "geometry": {"type": "Polygon", "coordinates": [[[-48.60445634842118, -2.1858299074013616], [-48.60352640037021, -2.1881159721973753], [-48.6071820233747, -2.18947687521102], [-48.60738318787219, -2.1894428335648675], [-48.609292559233324, -2.1901222763225614], [-48.609409856199235, -2.189867899871592], [-48.60952070484228, -2.189583948312854], [-48.60964147353347, -2.189271559528466], [-48.60975316948842, -2.1889692388357274], [-48.609852435726765, -2.188712480327753], [-48.60998894473664, -2.1883480417899195], [-48.61007165551755, -2.1881409826543665], [-48.61012124543686, -2.187972294938975], [-48.60445634842118, -2.1858299074013616]]]}, "properties": {"id": 65, "Parcela": "C-134", "ANO": 2000, "Ha": 18.07, "PLANTAS": 2682, "VARIEDADE": "PB-141", "Rot_labels": -15}}, {"type": "Feature", "geometry": {"type": "Polygon", "coordinates": [[[-48.6092630619485, -2.190179247752066], [-48.60734485176203, -2.1894698867270885], [-48.60718319182416, -2.189489951731645], [-48.60351403646475, -2.188120096137567], [-48.603476819685994, -2.1882112002387784], [-48.60342715341349, -2.1883602977253225], [-48.60335271321338, -2.1885466496960015], [-48.60324925484014, -2.18884898177436], [-48.60319964773231, -2.1889607849732484], [-48.603133412693765, -2.1891678691344683], [-48.603079686435514, -2.189279665681782], [-48.602988631262136, -2.189553010884958], [-48.60288935096403, -2.1898180551836495], [-48.60282741934642, -2.1899091194068174], [-48.60276544817967, -2.190025046431215], [-48.60267848092712, -2.190219978886446], [-48.60849128395399, -2.1923675400799945], [-48.60857413869809, -2.1921684561563297], [-48.608685848787026, -2.191857848387937], [-48.60885132455631, -2.1914105805059663], [-48.6089754378127, -2.1910709856887562], [-48.60908298236879, -2.190789377839448], [-48.60923193506888, -2.1903710899503195], [-48.6092630619485, -2.190179247752066]]]}, "properties": {"id": 64, "Parcela": "C-133", "ANO": 2000, "Ha": 17.22, "PLANTAS": 2658, "VARIEDADE": "PB-141", "Rot_labels": -15}}, {"type": "Feature", "geometry": {"type": "Polygon", "coordinates": [[[-48.60107606076224, -2.2125897096459024], [-48.59656393749239, -2.210907944069039], [-48.596528216504346, -2.211246582511007], [-48.59659829949793, -2.211413517423895], [-48.59639262803654, -2.2111907547014704], [-48.596447804026134, -2.2109165195269327], [-48.59622662007361, -2.2107924327713637], [-48.595988200797905, -2.2111879688560387], [-48.59592271205801, -2.21112187472562], [-48.59607181859674, -2.2106948251458256], [-48.59249039557485, -2.2093847553988244], [-48.591695788062594, -2.211563125227033], [-48.60025432295664, -2.21477474293812], [-48.60039236624397, -2.214090097066236], [-48.60010577898422, -2.214185678832888], [-48.600075725822144, -2.2141249676394628], [-48.599914954096285, -2.2141044850059948], [-48.59980032427356, -2.2141100029674705], [-48.599673853516144, -2.2140383748291645], [-48.599333841809, -2.2140713840175907], [-48.59922602011908, -2.2143235268803902], [-48.5991974749278, -2.21422862322957], [-48.59914839800505, -2.2141543072401317], [-48.59891473476981, -2.214141553788759], [-48.598845159350574, -2.2140672044022813], [-48.59922249815792, -2.213964713718837], [-48.599841460756544, -2.214023461253766], [-48.60046468267924, -2.2139832340698025], [-48.60055908215959, -2.2139174001623645], [-48.60107606076224, -2.2125897096459024]]]}, "properties": {"id": 7, "Parcela": "A-131", "ANO": 2002, "Ha": 25.79, "PLANTAS": 3994, "VARIEDADE": "PB-123", "Rot_labels": -15}}, {"type": "Feature", "geometry": {"type": "Polygon", "coordinates": [[[-48.59708798348485, -2.195801591045817], [-48.58877132846755, -2.192705626741444], [-48.58769054914208, -2.194887485810003], [-48.59615690260996, -2.1980361240684734], [-48.59620271132515, -2.198030630271442], [-48.59618436919105, -2.197852583504542], [-48.59612878797303, -2.1976651071158035], [-48.596175790314035, -2.1973934729880322], [-48.59636252524568, -2.1971033264210584], [-48.5965957676924, -2.19685073231184], [-48.59677293420902, -2.1967198485338417], [-48.59692201035291, -2.196682612486862], [-48.59701540016202, -2.1965234850888704], [-48.597155672028435, -2.196167677670619], [-48.597133260950685, -2.1958823599459185], [-48.59708798348485, -2.195801591045817]]]}, "properties": {"id": 40, "Parcela": "B-143", "ANO": 2001, "Ha": 26.65, "PLANTAS": 3924, "VARIEDADE": "PB-141", "Rot_labels": -15}}, {"type": "Feature", "geometry": {"type": "Polygon", "coordinates": [[[-48.593217230797606, -2.207220980086563], [-48.58602392698387, -2.2045794829639824], [-48.58587786030335, -2.204539576510054], [-48.58584528902526, -2.20460019231057], [-48.5858312890604, -2.2046515047253257], [-48.58580335684168, -2.204712128089282], [-48.585773071223976, -2.2047937483957565], [-48.58568016194704, -2.204872933086456], [-48.585622087059996, -2.2049265069845387], [-48.58410164645346, -2.2054925066660496], [-48.58350308668816, -2.205850442771515], [-48.58352440491709, -2.205968887104483], [-48.58732151536909, -2.2073938084887463], [-48.59242035617936, -2.2093345078367497], [-48.592737217065135, -2.208578256055408], [-48.593217230797606, -2.207220980086563]], [[-48.58478040858757, -2.2044787978080023], [-48.58513779813329, -2.204100246220366], [-48.58504996988436, -2.204031858642285], [-48.58338011007602, -2.203430100761561], [-48.58286485728099, -2.204492656348133], [-48.582790323511944, -2.2046838746680835], [-48.582734594557536, -2.204721118271036], [-48.58268112862341, -2.2047933667956343], [-48.582606572178385, -2.2049985855170346], [-48.58250641043248, -2.205259764326322], [-48.58245299343774, -2.2053016784950925], [-48.58243206115117, -2.205336645507143], [-48.58237619271916, -2.205460225177641], [-48.58252246761946, -2.2055265760675136], [-48.5827385851661, -2.2055016536764134], [-48.582959760431756, -2.20545651901746], [-48.583085927346545, -2.2054870526567134], [-48.58310926958553, -2.2053960875741696], [-48.58313025461254, -2.205328452797234], [-48.583148927639, -2.2052561474081958], [-48.58317922091211, -2.205169860504817], [-48.58320251038511, -2.2051115631492397], [-48.58329731141084, -2.2049161722474215], [-48.58393064613777, -2.204805993865554], [-48.58425237939616, -2.204725637164235], [-48.584433574543894, -2.2045439483523657], [-48.58478040858757, -2.2044787978080023]], [[-48.58197508300643, -2.206381029320658], [-48.58213086234941, -2.2063854082565246], [-48.58217604493866, -2.206331867912856], [-48.58208609961501, -2.206179126476934], [-48.58201642587692, -2.2061666400277273], [-48.58199682207458, -2.206256465953603], [-48.58197508300643, -2.206381029320658]]]}, "properties": {"id": 12, "Parcela": "A-142", "ANO": 2001, "Ha": 26.61, "PLANTAS": 4422, "VARIEDADE": "PB-121", "Rot_labels": -15}}, {"type": "Feature", "geometry": {"type": "Polygon", "coordinates": [[[-48.589444746428114, -2.1860844821698575], [-48.589477409160516, -2.1859537722633644], [-48.58940012236423, -2.1855742215037015], [-48.58935194198507, -2.185288064847603], [-48.58932710738492, -2.18510603940618], [-48.589181785782344, -2.184853047349992], [-48.58920709626084, -2.1847368198199453], [-48.589087549729776, -2.184625513319988], [-48.589247836529225, -2.184398190686703], [-48.589228026833545, -2.184216173383303], [-48.58881198520396, -2.1841916668437618], [-48.58852099317315, -2.184141706711758], [-48.588193104403274, -2.184072958409482], [-48.587791008512106, -2.18413297076201], [-48.587339297108095, -2.184212006958567], [-48.58720015662582, -2.1841931147853586], [-48.586801086243334, -2.184131371598533], [-48.58669899470443, -2.184285641958104], [-48.58661547021302, -2.1842995075194476], [-48.58655516311792, -2.1842994100605613], [-48.58631847794783, -2.184262025297248], [-48.58615623091711, -2.1842847647765655], [-48.586077278788764, -2.1842616354529785], [-48.585946605039695, -2.18427658963888], [-48.58589116875137, -2.1843776027362662], [-48.58586372012784, -2.184442964606234], [-48.585881296429406, -2.184266373798251], [-48.58547937066493, -2.1842202278297136], [-48.5854648924843, -2.184362983493678], [-48.58570814316541, -2.1844712212217248], [-48.58935392085969, -2.186267011571579], [-48.589444746428114, -2.1860844821698575]], [[-48.58967505583204, -2.1856601703369276], [-48.59019625289939, -2.1846413036004315], [-48.5901940561826, -2.1845642969059087], [-48.59023815292431, -2.1845480340675603], [-48.590289316097476, -2.1844641131911406], [-48.590349809387874, -2.1843475393548935], [-48.59033598905489, -2.184286847900509], [-48.59034770937116, -2.184209863653104], [-48.59041966998193, -2.1841749783191555], [-48.59045224727835, -2.1841096948601906], [-48.59051745392775, -2.1839464600038148], [-48.59057796202236, -2.1838205524210377], [-48.59060131331716, -2.1837225860483223], [-48.590587522699884, -2.183643227203159], [-48.5905528564954, -2.183563834690567], [-48.59045544454436, -2.183559010718901], [-48.59037884495936, -2.1835938886058814], [-48.59029067758282, -2.1836100803937892], [-48.59018392066491, -2.183647243045979], [-48.59008647154084, -2.1836657532715886], [-48.58999361680085, -2.1837122720416238], [-48.58990074717976, -2.1837681244885987], [-48.589807922199036, -2.1837959758566807], [-48.58963616697022, -2.183865701552513], [-48.58953400442862, -2.1839308726656914], [-48.589403985458866, -2.1840099993684534], [-48.58940846073749, -2.184112677398089], [-48.58939432783944, -2.1842479933765655], [-48.58934783346255, -2.184313254293127], [-48.58938480416755, -2.184401984211253], [-48.58938464039903, -2.184504654751471], [-48.58936595777428, -2.184583961121283], [-48.589347223028845, -2.1846959353867477], [-48.589347036899696, -2.1848126064514592], [-48.58936082738209, -2.1848919652461594], [-48.58939314415423, -2.184990021375014], [-48.589420851689034, -2.185069402645726], [-48.589453161011356, -2.1851721256245726], [-48.58949942462417, -2.185251536865563], [-48.589536439983654, -2.1853122657552317], [-48.589536298497556, -2.1854009357761046], [-48.58954549462393, -2.185452286034525], [-48.58956385708391, -2.1855736539263235], [-48.58958227911704, -2.1856576870742757], [-48.58967505583204, -2.1856601703369276]]]}, "properties": {"id": 76, "Parcela": "C-163", "ANO": 2010, "Ha": 6.97, "PLANTAS": 1068, "VARIEDADE": "PB-121", "Rot_labels": -15}}, {"type": "Feature", "geometry": {"type": "Polygon", "coordinates": [[[-48.59081257091803, -2.1836085887134145], [-48.59053961526869, -2.1841778487650156], [-48.59079595902642, -2.1843392155614545], [-48.59145958142081, -2.184661973684041], [-48.591545955682555, -2.184484772351021], [-48.59160732481879, -2.1845632311575276], [-48.5916316332189, -2.184744735232131], [-48.59244506518687, -2.185146457149683], [-48.59253026829787, -2.1851421080601763], [-48.5925210202633, -2.1847826081149178], [-48.59242791369158, -2.1844628958110643], [-48.59245356216503, -2.184378933586919], [-48.59246991770801, -2.184304290108758], [-48.592542175214305, -2.1841204162358374], [-48.5924322128398, -2.183751212312759], [-48.59243263144606, -2.1834883446745046], [-48.592320490982424, -2.1834616800990054], [-48.592264882144015, -2.1834242555621053], [-48.59221385287967, -2.183424173322928], [-48.59217674863899, -2.1834191210846376], [-48.591935349457785, -2.1833662194164383], [-48.59108606820751, -2.1834002364139224], [-48.59095322913477, -2.1834074001752946], [-48.59089165734299, -2.183468710454443], [-48.59081257091803, -2.1836085887134145]]]}, "properties": {"id": 73, "Parcela": "C-154", "ANO": 1993, "Ha": 2.86, "PLANTAS": 437, "VARIEDADE": "PB-121", "Rot_labels": -15}}, {"type": "Feature", "geometry": {"type": "Polygon", "coordinates": [[[-48.60119789878663, -2.2107026238754464], [-48.601109348016, -2.2107965441994106], [-48.60098135347961, -2.2107053426841183], [-48.60085079361386, -2.2106469957367314], [-48.600705398793785, -2.2106889947174233], [-48.598955798511234, -2.2109699728796826], [-48.59877036466324, -2.211015642083479], [-48.598903111987525, -2.2109218629070484], [-48.599745633305204, -2.210736630074914], [-48.6007448005785, -2.210601823314986], [-48.600840820099684, -2.2106180392872363], [-48.60099398532273, -2.210662394104093], [-48.6010216939902, -2.210651001595235], [-48.60114481624354, -2.2106146149952015], [-48.60113785236305, -2.2105391849797806], [-48.60118430371393, -2.210501925336417], [-48.60126818354323, -2.2104581046081897], [-48.601364050627886, -2.210215611231964], [-48.60122856708499, -2.2100940664583435], [-48.59768296319465, -2.208763843416844], [-48.597568317324075, -2.208918637202312], [-48.59756821979756, -2.208979306504595], [-48.597563475644705, -2.209044635128969], [-48.59742123507665, -2.2090262868753245], [-48.597396332234, -2.209128367056889], [-48.59734985848747, -2.2091796271305757], [-48.59732192621388, -2.2092402511310514], [-48.597275407434694, -2.2093195124059326], [-48.59721038469518, -2.20936607539862], [-48.59715450510425, -2.209496657106708], [-48.5970706931867, -2.2096878627766894], [-48.59701009184979, -2.209869772442395], [-48.5969309039564, -2.2100703193469258], [-48.59687500924228, -2.2102102347213326], [-48.59681906194135, -2.210382818149032], [-48.59679103946581, -2.2104994444897463], [-48.596776986917774, -2.2105834254242342], [-48.596772182568756, -2.210686088933576], [-48.59675355096851, -2.2107327273769886], [-48.59668859572666, -2.210737288463952], [-48.59661436975198, -2.2107371675695595], [-48.59651224895159, -2.2107743362589476], [-48.596516775399934, -2.2108443468004717], [-48.60107139766605, -2.2125228300247266], [-48.601139559241794, -2.21236394319934], [-48.601172153284985, -2.212289325925076], [-48.60136322076154, -2.211752943879811], [-48.60172659582439, -2.2108061549503644], [-48.60176391131865, -2.2106802094111093], [-48.60179564734179, -2.2105676485049743], [-48.601295380676355, -2.2106654471867935], [-48.601216515314505, -2.2106653189866177], [-48.60119789878663, -2.2107026238754464]], [[-48.59480193922526, -2.2098241743946754], [-48.59465999150412, -2.2097712203431494], [-48.594640053887, -2.209670084524716], [-48.59449143420603, -2.209627659868466], [-48.594514704907134, -2.2095810290742284], [-48.59455654708236, -2.20952509479357], [-48.59454274995804, -2.209450402375204], [-48.5945661558803, -2.2093197681124392], [-48.59449662930647, -2.2092823198762366], [-48.59444556151585, -2.2093055710338705], [-48.59437126811538, -2.2093474518304266], [-48.59431089956083, -2.209384688436457], [-48.59423200461672, -2.2094032273692354], [-48.594162372868006, -2.209431115129408], [-48.59407416213294, -2.2094729732170584], [-48.59400456795971, -2.2094775266774036], [-48.59397217685169, -2.20942613833076], [-48.59393054509899, -2.2093514005820194], [-48.5938563193442, -2.209351279624805], [-48.593874928386676, -2.2093186418678004], [-48.59382865752984, -2.2092438965652024], [-48.59373126630179, -2.209225070384386], [-48.59373597304434, -2.2091830762385265], [-48.59371224470469, -2.209031422488784], [-48.59379429131802, -2.208998562523102], [-48.59390785300842, -2.209038683378551], [-48.593954191501, -2.2090714269636313], [-48.59402379316501, -2.209062206627771], [-48.59407490601309, -2.2090109543384884], [-48.5941166805359, -2.208997021788175], [-48.59423734245943, -2.2089692171413806], [-48.594339440436684, -2.208946049110083], [-48.59444619255166, -2.2089135549075354], [-48.59451121520996, -2.2088669921095674], [-48.59456226795745, -2.2088530746500328], [-48.59467825323363, -2.2088485966865687], [-48.594761802293114, -2.208820731527279], [-48.59484427300218, -2.2087115782681703], [-48.59500785542431, -2.2087091272824706], [-48.59506358483525, -2.2086718830446004], [-48.595137923250924, -2.208602000988096], [-48.595184351909126, -2.2085787422148586], [-48.59524017891612, -2.208480828761598], [-48.595305299148414, -2.2083735966789377], [-48.59540276553368, -2.2083457540968525], [-48.59549095369783, -2.2083178964018106], [-48.59559768330068, -2.208299402626689], [-48.59566739758185, -2.2082201792188343], [-48.595735481452245, -2.2081376245934985], [-48.595711361504456, -2.2080449041957215], [-48.59331900894246, -2.207154304217368], [-48.59324719532904, -2.2073388672708263], [-48.59318665418976, -2.2074834415418394], [-48.59308877486037, -2.2077679609678094], [-48.59279053481221, -2.2085981771286898], [-48.59252497075017, -2.2093024408023387], [-48.59250710467171, -2.209342002632916], [-48.592773914777716, -2.2094418955775725], [-48.59616560258241, -2.2106661303892245], [-48.59627169072313, -2.2106180593605216], [-48.59649905070952, -2.2100785543330423], [-48.59645919779073, -2.2096376611470476], [-48.59664925382655, -2.2092391564194838], [-48.59679675797448, -2.2090922518119753], [-48.597007268938896, -2.2087403829676737], [-48.59712041951053, -2.2085961074803437], [-48.59627177053134, -2.2082256990069618], [-48.59615884339741, -2.2084076540622815], [-48.596140136843246, -2.2085009611546527], [-48.59608405514131, -2.2085552435322087], [-48.595998433310314, -2.2086764283006164], [-48.595857669521614, -2.208714112962145], [-48.59585195628282, -2.2088458409353438], [-48.595810024073366, -2.2089577776878206], [-48.5957773775883, -2.2090650626747164], [-48.59549867025761, -2.2092886188615357], [-48.5954289708849, -2.209358508471635], [-48.59547994526397, -2.2092367081330817], [-48.59551554392208, -2.2089738972669175], [-48.595485346129266, -2.2089199140819047], [-48.59542502263409, -2.2089291496111563], [-48.59535527073257, -2.2090317072652432], [-48.59532191084943, -2.2090772129478773], [-48.595192759075395, -2.209120113224536], [-48.59515094697355, -2.209157380117928], [-48.595099819090116, -2.209217966201325], [-48.595067255166505, -2.2092739156412358], [-48.59497240208034, -2.20924093671759], [-48.59478845013737, -2.2095581407108402], [-48.59476974342386, -2.2096514476744678], [-48.59479282629392, -2.2097214883618648], [-48.59480193922526, -2.2098241743946754]]]}, "properties": {"id": 8, "Parcela": "A-132", "ANO": 2002, "Ha": 22.42, "PLANTAS": 3417, "VARIEDADE": "PB-121", "Rot_labels": -15}}, {"type": "Feature", "geometry": {"type": "Polygon", "coordinates": [[[-48.594039587071144, -2.2050113895508265], [-48.594071895201935, -2.204883547598848], [-48.588856039279364, -2.202938312958668], [-48.588692765487316, -2.203011105581506], [-48.588599938987656, -2.2030389555232652], [-48.5885302477673, -2.203104177940169], [-48.58835848194146, -2.2031785677942617], [-48.58828422675299, -2.203197114246703], [-48.58820068591247, -2.2032203124175536], [-48.58813563374932, -2.2032855423440356], [-48.58806598007215, -2.2033274305187756], [-48.58795916874839, -2.203397259242549], [-48.58792215385209, -2.2033365299031455], [-48.58785253022927, -2.2033597507135108], [-48.58779215469363, -2.203401653979493], [-48.58775954595235, -2.2034856041159285], [-48.58772223050215, -2.2036115482103384], [-48.58764318594249, -2.2037234237488406], [-48.58767547155658, -2.2038401475602374], [-48.587684614418535, -2.203924165722834], [-48.58772623077979, -2.204008236812896], [-48.58774461419941, -2.2041156042807653], [-48.58769348669039, -2.2041761899705437], [-48.587679426654894, -2.204264837162462], [-48.58767929134788, -2.2043488402033673], [-48.58770711075106, -2.204358219247627], [-48.58764666748906, -2.204442123977463], [-48.58760015647324, -2.204516717715827], [-48.587539607933415, -2.204665958118876], [-48.587506976521595, -2.2047639087072386], [-48.58739544324855, -2.2048850648628946], [-48.587307323414585, -2.2048709206240447], [-48.58695529538531, -2.2045343336496184], [-48.586987979435705, -2.204403715275096], [-48.587112605521234, -2.204126215209518], [-48.58669566471864, -2.2040395980665264], [-48.58630304999727, -2.204100037372947], [-48.586273946333215, -2.2041645417954876], [-48.586236758582615, -2.204211149573653], [-48.586153890789866, -2.2042402881012726], [-48.58609839526047, -2.204376686231281], [-48.58594249345545, -2.204454154609447], [-48.58592668016507, -2.204522373127171], [-48.58596713601975, -2.204556056104451], [-48.58606451130535, -2.204584216014798], [-48.586398343713206, -2.2046967648248645], [-48.58772200545109, -2.2051912758922403], [-48.587965406555924, -2.205285009762388], [-48.58838963779503, -2.205437374088159], [-48.58884399694843, -2.205606121484183], [-48.589349359939135, -2.205791285979044], [-48.589692449195354, -2.205917850266082], [-48.589947452318974, -2.206009269558154], [-48.590267361401125, -2.2061264623273837], [-48.5906591313893, -2.2062717733286745], [-48.59103931509518, -2.206410065142386], [-48.5915678597803, -2.206604600970757], [-48.59205931830887, -2.206782742329907], [-48.59262610799585, -2.2069948411157654], [-48.593166243871615, -2.2071940625716433], [-48.59322652026337, -2.2072139949138023], [-48.59325673637222, -2.2071755424674175], [-48.59335920206274, -2.2069236984886205], [-48.59361082443859, -2.2062334116630176], [-48.59385784469371, -2.205519782701448], [-48.594039587071144, -2.2050113895508265]], [[-48.58768002353464, -2.202486918691792], [-48.584473574418524, -2.2012625461762703], [-48.58339243780661, -2.2033895956073053], [-48.58529109868082, -2.2040777482497953], [-48.58538169946271, -2.20395745385112], [-48.586051014613986, -2.2033191541682737], [-48.58636675513326, -2.2032497007517566], [-48.586924584735044, -2.203077394182767], [-48.58719567876869, -2.202756149350082], [-48.58768002353464, -2.202486918691792]]]}, "properties": {"id": 13, "Parcela": "A-143", "ANO": 2001, "Ha": 27.56, "PLANTAS": 4017, "VARIEDADE": "PB-141", "Rot_labels": -15}}, {"type": "Feature", "geometry": {"type": "Polygon", "coordinates": [[[-48.60090803586621, -2.207466110527165], [-48.59982838299141, -2.2069992802596445], [-48.599690412980976, -2.206939453139224], [-48.59931937314547, -2.206882847914554], [-48.59909992088072, -2.206886883144888], [-48.59874277322709, -2.207113786197615], [-48.59840070895343, -2.2073356583747685], [-48.59827003223845, -2.2074462099275562], [-48.5982050695877, -2.2074554381154066], [-48.59814935519507, -2.2074833488655803], [-48.598107498192896, -2.207548617203144], [-48.59806560370531, -2.2076372198914465], [-48.597991220384195, -2.207735103525373], [-48.597958581622656, -2.207837721893009], [-48.59796773240891, -2.20791707378117], [-48.5979861764255, -2.2079871070131993], [-48.59800452296977, -2.208117809569321], [-48.59800432052194, -2.2082438150851], [-48.59792996712203, -2.2083230311948245], [-48.59785099709128, -2.2083882391366707], [-48.597785929416304, -2.208462803440708], [-48.597711538492, -2.2085653538641132], [-48.59766030565174, -2.2086912763496196], [-48.60133097632608, -2.2100803311092925], [-48.60134439516099, -2.209754315711976], [-48.60137703034084, -2.2095647764022655], [-48.601347358395955, -2.2092664718931054], [-48.60118677359607, -2.2091297208630847], [-48.601061843400316, -2.208694771526333], [-48.60101185994891, -2.2085278690584436], [-48.60107291578571, -2.2080578354953584], [-48.6009278362635, -2.2076531847057477], [-48.60090803586621, -2.207466110527165]], [[-48.59640853160496, -2.2081992175971528], [-48.5971576157688, -2.208511493793422], [-48.59728895909, -2.2080820174441125], [-48.59728265272886, -2.2077066603289706], [-48.59722948642201, -2.2075662927311748], [-48.59712865953937, -2.207537692111106], [-48.59707300515658, -2.2075282678528048], [-48.596998756823126, -2.2075421477557042], [-48.5967853050658, -2.207574468788737], [-48.596724921583565, -2.207621039372629], [-48.59670626012314, -2.207686345323715], [-48.59668760615895, -2.2077469844062576], [-48.59663183177514, -2.2078122299859553], [-48.5965528243064, -2.2079007721560058], [-48.596501674019414, -2.2079753589962023], [-48.59645977194411, -2.208068628386204], [-48.59643647883705, -2.2081292599014293], [-48.59640853160496, -2.2081992175971528]], [[-48.593326425895434, -2.207104480307799], [-48.59570627197692, -2.2079429529851486], [-48.59572610593848, -2.2077180301620745], [-48.59553497346218, -2.2078289328914353], [-48.59549495966018, -2.2077125988664115], [-48.595231117790796, -2.2077273350013638], [-48.59493286260378, -2.2076586048001663], [-48.59521722913507, -2.207606919318945], [-48.59530550353204, -2.2075253926809126], [-48.59536587948436, -2.207483489061399], [-48.595481782175966, -2.2075303464004614], [-48.59558608710817, -2.2075771848673416], [-48.59571138810181, -2.2075493874915084], [-48.59576018879486, -2.207493464385011], [-48.59583924873157, -2.2073722542400462], [-48.59593574672755, -2.2072219062993943], [-48.596052795228104, -2.2069008876228313], [-48.59593241230756, -2.2067642022039347], [-48.59573641741496, -2.2067739937861375], [-48.595600804906326, -2.2067333318514186], [-48.59572160210878, -2.206612204223776], [-48.59556230491974, -2.2064990980856676], [-48.59550665814269, -2.2064850069591797], [-48.595460662918235, -2.2063842971837473], [-48.59528491474217, -2.206303128639631], [-48.595209076718405, -2.206204651775111], [-48.59538950202785, -2.2061801999320054], [-48.59557813995284, -2.2061475129896886], [-48.5959614706011, -2.2063737415590854], [-48.596359707789176, -2.2066637935891755], [-48.597595946675, -2.206625361696653], [-48.59764977708307, -2.2065818285794414], [-48.59769166399159, -2.206497892766344], [-48.59773352841276, -2.2064279575572066], [-48.59775768155478, -2.2062521688731684], [-48.59418488740942, -2.2049266132100045], [-48.59403344882413, -2.205222555421006], [-48.59395887822331, -2.205437110126395], [-48.593326425895434, -2.207104480307799]]]}, "properties": {"id": 9, "Parcela": "A-133", "ANO": 2002, "Ha": 17.13, "PLANTAS": 2622, "VARIEDADE": "PB-123", "Rot_labels": -15}}, {"type": "Feature", "geometry": {"type": "Polygon", "coordinates": [[[-48.59417784954588, -2.2048564409659597], [-48.59805378837291, -2.206328139898196], [-48.598077096317176, -2.20625817451038], [-48.59811894573138, -2.2061975730058183], [-48.59817470499322, -2.206141660974263], [-48.598207306130504, -2.2060623769015772], [-48.59824454637467, -2.2059831003589454], [-48.59831424543098, -2.2059132102948817], [-48.59838861355055, -2.2058246602643443], [-48.598486222159636, -2.205708146649172], [-48.598583830750655, -2.205591633010648], [-48.59866286789389, -2.205484422969191], [-48.59868619073707, -2.2054051237782613], [-48.59874195742533, -2.2053445447952362], [-48.598797873820494, -2.2051906283277045], [-48.59888157247623, -2.2050694251411946], [-48.59895606024255, -2.2049062050071586], [-48.59904448776565, -2.2047290068107523], [-48.599101744401544, -2.204575403483933], [-48.5991019064968, -2.204474300076991], [-48.59914231798939, -2.2043429308679467], [-48.59900700504174, -2.2041152280948624], [-48.598910912190995, -2.204130845225466], [-48.59897198333493, -2.2040191228019377], [-48.59902755919428, -2.2038321711770257], [-48.598912144057785, -2.203730880306706], [-48.598645846480444, -2.2037102276063907], [-48.59861452538905, -2.203808349256628], [-48.59855877378915, -2.20385959454709], [-48.59849826336292, -2.203985502271134], [-48.598474970547315, -2.20404613398256], [-48.59842823430292, -2.2042613182105604], [-48.5983491374437, -2.204405863272721], [-48.59828864939133, -2.204517770327113], [-48.598136852917655, -2.204619334208033], [-48.597985970338684, -2.2046999721525973], [-48.59778992678898, -2.204740095312916], [-48.597553838641936, -2.2046828412423896], [-48.59756949772869, -2.204572605512839], [-48.59761606100106, -2.204465342825242], [-48.597676601469594, -2.204320767760902], [-48.59776967554283, -2.204138910427979], [-48.59793432659926, -2.2038022689376433], [-48.595037654873046, -2.2026799042843113], [-48.594928071142085, -2.202785569169738], [-48.59417784954588, -2.2048564409659597]], [[-48.60351153735343, -2.2058428258912146], [-48.600626202632554, -2.2047616768288703], [-48.60071429562452, -2.2048939683856617], [-48.601022805014516, -2.2052281112390744], [-48.601568238256455, -2.2054549900485134], [-48.60166061315558, -2.205466739519618], [-48.6018564062047, -2.2055833264331848], [-48.60224779426674, -2.2064882820112457], [-48.60230913765064, -2.2065832388552384], [-48.602837072986176, -2.2071614878247865], [-48.60298769769459, -2.207295778389871], [-48.603113403048084, -2.2070159682253796], [-48.603318422148256, -2.206456272503428], [-48.60351153735343, -2.2058428258912146]]]}, "properties": {"id": 10, "Parcela": "A-134", "ANO": 2002, "Ha": 14.75, "PLANTAS": 2275, "VARIEDADE": "PB-123", "Rot_labels": -15}}, {"type": "Feature", "geometry": {"type": "Polygon", "coordinates": [[[-48.606810049603126, -2.1968962751362064], [-48.60015688710461, -2.19440975151767], [-48.599857157070915, -2.194424082226191], [-48.59972727761942, -2.194414538740147], [-48.59962992388614, -2.1943723795387884], [-48.599537127336944, -2.19438156347594], [-48.59944425632475, -2.1944374161737397], [-48.59938850169308, -2.1944909953551743], [-48.59934894288467, -2.194570268573161], [-48.59932336090036, -2.194612229252636], [-48.599304685401094, -2.19468686930299], [-48.59928137081317, -2.1947615018578595], [-48.59920235370215, -2.1948570454289147], [-48.59917440746528, -2.19492700360367], [-48.59914415658061, -2.19498762427635], [-48.59912088294134, -2.1950365889985615], [-48.599095267406945, -2.1950995505978934], [-48.599048749915276, -2.195178812529827], [-48.59903004456444, -2.19527212005452], [-48.599006692669874, -2.1953700869554678], [-48.59896944586884, -2.1954540307379022], [-48.598925229254895, -2.1955449635817343], [-48.5989018661526, -2.195649930780712], [-48.598862296055735, -2.195736204234553], [-48.59883898510692, -2.195808503301949], [-48.598822632779765, -2.1958808136139942], [-48.59880162272726, -2.1959647836115503], [-48.598782965754936, -2.196027756420891], [-48.59877592512818, -2.196079080790421], [-48.59878972683758, -2.1961514398413584], [-48.59881496970271, -2.1963218220067984], [-48.5988272796944, -2.19639169225373], [-48.60601590330993, -2.1991007714810995], [-48.60609185908766, -2.1989540393085223], [-48.606154818323866, -2.198746463341215], [-48.606224665513345, -2.198583234125948], [-48.60630628900144, -2.1983080179976486], [-48.60646933123202, -2.1978859253944205], [-48.60664167379849, -2.1974498469250334], [-48.6067745130533, -2.197058040332378], [-48.606810049603126, -2.1968962751362064]]]}, "properties": {"id": 37, "Parcela": "B-134", "ANO": 2000, "Ha": 22.41, "PLANTAS": 3455, "VARIEDADE": "PB-141", "Rot_labels": -15}}, {"type": "Feature", "geometry": {"type": "Polygon", "coordinates": [[[-48.60589450026149, -2.1990895822944996], [-48.598837979663315, -2.1964507196539103], [-48.59876572619702, -2.1966554247700003], [-48.5987285091064, -2.1967207009983047], [-48.598700540356084, -2.196804659722006], [-48.598714323385934, -2.1968886859616013], [-48.59875595585536, -2.1969634234683086], [-48.59875123473258, -2.1970147515825085], [-48.59871404744817, -2.197061360303254], [-48.59866292797969, -2.1971172802592047], [-48.59866276389061, -2.1972199514852346], [-48.598639501318324, -2.1972619158322697], [-48.598565022281804, -2.1974204694730175], [-48.59850435603407, -2.19764438183465], [-48.598485411696274, -2.197887029222665], [-48.598475655940575, -2.1981856940956988], [-48.59848472516309, -2.198316381560775], [-48.5984984782469, -2.1984190752958668], [-48.5985448318474, -2.1984424847427584], [-48.598591080963814, -2.198531230419912], [-48.59861872146489, -2.198652614183911], [-48.59865101598162, -2.198764671713401], [-48.59886525831986, -2.198989079662867], [-48.60519982080809, -2.2013392347371132], [-48.60523460440432, -2.2012441076968257], [-48.605276498097595, -2.201155504134794], [-48.60533942430458, -2.20096892946824], [-48.605379005858474, -2.2008756552434727], [-48.605404670034794, -2.200782358528631], [-48.60550941530515, -2.2005538491887067], [-48.605602659528756, -2.200264651406731], [-48.60566324365145, -2.2000920735861738], [-48.60570988059441, -2.1999381408673413], [-48.60576579575342, -2.199784223116219], [-48.60582167366231, -2.1996536398417814], [-48.60585431872921, -2.199546353602648], [-48.60587766321223, -2.199453053076251], [-48.60593820252189, -2.19930847656436], [-48.60591975769105, -2.199238443132508], [-48.60589450026149, -2.1990895822944996]]]}, "properties": {"id": 36, "Parcela": "B-133", "ANO": 2002, "Ha": 21.65, "PLANTAS": 3280, "VARIEDADE": "PB-123", "Rot_labels": -15}}, {"type": "Feature", "geometry": {"type": "Polygon", "coordinates": [[[-48.61983853949815, -2.1881394811494363], [-48.61988350669585, -2.188001177375288], [-48.618702054116106, -2.1876997709472734], [-48.618581651636276, -2.1877023147111307], [-48.618449478943255, -2.18772704328284], [-48.61834324964015, -2.1878284975660964], [-48.61828772582439, -2.187805543486741], [-48.61814119357891, -2.1878408777957676], [-48.618136339177696, -2.1877163807157807], [-48.61788879699943, -2.187746472452121], [-48.61772710407811, -2.1877868636910973], [-48.6176260803458, -2.1878792648975343], [-48.61756564646332, -2.1879585064996054], [-48.61751443923589, -2.188070431492494], [-48.61748182165671, -2.1881613849062878], [-48.61746203211414, -2.1882959379592157], [-48.61952156657741, -2.1890280852000754], [-48.61963812894149, -2.1887271978828764], [-48.61983853949815, -2.1881394811494363]]]}, "properties": {"id": 88, "Parcela": "D-122", "ANO": 2000, "Ha": 2.44, "PLANTAS": 377, "VARIEDADE": "PB-121", "Rot_labels": -15}}, {"type": "Feature", "geometry": {"type": "Polygon", "coordinates": [[[-48.619452519814715, -2.189052298046786], [-48.61743836443349, -2.1883173871509105], [-48.6173004904138, -2.188417777356364], [-48.61729109422198, -2.1884924335377107], [-48.617263148896434, -2.188562393115649], [-48.61715861376623, -2.1886602319450903], [-48.61707497680544, -2.1887441033175365], [-48.616970401096424, -2.1888676102605444], [-48.616877467426626, -2.188963134102975], [-48.61682636330584, -2.189009721864046], [-48.61675663630614, -2.1890982823704457], [-48.616765167959514, -2.189219492881764], [-48.616677549911735, -2.1892381643219463], [-48.61667740976627, -2.1893268361081963], [-48.61664946436714, -2.1893967956255445], [-48.61649608551473, -2.1895785612162815], [-48.616421719324066, -2.1896671142339303], [-48.616375224770294, -2.1897323771001216], [-48.616361071270845, -2.1898816967519825], [-48.61632385495214, -2.1899469744532527], [-48.616319387491124, -2.190041932632978], [-48.61621675652472, -2.1901988181684104], [-48.61618872986237, -2.1903201139132955], [-48.61868662899747, -2.1912819752781276], [-48.61886010270365, -2.19080975063536], [-48.61894861500839, -2.19057654439867], [-48.61903480399773, -2.1903456678896993], [-48.619116302191685, -2.1901474525412308], [-48.61926074927211, -2.189746325158604], [-48.619316662083904, -2.1895924049352713], [-48.61938188998044, -2.1894151647952356], [-48.619440125986806, -2.189258914772651], [-48.619452519814715, -2.189052298046786]], [[-48.61021681309935, -2.187914944934264], [-48.615254761947845, -2.1898029215173413], [-48.61561235730956, -2.18881330660188], [-48.6156856075129, -2.1887115461465743], [-48.615786659604986, -2.1886160354307034], [-48.61587608438029, -2.1885391738771136], [-48.61602469849872, -2.1884367387716672], [-48.616102499643674, -2.188376192900872], [-48.61617796647506, -2.188324977178732], [-48.616261588634636, -2.188250439755203], [-48.61632198015907, -2.188198033170696], [-48.61640256926443, -2.188010786136731], [-48.61634741288384, -2.1879348692303937], [-48.61626712299236, -2.1878639673942377], [-48.616186649426936, -2.18790933596421], [-48.61612127513647, -2.1879395629247136], [-48.6159506372145, -2.18780279841948], [-48.61538304019857, -2.1876502334330614], [-48.610711423993145, -2.186555881447031], [-48.61021681309935, -2.187914944934264]]]}, "properties": {"id": 87, "Parcela": "D-121", "ANO": 2000, "Ha": 19.46, "PLANTAS": 3008, "VARIEDADE": "PB-121", "Rot_labels": -15}}, {"type": "Feature", "geometry": {"type": "Polygon", "coordinates": [[[-48.618611370807976, -2.191301069046847], [-48.61639285907931, -2.190466801956275], [-48.616253018498284, -2.1904288512072134], [-48.61616639136915, -2.19051142294922], [-48.616177265972, -2.190666326584612], [-48.61613168007183, -2.190893739735383], [-48.61609638429903, -2.190969511931962], [-48.61605426233609, -2.191010606647214], [-48.61604023419057, -2.191080588370374], [-48.615998363882795, -2.191155192453429], [-48.61595646402851, -2.1912484642648202], [-48.61589599287684, -2.1913510402171394], [-48.615840234700315, -2.1914069542568324], [-48.615798371748305, -2.191476891380087], [-48.61574727485107, -2.191518812039321], [-48.61566830624309, -2.191584022769619], [-48.61559399892087, -2.1916352401230137], [-48.61550578159714, -2.1916817682389373], [-48.61544076730344, -2.1917236665742132], [-48.61538042907867, -2.1917422376777203], [-48.61527825742271, -2.191812078123305], [-48.61523636487268, -2.191900682913432], [-48.615208345360536, -2.192017311584654], [-48.615189626263756, -2.192119954327038], [-48.6151802371497, -2.1921899434203325], [-48.61518011889937, -2.192264614313501], [-48.61517064108314, -2.1923906065745324], [-48.615147378912, -2.1924325717730326], [-48.61514421264499, -2.1924997258890135], [-48.61785142159794, -2.1935343965127467], [-48.617989942738234, -2.1932118392697233], [-48.61804117269213, -2.1930859135992073], [-48.61809241739608, -2.192950654035893], [-48.61815295512877, -2.192806075433963], [-48.61818417990581, -2.192651197877645], [-48.618264789150764, -2.19249356862435], [-48.61832771280976, -2.192306991214935], [-48.61847448779815, -2.1919012011475725], [-48.61849780156221, -2.1918265671905495], [-48.618535128659175, -2.1916912852493007], [-48.61858633626427, -2.1915793602781797], [-48.61861895779, -2.1914860733807036], [-48.61865351524204, -2.191388135058053], [-48.618611370807976, -2.191301069046847]], [[-48.61018655550937, -2.1879825100773322], [-48.610062477784055, -2.1883035178029813], [-48.60993666752778, -2.1886533354686373], [-48.60981087192885, -2.1889938192323384], [-48.60968041860421, -2.189345962759535], [-48.60959886809602, -2.189576844657058], [-48.60949009743983, -2.1898720469024973], [-48.6093690223455, -2.1901701107194773], [-48.613731182919, -2.1917629290819325], [-48.613786926329084, -2.191716349074478], [-48.613847382787625, -2.1916231072352437], [-48.61390780966602, -2.191548533091284], [-48.61394963569384, -2.1915019307534656], [-48.61398056520517, -2.1914083169240643], [-48.6141494136371, -2.191315573407391], [-48.61420054006785, -2.1912549851341736], [-48.614228433928204, -2.191217694321002], [-48.61425641646529, -2.191124400372941], [-48.61430297765165, -2.191017135371301], [-48.61440054700673, -2.1909239529082245], [-48.61449346983964, -2.190835429921606], [-48.614577099641714, -2.190756225911194], [-48.61468391027582, -2.1906863929011027], [-48.61480927001081, -2.1906212565246688], [-48.61486745587643, -2.190551889747167], [-48.6149618596522, -2.1904819283241737], [-48.61501364993521, -2.1904582408966293], [-48.61502306849713, -2.1903695840779323], [-48.61504640442093, -2.1902809495441744], [-48.615102192043835, -2.190206367797334], [-48.61512546149745, -2.190159735631151], [-48.615162736918336, -2.1900571225757868], [-48.6151628845827, -2.1899637839577406], [-48.6152031133591, -2.189856800574438], [-48.61018655550937, -2.1879825100773322]]]}, "properties": {"id": 61, "Parcela": "C-124", "ANO": 2000, "Ha": 22.41, "PLANTAS": 3482, "VARIEDADE": "PB-121", "Rot_labels": -15}}, {"type": "Feature", "geometry": {"type": "Polygon", "coordinates": [[[-48.617792047943304, -2.1936735505289207], [-48.61774542544636, -2.193580896575702], [-48.61494044055446, -2.1925076709007185], [-48.61484339396398, -2.19250908904074], [-48.61476228313601, -2.192462289598252], [-48.61470201512587, -2.1924365248051445], [-48.61462314255304, -2.1924410653006503], [-48.61456293000037, -2.1923802985401055], [-48.61447481615001, -2.1923614895137176], [-48.61441684923966, -2.1923473957580693], [-48.61437973992004, -2.1923450027917935], [-48.61431011974517, -2.1923658923980187], [-48.61427064280402, -2.192393830739762], [-48.61422648976381, -2.1924450962779836], [-48.61416609607915, -2.192498669238813], [-48.614110341517474, -2.1925522496317997], [-48.61408009845132, -2.1926082044001265], [-48.614042815338046, -2.192715484201352], [-48.6140288609777, -2.192738796515188], [-48.61396849315854, -2.1927760352038055], [-48.61390336786396, -2.1928879372685346], [-48.613870820005026, -2.1929345544431786], [-48.61379189566804, -2.1929717633453096], [-48.61371768073598, -2.1929646438861714], [-48.61367589530665, -2.192985578073023], [-48.61361085875843, -2.193041476985836], [-48.61353191962423, -2.193088019711146], [-48.613471544392304, -2.1931299252754086], [-48.61339728137708, -2.193153140803776], [-48.613309115784695, -2.1931670001452637], [-48.613225559722046, -2.193199534620343], [-48.613100251531215, -2.193232002083884], [-48.613053867678985, -2.193227260711364], [-48.61300281510047, -2.193241179585998], [-48.612886777769, -2.193278328835855], [-48.61279389905459, -2.193338849913812], [-48.612793810231956, -2.1933948529849854], [-48.61275199889179, -2.193432121347023], [-48.61268699932874, -2.1934646855489333], [-48.61262204418207, -2.193469248212863], [-48.612473532980836, -2.1935063452695482], [-48.61241778945703, -2.1935529251089996], [-48.61229480454897, -2.193583062716556], [-48.61224840590837, -2.1935876551512807], [-48.61220430461726, -2.193606252070349], [-48.61216709536838, -2.1936668624444815], [-48.612118362357116, -2.193680784987775], [-48.61205570827412, -2.193697018639622], [-48.612041742769456, -2.193727331270612], [-48.612077950846626, -2.193719737857453], [-48.61473923064256, -2.19472040097141], [-48.61483608897006, -2.1948245846467995], [-48.614909765841105, -2.1948989397673477], [-48.61492605999949, -2.194964954260544], [-48.61705808210314, -2.195756167265743], [-48.617081388784314, -2.1956862004143396], [-48.61710004891774, -2.1956208930567938], [-48.61715596273296, -2.195466973408264], [-48.61726545222661, -2.19517079769159], [-48.61736330309959, -2.194900271485239], [-48.61739598410689, -2.194769649274939], [-48.617465866951875, -2.194583083284076], [-48.61756365852726, -2.194349892491618], [-48.61776866753776, -2.1937901868593617], [-48.617792047943304, -2.1936735505289207]], [[-48.61346451368435, -2.191738746979518], [-48.60934883379915, -2.1902256857604554], [-48.60922378460664, -2.1906076326637223], [-48.60910734052731, -2.190901461798806], [-48.60898619799364, -2.19123261870059], [-48.6088091341836, -2.191722361011514], [-48.6086879839377, -2.1920581846490963], [-48.608553916094124, -2.1924082643351688], [-48.610837289912105, -2.1932426950210373], [-48.61091945376414, -2.193135596252071], [-48.61098929237201, -2.1930449747095717], [-48.6111220066868, -2.1930141473754183], [-48.611157628069904, -2.192888523169326], [-48.613159556176015, -2.1920833804133495], [-48.61338279024155, -2.1920517205321572], [-48.613438578040096, -2.191977139012236], [-48.61348510237575, -2.191893208755756], [-48.61356743229633, -2.1917995748545582], [-48.61346451368435, -2.191738746979518]]]}, "properties": {"id": 60, "Parcela": "C-123", "ANO": 2000, "Ha": 21.73, "PLANTAS": 3366, "VARIEDADE": "PB-121", "Rot_labels": -15}}, {"type": "Feature", "geometry": {"type": "Polygon", "coordinates": [[[-48.61657665998292, -2.1970434742640483], [-48.61701457559387, -2.1958259178780035], [-48.61696940546837, -2.195790458671708], [-48.615010750896204, -2.1950644158653647], [-48.61482502972063, -2.1949326815028107], [-48.61472856364436, -2.1947638079868272], [-48.611905251934665, -2.1937021223185367], [-48.61176568348468, -2.1937467223875475], [-48.61169608924368, -2.1937512775437513], [-48.61162648019212, -2.193765166533396], [-48.61157535355868, -2.1938257545082447], [-48.6114917456589, -2.1938909572308014], [-48.611436053973264, -2.193904868558596], [-48.61134313078219, -2.193993390944162], [-48.611254876338684, -2.194063253096095], [-48.611134192495996, -2.1941050615546596], [-48.61107380241174, -2.1941563007358456], [-48.611008713920285, -2.194244867786872], [-48.61094361059677, -2.1943427686589323], [-48.61088783738362, -2.194408016018279], [-48.61081348544369, -2.19448723429285], [-48.610757689981334, -2.1945664823817723], [-48.610678669252025, -2.194664360837471], [-48.610557911243525, -2.1947528383268433], [-48.61048822063063, -2.194818063261206], [-48.61039529733324, -2.1949065854629297], [-48.61029304387664, -2.1950277611251865], [-48.610139722985494, -2.195172189263775], [-48.61006525971271, -2.195321411112318], [-48.609978711084004, -2.1956755240132857], [-48.61622395865422, -2.1979956957532076], [-48.61638488143263, -2.1975483615297087], [-48.61657665998292, -2.1970434742640483]], [[-48.60852276345122, -2.1946907121508623], [-48.60914047123005, -2.1948695654644554], [-48.60916848396437, -2.1947576043980854], [-48.60921969968572, -2.1946410137249854], [-48.60926160749146, -2.1945430757606177], [-48.609298913251536, -2.1944217957752565], [-48.60932688885336, -2.1943331692365033], [-48.60935024016207, -2.194235201412019], [-48.60940609492977, -2.194118618156128], [-48.60946664811088, -2.1939647070577957], [-48.60950864480527, -2.1938107661112136], [-48.60955986781383, -2.1936895084489363], [-48.609541459612984, -2.1935961403900555], [-48.60952299210802, -2.193540107624562], [-48.60950456166458, -2.193460740303623], [-48.60950470990935, -2.193367402076755], [-48.609532648357344, -2.193302110055249], [-48.60965662103411, -2.193216052483929], [-48.610115457775315, -2.1934230026643897], [-48.61033672271357, -2.19349759484738], [-48.610631991522645, -2.193440329648005], [-48.610796252534286, -2.1932681754284675], [-48.60854182559504, -2.1924822193514157], [-48.608457397596375, -2.192656346557712], [-48.608424782991925, -2.1927449656020777], [-48.60834555487519, -2.1929735172813944], [-48.608163880674255, -2.1934445839618175], [-48.60801007055776, -2.1938970276454426], [-48.60784701167788, -2.1943307886562318], [-48.60782368997204, -2.194410088725336], [-48.6077864806107, -2.1944706987727627], [-48.607768514378485, -2.194631758918901], [-48.60802253700995, -2.1947311497401385], [-48.60840768389095, -2.1948719940739956], [-48.60852276345122, -2.1946907121508623]]]}, "properties": {"id": 59, "Parcela": "C-122", "ANO": 2000, "Ha": 23.05, "PLANTAS": 3552, "VARIEDADE": "PB-121", "Rot_labels": -15}}, {"type": "Feature", "geometry": {"type": "Polygon", "coordinates": [[[-48.61614550388269, -2.198026083654633], [-48.6099756851948, -2.1957465541612464], [-48.60985106265651, -2.1958227609558487], [-48.60979992101833, -2.195892682536651], [-48.6097905166359, -2.1959720051151383], [-48.60976259285863, -2.196027963272936], [-48.609711421519435, -2.196116552485849], [-48.60965090513315, -2.196247128963944], [-48.609604313518076, -2.196373060915596], [-48.60952993910303, -2.19646627967624], [-48.609525047605736, -2.19662494719069], [-48.60946462764929, -2.1966948537770024], [-48.60938566603959, -2.19675539665968], [-48.609378391822816, -2.1969537291616827], [-48.60937364875244, -2.1970190584420006], [-48.60937352252789, -2.1970983959233252], [-48.60934330510346, -2.197138016110502], [-48.60926899371634, -2.197191566060161], [-48.60925263425271, -2.1972685439332778], [-48.60922003413302, -2.1973478291112922], [-48.60914545163947, -2.1975717212482433], [-48.60906626710764, -2.197772271335603], [-48.60901508815334, -2.1978655273214325], [-48.61537894577384, -2.200234710947643], [-48.6161244790987, -2.198177786875764], [-48.61614550388269, -2.198026083654633]], [[-48.60692446374175, -2.196902860566118], [-48.6074652671578, -2.1971264414892206], [-48.60752311896457, -2.197079081178543], [-48.60755563737656, -2.1970511320785984], [-48.60758822266047, -2.1969811808356132], [-48.60757904101648, -2.196920496127208], [-48.60756983708087, -2.1968738121330498], [-48.60758849756901, -2.196808505366786], [-48.607597775804315, -2.196808520315096], [-48.60763953529351, -2.1968039206770062], [-48.60766750372736, -2.1967199612335686], [-48.60770943407802, -2.1966080227757816], [-48.60776527433833, -2.1965007736326756], [-48.60776995802372, -2.1964727796739694], [-48.607770047158205, -2.1964167768114127], [-48.607788715040556, -2.1963468031211537], [-48.60783518048294, -2.19630020878574], [-48.60785853946028, -2.196197574222293], [-48.60789121379148, -2.196071620068191], [-48.607933040099965, -2.1960250182461163], [-48.607942459422375, -2.195936361976092], [-48.607998381273354, -2.1957777768111804], [-48.60805424370252, -2.1956565268807307], [-48.60810551154107, -2.1955072680313212], [-48.60812885558679, -2.1954139672417137], [-48.60808716293752, -2.1953765647805414], [-48.60805476336641, -2.1953298434433965], [-48.60806875494142, -2.1952831967833184], [-48.608087357918386, -2.1952179156645033], [-48.60815704592154, -2.195222152085094], [-48.608247265127126, -2.195205800291319], [-48.60829651376567, -2.1951728855439026], [-48.608356684369014, -2.1950923165402227], [-48.60837977615857, -2.1949570969061556], [-48.60771602169489, -2.1947085736353897], [-48.607661166195726, -2.194871851955366], [-48.607526149408734, -2.1951749841863273], [-48.60736303049583, -2.1956460800615503], [-48.60727916995985, -2.1958699569542612], [-48.60723262284077, -2.195967887205617], [-48.60706954809406, -2.196410981430894], [-48.60692446374175, -2.196902860566118]]]}, "properties": {"id": 58, "Parcela": "C-121", "ANO": 2000, "Ha": 21.22, "PLANTAS": 3324, "VARIEDADE": "PB-121", "Rot_labels": -15}}, {"type": "Feature", "geometry": {"type": "Polygon", "coordinates": [[[-48.607617202265416, -2.1948041108953147], [-48.607623047691334, -2.1946367261183815], [-48.6018003653427, -2.1924953497797977], [-48.6014099375415, -2.1925225129640973], [-48.60106328854198, -2.1924714021627456], [-48.60098283917998, -2.1925016035961575], [-48.60094039472314, -2.1925999085411316], [-48.600833219882865, -2.192898416909499], [-48.60098700233998, -2.1930425157621576], [-48.60096735166532, -2.1931506455122323], [-48.60096260845057, -2.193215974378751], [-48.6009625340694, -2.193262643199348], [-48.600976324870906, -2.193342002643358], [-48.60103194925511, -2.1933700937319904], [-48.60117002212774, -2.193383855621078], [-48.60149559006337, -2.193538849771113], [-48.6016346883027, -2.193585743069503], [-48.60169959834265, -2.193609182235755], [-48.60177380887407, -2.1936186357099636], [-48.6018433059543, -2.1936747505508283], [-48.60189895270595, -2.193688840982641], [-48.60194535846613, -2.1936795820241053], [-48.602047410986266, -2.1936844134911135], [-48.60208914791664, -2.193693814589737], [-48.602195727998996, -2.193768656822806], [-48.602242141206375, -2.1937547309692933], [-48.60227929110558, -2.1937314563797203], [-48.60230719256612, -2.1936894992811613], [-48.602349033599964, -2.1936335639593207], [-48.60244885205036, -2.193550887096704], [-48.6025390051216, -2.193575777843609], [-48.60253064812202, -2.193674745991532], [-48.602492614913494, -2.1937784693292204], [-48.60249718708707, -2.193820478794632], [-48.60249245877068, -2.193876473962056], [-48.60247848944763, -2.1939091197323024], [-48.60247375369082, -2.1939697817857438], [-48.60251077719223, -2.1940258442769647], [-48.60256179233073, -2.1940352603370536], [-48.602622100527455, -2.1940353575812197], [-48.602691672040656, -2.194044803558892], [-48.602765845474266, -2.194077591455124], [-48.60279825220601, -2.1941196458090237], [-48.60282145510664, -2.1941150163202674], [-48.60283526829043, -2.1941803751979165], [-48.60244237986502, -2.1942328334696346], [-48.60218634270354, -2.1940807646709746], [-48.6020279695952, -2.194239742963116], [-48.60196772092332, -2.1942023106021895], [-48.60193520266012, -2.194230259534029], [-48.60192127051191, -2.1942395708554496], [-48.60188983916999, -2.1940954520356475], [-48.601548424300795, -2.193912914350404], [-48.60111638909655, -2.193836389512631], [-48.60071947312627, -2.1937953075938705], [-48.59984065084159, -2.193440026241405], [-48.59971418935139, -2.1935313087229105], [-48.59969094928964, -2.193559272550873], [-48.599672311090856, -2.193610578253446], [-48.599672191994806, -2.1936852482950577], [-48.59968600502613, -2.1937506070466966], [-48.5996673221532, -2.1938299140117064], [-48.5996160689224, -2.1939698379564607], [-48.59955092820565, -2.1940910719099405], [-48.599564711432535, -2.1941750981694605], [-48.59963886973972, -2.1942172199084786], [-48.5997362234686, -2.1942593790984977], [-48.59987067498652, -2.194310931962816], [-48.599949494740564, -2.1943390605574797], [-48.60014143977976, -2.194329059918106], [-48.606868757202676, -2.1968600383808226], [-48.606904380237616, -2.196711731273718], [-48.60705816948468, -2.196273289112675], [-48.6071605865832, -2.196049442186442], [-48.60725845363632, -2.19576958490505], [-48.607617202265416, -2.1948041108953147]]]}, "properties": {"id": 62, "Parcela": "C-131", "ANO": 2000, "Ha": 19.43, "PLANTAS": 2941, "VARIEDADE": "PB-141", "Rot_labels": -15}}, {"type": "Feature", "geometry": {"type": "Polygon", "coordinates": [[[-48.61532551841917, -2.200402829105111], [-48.61532282087793, -2.2002819283716155], [-48.6153078177575, -2.200236407046555], [-48.609015031159885, -2.197900870839323], [-48.608945847137115, -2.1980124237923615], [-48.608913284098975, -2.198068374382193], [-48.60888533789267, -2.1981383331699793], [-48.60884808370616, -2.198226944639539], [-48.60881549092984, -2.1983015628526696], [-48.60876901049258, -2.198357491000019], [-48.60870853835486, -2.1984600657967897], [-48.60868059954816, -2.1985253576536716], [-48.60865730729566, -2.1985859900760873], [-48.608610715345286, -2.1987119218214044], [-48.608573461099, -2.1988005332499516], [-48.6085548153885, -2.198856506231417], [-48.60851291456615, -2.198949777079881], [-48.608443171534, -2.1990476699543735], [-48.608429164934925, -2.199103650404646], [-48.60841037050033, -2.1992529615186998], [-48.60851520618291, -2.199368606595299], [-48.60856520765826, -2.1995253989996275], [-48.60859438141081, -2.200228644440788], [-48.61458929547437, -2.2024364306079502], [-48.61465923932301, -2.2022125301134743], [-48.61532551841917, -2.200402829105111]], [[-48.60608872223474, -2.1991029141358944], [-48.60705518121523, -2.199510325358766], [-48.60708924980848, -2.199416858878836], [-48.60699443353824, -2.1993032853650325], [-48.606965297780484, -2.1992412970189212], [-48.60698402538353, -2.1991339882023535], [-48.60695629479878, -2.1990686066666525], [-48.60692391765258, -2.1990078845515186], [-48.60682234794097, -2.198699704386293], [-48.60679011955885, -2.1985456442482327], [-48.60679024600306, -2.198466306918879], [-48.60679037988017, -2.198382302687689], [-48.60682753746277, -2.198354361132174], [-48.60686930441602, -2.1983450946638063], [-48.606901808003826, -2.1983264794264588], [-48.60692781917393, -2.1982336786215027], [-48.606999393129215, -2.1982239646802153], [-48.60707358752596, -2.1982086376144894], [-48.60705993220215, -2.1980793879468163], [-48.60712685048828, -2.197895300255814], [-48.60699134177334, -2.197788922303499], [-48.60695380497248, -2.1977198644207108], [-48.606972413488045, -2.197687226020788], [-48.60705935382722, -2.19768034486607], [-48.607117017712554, -2.1977587936363583], [-48.60715782954805, -2.1977808632332128], [-48.60721825704238, -2.1977062900048034], [-48.6072554294655, -2.197669014604383], [-48.60728801480096, -2.197599063398679], [-48.60729745656675, -2.197496406476683], [-48.60732542506775, -2.1974124470756604], [-48.607367325780686, -2.197319176292956], [-48.607384201711874, -2.1972233716014586], [-48.60736426229378, -2.1971222351770088], [-48.60711570483805, -2.197005564692632], [-48.60690226681146, -2.1969243372990426], [-48.606801673086444, -2.19711758726112], [-48.60670379818533, -2.1974021112187896], [-48.60665247794449, -2.1975840381008953], [-48.606494078704856, -2.1980038048499337], [-48.60634967101147, -2.198376924930746], [-48.60620520363584, -2.198787380114419], [-48.60614930353499, -2.1989319641754763], [-48.606130642877, -2.1989972708239356], [-48.60608872223474, -2.1991029141358944]]]}, "properties": {"id": 33, "Parcela": "B-124", "ANO": 2001, "Ha": 21.04, "PLANTAS": 3260, "VARIEDADE": "PB-121", "Rot_labels": -15}}, {"type": "Feature", "geometry": {"type": "Polygon", "coordinates": [[[-48.60983949317192, -2.20320639204213], [-48.61371368978807, -2.204698918845985], [-48.61386485174213, -2.2043533750673445], [-48.614065198094565, -2.203812333253546], [-48.61418632912217, -2.2034905097256994], [-48.614265521827654, -2.203285292031518], [-48.614363375141515, -2.2030147672230918], [-48.614419357082554, -2.2028188459534923], [-48.61445663378484, -2.2027162333295784], [-48.61447534641143, -2.202618257737494], [-48.614455194901105, -2.2024679064682005], [-48.608747714329816, -2.200381923382959], [-48.60864723304712, -2.2005414133243946], [-48.60864702474855, -2.200672086747187], [-48.60870256787768, -2.2007515139924863], [-48.60870238932386, -2.2008635197877098], [-48.608702180999565, -2.200994193215225], [-48.60869275391965, -2.2010875164070702], [-48.60865086032977, -2.2011761202898907], [-48.608641410909016, -2.201283444200149], [-48.60859488560643, -2.201367373677702], [-48.60856692427857, -2.2014466661880454], [-48.60857142200709, -2.2015353449201207], [-48.60857132525179, -2.2015960147194127], [-48.60852948371396, -2.20165195022234], [-48.60848296581864, -2.201731212769215], [-48.608441101939285, -2.201801148983328], [-48.608413148017696, -2.2018757745654516], [-48.60835730715957, -2.201983023556831], [-48.60825961726828, -2.202150874912469], [-48.60820850486351, -2.2022021284889237], [-48.60815737756256, -2.2022627158720773], [-48.60811088939318, -2.2023233107401907], [-48.60804581488454, -2.2024025432591268], [-48.60800399563043, -2.20244447798346], [-48.60794823662132, -2.2025003909433605], [-48.60793425218065, -2.2025423706146596], [-48.607957395727595, -2.2025750764157093], [-48.60808259284283, -2.202612613958473], [-48.60817529366769, -2.202664099771105], [-48.60822157333118, -2.2027341782883596], [-48.60825394302953, -2.202799567425019], [-48.608318876073504, -2.2028090061314134], [-48.608421011601095, -2.2027625018877806], [-48.608513719911386, -2.2028093207947057], [-48.60866211280439, -2.202846895783942], [-48.60896344844511, -2.202978056139607], [-48.609102503558205, -2.20305295140825], [-48.6092184002113, -2.2031044746776405], [-48.60934824036972, -2.203139686231761], [-48.60945024940623, -2.2031725193862255], [-48.609538393138266, -2.203172661693239], [-48.60962246261081, -2.2030139432210634], [-48.60975305960088, -2.203049540597437], [-48.60981336119126, -2.2030496379364384], [-48.609923620790006, -2.203061277396754], [-48.61001645579388, -2.203028758768819], [-48.61016945083519, -2.2030896757248555], [-48.610290046304506, -2.2031038711338495], [-48.610356107870246, -2.203030293028195], [-48.61061216405779, -2.203172252563927], [-48.61077825147966, -2.203010753316655], [-48.6109742318004, -2.203011069518279], [-48.61119035343789, -2.202909312868368], [-48.61128306202695, -2.202956131706551], [-48.611361336599266, -2.2029055342019515], [-48.61156587163892, -2.203068594200562], [-48.61166322685899, -2.203110753603539], [-48.61177445491559, -2.2031809369650643], [-48.61198764764709, -2.2033119548936035], [-48.61208044557967, -2.203302770701794], [-48.61216866386249, -2.20325624366233], [-48.61223371612504, -2.203191011524525], [-48.612307897957905, -2.203219132745819], [-48.61234024560869, -2.203298522761083], [-48.612395826214915, -2.203354615583702], [-48.61247465465568, -2.203378077369378], [-48.612530198088365, -2.2034575048009497], [-48.6126182304866, -2.2035276507635557], [-48.61274803760979, -2.203583863294943], [-48.61290926511156, -2.2035803764634707], [-48.61294738005254, -2.203672856493796], [-48.612965795391034, -2.2037615579448038], [-48.6127885891202, -2.2036256789793423], [-48.612547301594, -2.2036758421947726], [-48.61247714291983, -2.203554403447993], [-48.612315077598325, -2.203567230077987], [-48.61194976072868, -2.2033917854220566], [-48.61172242949333, -2.203356032109897], [-48.61148167402001, -2.203072550876329], [-48.61118657608001, -2.202991191179503], [-48.61101932102638, -2.2030970811344397], [-48.61079821500554, -2.2030967243850825], [-48.610708736712475, -2.203273512934478], [-48.61053786595242, -2.2032833476353737], [-48.610394884368795, -2.2033216702133607], [-48.610342030777055, -2.203192037517418], [-48.61005568679931, -2.2031359678851294], [-48.60983949317192, -2.20320639204213]], [[-48.605268343139656, -2.2013399536885943], [-48.6063099767708, -2.201751982652955], [-48.6063883621846, -2.20170573838878], [-48.60643118057153, -2.2016400898210575], [-48.6064559741002, -2.2015342627153234], [-48.60649327334963, -2.201417650152049], [-48.60656778243154, -2.201240427812582], [-48.606623623259175, -2.201133178998022], [-48.606642298924136, -2.2010585385485593], [-48.606674817498416, -2.2010305895822366], [-48.606712019878564, -2.200974646697227], [-48.60676654469884, -2.2008924601527107], [-48.60678651397626, -2.200806758096313], [-48.60683770072985, -2.200708835551736], [-48.606865684392126, -2.2006155424531486], [-48.606916886012, -2.2005082860886707], [-48.60696815461132, -2.200359027594251], [-48.60699623499841, -2.2002050647464872], [-48.607033481977304, -2.2001211204023714], [-48.60708931521991, -2.200018538388989], [-48.60712657706348, -2.199925260225935], [-48.6071638314559, -2.1998366489596752], [-48.607177860448765, -2.1997666678723893], [-48.60722827352744, -2.1996824818981002], [-48.60719578358008, -2.199573742380156], [-48.60607080812124, -2.1991649825345485], [-48.605268343139656, -2.2013399536885943]]]}, "properties": {"id": 32, "Parcela": "B-123", "ANO": 2002, "Ha": 20.24, "PLANTAS": 3028, "VARIEDADE": "PB-141", "Rot_labels": -15}}, {"type": "Feature", "geometry": {"type": "Polygon", "coordinates": [[[-48.60731826750242, -2.2048071629797406], [-48.6075602997467, -2.204961925810145], [-48.6129635651064, -2.2069193324632588], [-48.61297715820494, -2.206818418356389], [-48.613205482475564, -2.2061887507836646], [-48.613445426539975, -2.20554510090227], [-48.61358055007532, -2.2051766309379772], [-48.61363645808799, -2.2050273791513133], [-48.61365520814064, -2.204906069038664], [-48.613655334587456, -2.204826731316681], [-48.61364323303706, -2.2047703829765553], [-48.60958067867191, -2.2032186122766584], [-48.60942708952342, -2.2034205731775356], [-48.60920325737491, -2.203554175091609], [-48.60891180781328, -2.2035486491624425], [-48.60790444295491, -2.203438334619442], [-48.60778402291106, -2.2036551876505657], [-48.607700481140625, -2.2036783872277175], [-48.6076354437582, -2.2037342851173425], [-48.60757030202317, -2.203855519655675], [-48.60755117894363, -2.204210174365967], [-48.6075510745743, -2.2042755110216103], [-48.60755100002288, -2.204322180061314], [-48.60754162482186, -2.2043828348127765], [-48.60751370050916, -2.2044387926581073], [-48.607490407877734, -2.204499424904945], [-48.607476386068285, -2.204564739054798], [-48.607397364079254, -2.204662616509407], [-48.60731826750242, -2.2048071629797406]], [[-48.60525697811717, -2.201376585569806], [-48.604935586878824, -2.2022038406271514], [-48.604637325437935, -2.203052735269258], [-48.60443698266569, -2.2035905161986222], [-48.605753749702124, -2.2040593374149755], [-48.60585197301031, -2.2040378505253155], [-48.605766877234615, -2.2038304493351997], [-48.60568160370857, -2.203734262452825], [-48.60566679496998, -2.2035674166395625], [-48.6055866435186, -2.2034105755675406], [-48.605703337505616, -2.202943230118947], [-48.605690698446836, -2.2028724294403794], [-48.605758458726804, -2.202809283652208], [-48.60594588789212, -2.2028495074658903], [-48.60603431465536, -2.2026723078035055], [-48.60608088485728, -2.2025603772156304], [-48.60613687491438, -2.20235979052867], [-48.606188292868815, -2.2021171942309716], [-48.60623012700245, -2.2020659258043955], [-48.606371068963966, -2.201832615129572], [-48.60525697811717, -2.201376585569806]]]}, "properties": {"id": 31, "Parcela": "B-122", "ANO": 2002, "Ha": 19.11, "PLANTAS": 2971, "VARIEDADE": "PB-123", "Rot_labels": -15}}, {"type": "Feature", "geometry": {"type": "Polygon", "coordinates": [[[-48.60785458349208, -2.2074995572608875], [-48.60796091215356, -2.2076646993766813], [-48.61211872035627, -2.20916666908515], [-48.612147779420056, -2.2090758737025644], [-48.61217110204071, -2.208996573578974], [-48.61220369554006, -2.20892195537357], [-48.6122362964888, -2.2088426702441044], [-48.61225495755196, -2.2087773633689713], [-48.61227362606598, -2.2087073895718996], [-48.61233879809971, -2.2085674869668788], [-48.61239008987025, -2.208404227248268], [-48.61249255408337, -2.2081523784982573], [-48.61256716830674, -2.2079098185670816], [-48.612613768634574, -2.2077792197392325], [-48.61265106825491, -2.2076626066741905], [-48.612503744872065, -2.2074575846807747], [-48.612594057370494, -2.2073834938343606], [-48.612781471555536, -2.2073454658604432], [-48.61289879879611, -2.2069926429001465], [-48.60859007354898, -2.2053968486036677], [-48.60831711565562, -2.2053641412493663], [-48.60816149605076, -2.2052894557123874], [-48.60799007077656, -2.2053542785834055], [-48.607908952851815, -2.2053121451505553], [-48.607585204454736, -2.2061423326328304], [-48.60750809141904, -2.20649689346426], [-48.60760072511694, -2.20659038168871], [-48.60770262219796, -2.206693218743417], [-48.607823105741, -2.2067774182170523], [-48.60790644625316, -2.2068802252573394], [-48.607859801006946, -2.20703882494771], [-48.60777602760191, -2.207206698363753], [-48.60773872031917, -2.207327977806896], [-48.607722341456636, -2.2074166227065235], [-48.60785458349208, -2.2074995572608875]], [[-48.60359836086144, -2.205825527725656], [-48.604157191140956, -2.206035704380048], [-48.60420254672505, -2.2059548946269274], [-48.604147359409446, -2.205899197993139], [-48.60401185918821, -2.205787764026733], [-48.604006995921125, -2.205686652115195], [-48.6039281875352, -2.2055460479326254], [-48.60394096891797, -2.2053795796147253], [-48.60437365633435, -2.2054767659448555], [-48.60444599006164, -2.2054488816655424], [-48.60459620144467, -2.2050734426781435], [-48.60467673638493, -2.204813186655928], [-48.60452902207507, -2.204779318843624], [-48.60447719576938, -2.204552886352945], [-48.604519022602446, -2.204506285009022], [-48.604537720962966, -2.204417644069791], [-48.604649515415865, -2.2041331437605796], [-48.60468213859523, -2.2040398584352254], [-48.60470545365384, -2.2039652256666136], [-48.60483918139245, -2.203787243065025], [-48.6044173141651, -2.2036349042896175], [-48.60398511193952, -2.204762100312113], [-48.60386396428471, -2.2050932542636423], [-48.6038080332773, -2.2052565052823057], [-48.60366362253778, -2.205629623563847], [-48.60359836086144, -2.205825527725656]]]}, "properties": {"id": 30, "Parcela": "B-121", "ANO": 2002, "Ha": 15.79, "PLANTAS": 2430, "VARIEDADE": "PB-123", "Rot_labels": -15}}, {"type": "Feature", "geometry": {"type": "Polygon", "coordinates": [[[-48.61208428343105, -2.2092333223656313], [-48.60808135359145, -2.2077495402483716], [-48.60745051436733, -2.207689197207297], [-48.607399476242136, -2.207693781482024], [-48.60737169360841, -2.207661068089086], [-48.60734403044663, -2.2075536842480714], [-48.607274540267774, -2.2074929018376435], [-48.60721429852652, -2.207450802063526], [-48.607135500194396, -2.207408672244216], [-48.607052077655645, -2.207357201109657], [-48.60675576547475, -2.207245580300067], [-48.60662535821769, -2.207305174062944], [-48.60651203429299, -2.207252768416915], [-48.606092819931696, -2.207011967002588], [-48.60582634230596, -2.2071025291406032], [-48.605586085125104, -2.2073688273707996], [-48.60551172433484, -2.207452711249292], [-48.60543270197348, -2.207550588286905], [-48.605358318742965, -2.207648472826857], [-48.60531641697931, -2.2077417430859816], [-48.60526520702061, -2.2078536658838304], [-48.60523269564155, -2.2078769477293387], [-48.60518622945675, -2.2079235414930047], [-48.60514435008696, -2.208002811040217], [-48.605111726570804, -2.2080960963080027], [-48.60506515570785, -2.2082080265889967], [-48.604985908941124, -2.208445910373585], [-48.60491130125798, -2.2086838016485157], [-48.604869369466265, -2.208795739409303], [-48.604864543347134, -2.2089124042477204], [-48.60484292631168, -2.2090371449865027], [-48.60891192435816, -2.2105430511419284], [-48.6089166382422, -2.210496389576075], [-48.608916765261505, -2.2104170521356252], [-48.60892153144028, -2.210337722211096], [-48.60893095919079, -2.210244399076635], [-48.60897291337223, -2.2101184601881223], [-48.60901012379348, -2.210057850496448], [-48.609033431659455, -2.209987884439749], [-48.60906606266287, -2.2098899319556233], [-48.60909867124904, -2.2098059801927477], [-48.60921477729279, -2.2097268305702937], [-48.60929465017267, -2.209648391778062], [-48.609552659615176, -2.2096503810027692], [-48.609794339572964, -2.2098450907545333], [-48.60997001782727, -2.209971755782564], [-48.61007784638725, -2.2101046299940386], [-48.61010931477095, -2.2102416406678294], [-48.610137082572685, -2.210283687951209], [-48.6101042872829, -2.2104843125972016], [-48.61003626984918, -2.210963950697944], [-48.61065905815715, -2.211172223634158], [-48.611016664199326, -2.210099303207578], [-48.61139054204349, -2.210186374729576], [-48.611601465503824, -2.210270127344812], [-48.61171444538599, -2.2102582396783275], [-48.611765677765746, -2.2101323154671264], [-48.611797486918846, -2.209947052441623], [-48.6119631564257, -2.2095604526760444], [-48.61208428343105, -2.2092333223656313]], [[-48.603620444006765, -2.205882783196054], [-48.603382795725516, -2.206452876679378], [-48.603261729692875, -2.2067326944975916], [-48.60318711473295, -2.206975252371937], [-48.60315913784588, -2.207063878122436], [-48.603165134689526, -2.2071084048149383], [-48.60327591244086, -2.207054969388105], [-48.60339585335088, -2.206989591540536], [-48.60344699598895, -2.206919670935059], [-48.60345254965783, -2.20683667127391], [-48.603534662539424, -2.206762568138614], [-48.60364552614853, -2.206655517699804], [-48.60372116097322, -2.2066354343491863], [-48.60378622098268, -2.206565536260021], [-48.603801611919586, -2.206470180020905], [-48.60390013676602, -2.2063878549471987], [-48.603981371078845, -2.206374509501282], [-48.60403714532125, -2.2063092632312364], [-48.6040883177855, -2.2062206749765823], [-48.60413668223319, -2.2060857073285445], [-48.603620444006765, -2.205882783196054]]]}, "properties": {"id": 6, "Parcela": "A-124", "ANO": 2002, "Ha": 17.66, "PLANTAS": 2692, "VARIEDADE": "PB-132", "Rot_labels": -15}}, {"type": "Feature", "geometry": {"type": "Polygon", "coordinates": [[[-48.60688282568667, -2.217292692772172], [-48.60437918048141, -2.216350570423991], [-48.60428382862679, -2.2164045729914266], [-48.604200271074724, -2.2164371053092276], [-48.60413988683611, -2.2164836760524187], [-48.60407018672378, -2.216553566140712], [-48.60399114069855, -2.2166654431316455], [-48.60395393726327, -2.2167213853972507], [-48.603898102066935, -2.216823966350722], [-48.60377727345939, -2.216954442872149], [-48.6038806840345, -2.2171047244301025], [-48.604349069998065, -2.217592208277654], [-48.60483094873088, -2.2179266364193535], [-48.6048910717417, -2.2180379488182207], [-48.6049259704187, -2.2180857043677147], [-48.605018753912496, -2.21808585546312], [-48.60511162752504, -2.218030003815782], [-48.60510922278236, -2.217964566695487], [-48.605273258575195, -2.2179359640947096], [-48.605443839991715, -2.2180388488937353], [-48.6055544831261, -2.217983421756285], [-48.605855208611715, -2.21806888726655], [-48.6060114476118, -2.2181434745923023], [-48.60615723500673, -2.2181512248073916], [-48.606383644088794, -2.2179797161883767], [-48.606419153572105, -2.217772510372463], [-48.60658002403436, -2.2177323304576975], [-48.606700806924096, -2.217621312340552], [-48.60687538549434, -2.2174915128419292], [-48.60688282568667, -2.217292692772172]], [[-48.60408908871823, -2.216338919348742], [-48.60406389154339, -2.216241633112989], [-48.602485034373835, -2.2156383482367357], [-48.60096612128506, -2.215099541780165], [-48.60085708923999, -2.2154049431613365], [-48.60075936647257, -2.2155914596260615], [-48.6007964646644, -2.215600853862135], [-48.60283631912908, -2.2164582189464204], [-48.60286879326582, -2.216458271837775], [-48.60292438059661, -2.216509698267719], [-48.602961411279146, -2.2165610944761656], [-48.60303089357427, -2.2166265442410293], [-48.60305864593435, -2.216677925341949], [-48.603281130537596, -2.2167996271156625], [-48.603341394618674, -2.216827726671273], [-48.60340171878882, -2.21681849111529], [-48.603452749609026, -2.2168185742238613], [-48.60347588535421, -2.2168559471135554], [-48.60368682281803, -2.216923843263527], [-48.60375419027054, -2.216884401746191], [-48.60384052954178, -2.2165808809272223], [-48.60394039516797, -2.2164880181964066], [-48.60397750849804, -2.216488078616597], [-48.60403320852461, -2.216469501680557], [-48.604047208603575, -2.216418188534063], [-48.60408908871823, -2.216338919348742]]]}, "properties": {"id": 332, "Parcela": "Z-124", "ANO": 2002, "Ha": 6.49, "PLANTAS": 970, "VARIEDADE": "PB-132", "Rot_labels": -15}}, {"type": "Feature", "geometry": {"type": "Polygon", "coordinates": [[[-48.600886415410855, -2.20243529970865], [-48.60086074342802, -2.202533262883655], [-48.60081896153665, -2.2025518627747314], [-48.60077711988181, -2.202607797710175], [-48.6007027446689, -2.2027010150764728], [-48.6006979486608, -2.2027990120523713], [-48.6006745887217, -2.2029016458419535], [-48.600637348794045, -2.202980922674911], [-48.60054443202982, -2.203064776173726], [-48.60051644041889, -2.2031627355465555], [-48.60045130599649, -2.2032793022861785], [-48.60039548715569, -2.2033725496524785], [-48.600358157484905, -2.203507829000878], [-48.600357985559, -2.203615167225624], [-48.6003671068045, -2.20371318673211], [-48.60036696476663, -2.2038018574398563], [-48.60039927409952, -2.203904581431627], [-48.60040377116654, -2.2039932596623597], [-48.60040365154269, -2.204067929733787], [-48.600435960864864, -2.2041706537334953], [-48.60048217257975, -2.2042827340622204], [-48.60050049724988, -2.204427437422574], [-48.600518821908594, -2.204572140786342], [-48.600537154034285, -2.2047121772736515], [-48.60356476825524, -2.2057998053282453], [-48.603581053787906, -2.2057694968521897], [-48.60370219422645, -2.2054430099462534], [-48.60375343011172, -2.205314753118975], [-48.60381631609295, -2.205153846828546], [-48.603848939395654, -2.2050605616042493], [-48.60387230683486, -2.2049532606736233], [-48.603902606818274, -2.2048623051284175], [-48.604362317479335, -2.203620212104962], [-48.60118891284876, -2.2024218056186053], [-48.600886415410855, -2.20243529970865]], [[-48.595509158414664, -2.201216728329252], [-48.595141149221995, -2.2022626419999054], [-48.59499749674563, -2.2026533620849498], [-48.59612801118807, -2.203052946077505], [-48.59616994273681, -2.2029410090993027], [-48.59617473155031, -2.2028476793302385], [-48.59621899778804, -2.2027790716274867], [-48.59619041258668, -2.2027089135806417], [-48.59620698983766, -2.2025975866928342], [-48.59618658411679, -2.202539814569194], [-48.596198563252635, -2.202451033449894], [-48.59624977292439, -2.2023391115014106], [-48.596277352101964, -2.2021811551923545], [-48.596361365657295, -2.2021806187476303], [-48.596421748730656, -2.2021340479460525], [-48.596454319671906, -2.202073431378267], [-48.59648232633041, -2.201966138619136], [-48.59652424278226, -2.201863535299148], [-48.59652810597756, -2.201760892073873], [-48.59657098533002, -2.2016442678362576], [-48.59662226969157, -2.2014856771464975], [-48.59666422348429, -2.201359739462668], [-48.596673613856694, -2.201289751508207], [-48.59670276783651, -2.2011226161665167], [-48.595979140630455, -2.2011315528783024], [-48.595509158414664, -2.201216728329252]], [[-48.59681328778866, -2.2027101203792108], [-48.5967359352157, -2.202927927145206], [-48.59672654475207, -2.202997915090541], [-48.596675424840285, -2.2030538346686552], [-48.59667995166673, -2.2031238451989825], [-48.59661032774346, -2.203147066582681], [-48.59658702744817, -2.2032123650614888], [-48.5966240973919, -2.203258138161556], [-48.59794072121673, -2.2037909218912795], [-48.59804712053237, -2.203645331223347], [-48.59777703811099, -2.203335576518171], [-48.59727626871077, -2.2030571099829177], [-48.59681328778866, -2.2027101203792108]]]}, "properties": {"id": 34, "Parcela": "B-131", "ANO": 2002, "Ha": 13.76, "PLANTAS": 2059, "VARIEDADE": "PB-123", "Rot_labels": -15}}, {"type": "Feature", "geometry": {"type": "Polygon", "coordinates": [[[-48.59045324550672, -2.189297492844488], [-48.59033204137634, -2.1896659785988253], [-48.59018824674524, -2.189840315119439], [-48.59006212676706, -2.190197563666388], [-48.58995645754805, -2.1902392970052658], [-48.58996568019465, -2.19031407901818], [-48.5899435813372, -2.1903537115365723], [-48.58992494123368, -2.1904061835054507], [-48.58989233490661, -2.190544672711732], [-48.59803504772078, -2.1935525289866953], [-48.5980221080757, -2.1935145760533654], [-48.59809674661108, -2.1932556845291242], [-48.598147962596734, -2.1931390951270067], [-48.598171336677154, -2.19302712764303], [-48.59820392932757, -2.192952510115834], [-48.59825044663767, -2.192873248181311], [-48.598264490425365, -2.1927939338131246], [-48.59825994813529, -2.192733256977154], [-48.59825078910361, -2.1926585720339955], [-48.59830199012414, -2.192551316335914], [-48.59837191117368, -2.1923414193695736], [-48.598432494493196, -2.192168842391714], [-48.59844192892202, -2.192070853022746], [-48.59846522102453, -2.1920102210991774], [-48.59847920521386, -2.19196824169552], [-48.59848859497735, -2.1918982535631093], [-48.59849800705927, -2.191814264808569], [-48.59854037269627, -2.191632211374894], [-48.59056056914429, -2.1891085453806953], [-48.59045324550672, -2.189297492844488]]]}, "properties": {"id": 66, "Parcela": "C-141", "ANO": 2001, "Ha": 18.67, "PLANTAS": 3618, "VARIEDADE": "PB-141", "Rot_labels": -15}}, {"type": "Feature", "geometry": {"type": "Polygon", "coordinates": [[[-48.59253634960639, -2.1833716074343728], [-48.59252674459303, -2.183576934044024], [-48.59250792095056, -2.183744910868434], [-48.59252174884415, -2.1838009355412416], [-48.59254948638358, -2.1838616494992142], [-48.59260968224597, -2.183931749505148], [-48.598850170235856, -2.186242569889805], [-48.598865514624784, -2.1861172827576203], [-48.59880561607554, -2.1858644271993115], [-48.59866040444604, -2.1855406618404687], [-48.59866056516987, -2.1854395584406157], [-48.59857583066942, -2.1850046764131057], [-48.59846563351859, -2.1847820711362003], [-48.59836964645536, -2.184547825663775], [-48.59783220677131, -2.184112940997036], [-48.59762749846721, -2.1841235495283526], [-48.597476924509884, -2.1840120933915803], [-48.59742692334766, -2.183855302431171], [-48.59732665589138, -2.1837085409890045], [-48.597246295713866, -2.183683135846056], [-48.597286809204135, -2.1834860490701287], [-48.59708628235389, -2.1831874711007804], [-48.597061342012836, -2.183071161918307], [-48.596634769781964, -2.1827216687671727], [-48.596614982984015, -2.18252448510326], [-48.596258231037616, -2.1825087458760124], [-48.596223160372, -2.182442972211074], [-48.59600728564134, -2.182316245691278], [-48.59573081357174, -2.182376463090992], [-48.595348729564414, -2.1826667715244255], [-48.59528372375452, -2.1827040019317843], [-48.595102124655455, -2.1827293136042956], [-48.59503140473602, -2.1829617376022914], [-48.594949253347664, -2.1829928099047238], [-48.594898149775545, -2.183039396391771], [-48.59486560975092, -2.183081345879865], [-48.59446170222047, -2.1832767043330272], [-48.594401313145454, -2.1833279426974452], [-48.59355839351975, -2.183389055164011], [-48.59322683966077, -2.1833278591399745], [-48.592619978370685, -2.183292405467963], [-48.59253634960639, -2.1833716074343728]]]}, "properties": {"id": 354, "Parcela": "C-144(2)", "ANO": 2000, "Ha": 13.26, "PLANTAS": 2033, "VARIEDADE": "PB-141", "Rot_labels": -15}}, {"type": "Feature", "geometry": {"type": "Polygon", "coordinates": [[[-48.60321804591537, -2.1846628457559905], [-48.60302775661331, -2.1852786030930167], [-48.60438805215306, -2.185775695574049], [-48.6048402272544, -2.184585047203913], [-48.60243977749005, -2.1837846860075207], [-48.60215323817413, -2.1836910203294138], [-48.60198731564905, -2.183751416332378], [-48.602512838239875, -2.1842467175437887], [-48.60304550289479, -2.1844290389414343], [-48.60321217530509, -2.184541993299099], [-48.60321804591537, -2.1846628457559905]]]}, "properties": {"id": 90, "Parcela": "D-141", "ANO": 2002, "Ha": 2.91, "PLANTAS": 416, "VARIEDADE": "PB-123", "Rot_labels": -15}}, {"type": "Feature", "geometry": {"type": "Polygon", "coordinates": [[[-48.59273831951238, -2.184014574010998], [-48.592642783748786, -2.1842654837730153], [-48.59264377996878, -2.184368156430297], [-48.592662217142234, -2.1844428560079807], [-48.592689880332834, -2.1845502385236273], [-48.592666432415044, -2.1847088741673377], [-48.5927384539116, -2.184791886365076], [-48.59286117926964, -2.1849570524391035], [-48.59256859641172, -2.1849700609046727], [-48.59256845512565, -2.1850587311246885], [-48.592582327598656, -2.1850867546895723], [-48.59256130323171, -2.1851800580983856], [-48.59254267274142, -2.1852266967089338], [-48.5925332942801, -2.185289684268769], [-48.59249141284898, -2.1853712868668507], [-48.592447115199235, -2.1855135548094378], [-48.59241915827897, -2.1855905129891564], [-48.59240521886936, -2.1856044910989456], [-48.592363434113864, -2.18562542458748], [-48.59232629582831, -2.185641698704357], [-48.59230769320952, -2.1856708365994955], [-48.59225990693528, -2.185818932459393], [-48.592197038203885, -2.1859705041197794], [-48.59215975481215, -2.1860777818391495], [-48.59213880103677, -2.186126750101161], [-48.59212248629066, -2.186175725847375], [-48.592106160379444, -2.186231701870268], [-48.59209915345975, -2.186262025178725], [-48.59828396416849, -2.18857976808984], [-48.59842845855867, -2.1881506474359207], [-48.599040980961945, -2.186375379497185], [-48.59273831951238, -2.184014574010998]]]}, "properties": {"id": 68, "Parcela": "C-143(2)", "ANO": 2000, "Ha": 18.86, "PLANTAS": 2886, "VARIEDADE": "PB-141", "Rot_labels": -15}}, {"type": "Feature", "geometry": {"type": "Polygon", "coordinates": [[[-48.6051810979419, -2.201371490035381], [-48.59873196114385, -2.198943606678841], [-48.598663750603656, -2.1991415433598296], [-48.59866363862244, -2.199211546466647], [-48.598677339400425, -2.1993469083383017], [-48.59867721247696, -2.199426245193265], [-48.59867706314935, -2.1995195826695353], [-48.59868617707354, -2.1996222689165092], [-48.59871392204711, -2.199678316472826], [-48.59875090041154, -2.1997623802987167], [-48.59873687111234, -2.19983236087311], [-48.59870889464657, -2.1999209864041602], [-48.59866236178396, -2.200009581879207], [-48.59863904680365, -2.2000842142925685], [-48.598629656578396, -2.2001542023701144], [-48.598615589905364, -2.2002475173005274], [-48.59858744906556, -2.2004388140282605], [-48.59860129166027, -2.2004855053071246], [-48.598638284926324, -2.2005602354027625], [-48.59861496990678, -2.2006348678044736], [-48.59858236921242, -2.200714152045411], [-48.59856368580822, -2.2007934588296654], [-48.598545024812296, -2.2008587649916134], [-48.59852633392465, -2.2009427386443026], [-48.598507530945454, -2.2010967153913352], [-48.59850744127521, -2.2011527178688675], [-48.59846554739019, -2.2012413207987165], [-48.59843757827029, -2.2013252794035467], [-48.59967049538928, -2.201810133006325], [-48.59968945615482, -2.2017519946007442], [-48.599740575970024, -2.2016960747446013], [-48.599814816608266, -2.2016868612331395], [-48.59987041118099, -2.2017336201908724], [-48.59985641915676, -2.2017802664228534], [-48.599805276922446, -2.2018501869171847], [-48.600959727909135, -2.2022814109679913], [-48.60098296081258, -2.202258114127633], [-48.60100626093133, -2.2021928153512715], [-48.60104134756957, -2.2020775238620462], [-48.60118277868717, -2.2020484274878327], [-48.60122004092477, -2.2019551499357375], [-48.601266581375775, -2.2018618873997933], [-48.60129924181157, -2.201745267910412], [-48.60134100874678, -2.2017360017399117], [-48.601336317374255, -2.2017686624091066], [-48.6013223029807, -2.201829309353108], [-48.60129899542676, -2.2018992750388136], [-48.60128032697955, -2.2019692482331474], [-48.60132667330103, -2.201997324643623], [-48.60133589179169, -2.2020346747287562], [-48.6012986818211, -2.2020952841108277], [-48.60127541905319, -2.2021372484946946], [-48.601247584378044, -2.2021372034221374], [-48.60119182541701, -2.2021931158629244], [-48.60122424693034, -2.2022258366268628], [-48.60121485668567, -2.2022958248372353], [-48.60118694732641, -2.2023424485829346], [-48.60112198481022, -2.20235167716323], [-48.60439916074858, -2.2035614768278213], [-48.60453973218602, -2.203159916223893], [-48.60473543333019, -2.202623538577667], [-48.60494037512434, -2.20211051022457], [-48.605010319853506, -2.2018866117507865], [-48.605117452059275, -2.2016161042798825], [-48.6051810979419, -2.201371490035381]]]}, "properties": {"id": 35, "Parcela": "B-132", "ANO": 2002, "Ha": 18.84, "PLANTAS": 2873, "VARIEDADE": "PB-123", "Rot_labels": -15}}, {"type": "Feature", "geometry": {"type": "Polygon", "coordinates": [[[-48.62537941168095, -2.1886856806180983], [-48.628893914798724, -2.1899657526816174], [-48.6290347349975, -2.189584794694094], [-48.62907887168366, -2.189466958615992], [-48.629204059270236, -2.189166967000877], [-48.62896223215704, -2.189108141316292], [-48.628874329621205, -2.1891080014500077], [-48.62859114995542, -2.189068248740861], [-48.628522789061385, -2.1890632271924093], [-48.62843976230318, -2.189068007823529], [-48.6280309796965, -2.188978054394607], [-48.62753857447969, -2.188939355904687], [-48.627145144444704, -2.188866301001034], [-48.627018020693015, -2.18887368152445], [-48.62665811997065, -2.188809044203707], [-48.62586682665571, -2.1887016229486496], [-48.62539458260611, -2.1886250414108606], [-48.62537941168095, -2.1886856806180983]]]}, "properties": {"id": 86, "Parcela": "D-113", "ANO": 2001, "Ha": 2.12, "PLANTAS": 328, "VARIEDADE": "PB-121", "Rot_labels": -15}}, {"type": "Feature", "geometry": {"type": "Polygon", "coordinates": [[[-48.62811654057312, -2.192285930907097], [-48.62728665081409, -2.194465006832016], [-48.62804317301795, -2.1947315031524823], [-48.6281020924859, -2.1945301740380656], [-48.627898023846555, -2.1938715387308343], [-48.627947454947, -2.1934933351466825], [-48.62807005303071, -2.1931692885619762], [-48.62814856806584, -2.1929286885391703], [-48.628280847788986, -2.1926586976343985], [-48.62831279936653, -2.1925261040409922], [-48.62835758126234, -2.1923924762408586], [-48.62811654057312, -2.192285930907097]]]}, "properties": {"id": 82, "Parcela": "D-101", "ANO": 2001, "Ha": 1.13, "PLANTAS": 175, "VARIEDADE": "PB-121", "Rot_labels": -15}}, {"type": "Feature", "geometry": {"type": "Polygon", "coordinates": [[[-48.59004599570111, -2.2161088819394177], [-48.59070513877017, -2.216183650284362], [-48.5913390761425, -2.2163108896928114], [-48.591638854478646, -2.2164359043350315], [-48.59201464828736, -2.2165789854419455], [-48.59351304491529, -2.2170874376387535], [-48.59359624597426, -2.2169745831252583], [-48.59369406557897, -2.216881403036898], [-48.59378704935901, -2.2167587392110524], [-48.593899662112406, -2.2165771558292873], [-48.5939780669502, -2.216410254395929], [-48.59404170241674, -2.216317018337292], [-48.59408090481328, -2.216233567603287], [-48.59411035619458, -2.2161402756533946], [-48.59413005655926, -2.2160371424895557], [-48.594139958305746, -2.2159536438543164], [-48.594179208265935, -2.2158407173594887], [-48.594247727103124, -2.2157474892307696], [-48.59433654932404, -2.2155841334250286], [-48.59442711161893, -2.215516036655188], [-48.59453055902626, -2.2152482818673276], [-48.59088011072512, -2.213842292089455], [-48.59071468049032, -2.2141598468743533], [-48.59058216920771, -2.21456737793128], [-48.59004599570111, -2.2161088819394177]]]}, "properties": {"id": 333, "Parcela": "Z-133", "ANO": 2002, "Ha": 10.18, "PLANTAS": 1557, "VARIEDADE": "PB-123", "Rot_labels": -15}}, {"type": "Feature", "geometry": {"type": "Polygon", "coordinates": [[[-48.577719952612924, -2.2365767316297287], [-48.5776149504735, -2.2365814698213606], [-48.57751726544623, -2.2365911327323222], [-48.5774147453584, -2.236571312157254], [-48.577336658627765, -2.23654170701277], [-48.57722933574864, -2.2364727527150947], [-48.57718550570688, -2.2363989913075604], [-48.5770978053141, -2.2362760313027734], [-48.57701975086984, -2.2362267759263474], [-48.57692207397127, -2.23623152625952], [-48.57686837224192, -2.236221611913771], [-48.5768097790105, -2.236216602014013], [-48.57670716223732, -2.2362557321310708], [-48.57667304266553, -2.2362163748768644], [-48.57660476320575, -2.236162223163087], [-48.57653151160451, -2.2361621014767303], [-48.576458251942555, -2.236166892344391], [-48.57640936915682, -2.2361962865605247], [-48.576365353679314, -2.2362355140008976], [-48.57630684112465, -2.2361813785108846], [-48.576253147490846, -2.236166551592048], [-48.57620914008171, -2.2362008664673643], [-48.57616511653917, -2.2362450064523145], [-48.57610640234558, -2.236313684871764], [-48.57607212147396, -2.2363725787448936], [-48.57603784059793, -2.2364314726141568], [-48.57600343870446, -2.236564054819583], [-48.575900725118075, -2.2366621354971774], [-48.575827312154686, -2.2367602648551514], [-48.57577837286175, -2.236824046900694], [-48.57572448556526, -2.2369271212616706], [-48.575690156225605, -2.23701549042196], [-48.57565586723062, -2.2370792968033952], [-48.57564595507525, -2.237167706549518], [-48.57563604291304, -2.237256116294157], [-48.57562616303079, -2.2373248758190805], [-48.57558205062706, -2.237423053828346], [-48.5755479149762, -2.2373935216602177], [-48.57550410931185, -2.237305022602678], [-48.575450197735435, -2.2374228345743936], [-48.57539636687362, -2.2374915209973616], [-48.57534743559261, -2.237550390427292], [-48.57528381361682, -2.2376337982519154], [-48.57522015933384, -2.237736856278015], [-48.57520050445178, -2.2378105120820067], [-48.575190551843875, -2.2379234845536145], [-48.57527342498881, -2.2380120486076542], [-48.57594568472844, -2.2390202434003927], [-48.57647200685426, -2.2396843160569846], [-48.57651597407189, -2.2396745640706524], [-48.57659904121138, -2.2396452268511977], [-48.57666261492674, -2.239591294333958], [-48.5767017471511, -2.2395520588629925], [-48.57678969774079, -2.239522729745142], [-48.57696063472216, -2.2395131889518702], [-48.57706818372861, -2.2394445918239465], [-48.57718060003527, -2.239385827919311], [-48.57726860714751, -2.239322110828163], [-48.57726376406138, -2.239297539904537], [-48.57723450371078, -2.2392729283739157], [-48.57717104304656, -2.239258085113175], [-48.57712711619553, -2.239243274338085], [-48.57710764697521, -2.2392039413722458], [-48.57710281196403, -2.239174457891571], [-48.57712245879755, -2.2391057145389106], [-48.57721045780607, -2.2390469099957317], [-48.57724961421855, -2.238992936796836], [-48.57728380645461, -2.23898808107876], [-48.57735704209318, -2.238998028002573], [-48.57738639123827, -2.238968601357342], [-48.577445033025136, -2.238944135988959], [-48.577503650598544, -2.2389344083000307], [-48.57758175355919, -2.23895418845382], [-48.577648884897926, -2.2389641252143275], [-48.577755051587545, -2.2389937771712436], [-48.57780399911053, -2.2389250824837985], [-48.57784316358032, -2.2388661966789707], [-48.57798987699559, -2.238738713569717], [-48.578214822464936, -2.2385524095051608], [-48.578332073767506, -2.2385231288880583], [-48.57852725062317, -2.238621704779662], [-48.57871291873019, -2.238563062340458], [-48.57898663422408, -2.2384161396930162], [-48.57909432830842, -2.2382591160147434], [-48.57917294737218, -2.237964491749794], [-48.579222281738794, -2.23765999365607], [-48.57916406719679, -2.2374240931086256], [-48.57905677630835, -2.2373354885142285], [-48.57892977429345, -2.237354927958192], [-48.57883205687803, -2.2373842411756795], [-48.57874417086174, -2.23737427007417], [-48.57866606787897, -2.2373544900568567], [-48.57854884892056, -2.2373641205492474], [-48.57849016688316, -2.2374131488764704], [-48.578363164906385, -2.2374325882555124], [-48.57827540793037, -2.2373440160981946], [-48.578187796094156, -2.237167017796245], [-48.57809995851228, -2.2371275712930503], [-48.57797308560506, -2.2370684096489626], [-48.577953713068965, -2.236970125943012], [-48.57795390656736, -2.236852224428674], [-48.577875981029784, -2.236724368028641], [-48.577719952612924, -2.2365767316297287]]]}, "properties": {"id": 331, "Parcela": "W-142", "ANO": 2003, "Ha": 10.06, "PLANTAS": 664, "VARIEDADE": "PB-123", "Rot_labels": -15}}, {"type": "Feature", "geometry": {"type": "Polygon", "coordinates": [[[-48.57511824651445, -2.2380903915219705], [-48.575015540797224, -2.238183559402041], [-48.574775557463965, -2.2386056406790935], [-48.57472173457437, -2.2386694144432013], [-48.57475564395579, -2.2388364980805346], [-48.57491631276127, -2.239131519413681], [-48.574969772064016, -2.2392888104939837], [-48.57493949345983, -2.239883180499794], [-48.574885209669766, -2.2402269696710344], [-48.5748504838212, -2.2405560536932976], [-48.57478208320082, -2.240575590019152], [-48.57475748805705, -2.240683625472632], [-48.57474757559616, -2.2407720351231033], [-48.57470831390953, -2.2408898712640988], [-48.5746348599752, -2.241012562992759], [-48.57461992652511, -2.24118447785546], [-48.574609892679334, -2.241346575750491], [-48.574609690434215, -2.2414693895149376], [-48.57459981027061, -2.2415381489459287], [-48.57457527165936, -2.2416117965097304], [-48.574506806256885, -2.2416706331662555], [-48.57449197789497, -2.241778684850995], [-48.57454563921855, -2.2418131622394974], [-48.57467753286893, -2.2417888192513615], [-48.574696912946315, -2.2418821902743704], [-48.57475059046634, -2.2419068425625217], [-48.57481901543896, -2.2418725686526413], [-48.57485321578912, -2.241862800522336], [-48.5749118495847, -2.2418432479806967], [-48.57498514992022, -2.241813894746012], [-48.575087710527654, -2.2418091530928455], [-48.575151243959695, -2.2417797835685134], [-48.57521477739157, -2.241750414038621], [-48.57525879318573, -2.241711186849556], [-48.57536134571723, -2.241711357721589], [-48.57539549754287, -2.2417310648910473], [-48.575424798268735, -2.2417311137100455], [-48.575488331704896, -2.2417017441599123], [-48.57551283794295, -2.241647746747895], [-48.57557150409627, -2.2416085439443267], [-48.575654611781616, -2.2415546441474823], [-48.57567426690001, -2.2414809883705926], [-48.57564998709769, -2.241397434272433], [-48.57565498375799, -2.2413286666452934], [-48.57566486386804, -2.241259907151528], [-48.57569916932678, -2.2411862757701018], [-48.57574804428904, -2.2411617943310564], [-48.575792116645246, -2.2410881792063346], [-48.57581182023327, -2.240985048082848], [-48.57582179732408, -2.2408573379166614], [-48.57586594240299, -2.2407395097785288], [-48.57592956469765, -2.2406561020423816], [-48.57596873739108, -2.2405923038659634], [-48.57602749238051, -2.240499062870213], [-48.57606176544568, -2.2404450816641175], [-48.57613024691715, -2.2403764196908127], [-48.57616942766783, -2.2403077089347705], [-48.576208616492764, -2.240234085617115], [-48.5762576126141, -2.240135915766599], [-48.57630654408943, -2.240077046362113], [-48.57637013399527, -2.2400132887758346], [-48.576404463575756, -2.2399249196345914], [-48.57645838349983, -2.239802195090458], [-48.57627320817034, -2.239561171009206], [-48.57601985038233, -2.239207044426456], [-48.575795769118635, -2.2388677043454464], [-48.57554239532184, -2.2385234030409378], [-48.575254966723456, -2.2381004441014363], [-48.57511824651445, -2.2380903915219705]]]}, "properties": {"id": 330, "Parcela": "W-152", "ANO": 2003, "Ha": 4.9, "PLANTAS": 1509, "VARIEDADE": "PB-132", "Rot_labels": -15}}, {"type": "Feature", "geometry": {"type": "Polygon", "coordinates": [[[-48.592253856591284, -2.1929165534728705], [-48.59229283700659, -2.192970655505969], [-48.59235135870459, -2.1930198765397244], [-48.59234634177469, -2.193103383148346], [-48.59235113869817, -2.193157429855426], [-48.59239008768563, -2.1932311823708064], [-48.59241441803427, -2.1932852606998106], [-48.592507091813715, -2.193354187556651], [-48.59255095559743, -2.193408297510466], [-48.593070869289605, -2.1936891347776815], [-48.59316508823982, -2.193734653542278], [-48.59327136203802, -2.193932787444979], [-48.593369561913484, -2.1940525483793576], [-48.593409381988316, -2.194063067288914], [-48.59341927443054, -2.193984481142178], [-48.59337545773535, -2.1939008954286163], [-48.593360964784175, -2.1938026192758437], [-48.59335621498261, -2.1937190967977984], [-48.593370967198744, -2.193655256421006], [-48.59344418620274, -2.1936750254558337], [-48.593502676566565, -2.193743897006204], [-48.59354653255831, -2.193802919605406], [-48.59359525620333, -2.1938717753560137], [-48.59367814768461, -2.1939505116788407], [-48.59374151357415, -2.19402430377018], [-48.593800035385335, -2.194073524844289], [-48.59385855720112, -2.194122745920309], [-48.59391703188429, -2.194201442742401], [-48.593951113311476, -2.1942653621791908], [-48.59398031137334, -2.1943292737147746], [-48.593999750559256, -2.194388256820737], [-48.594121834723396, -2.194388454408853], [-48.59418626180975, -2.194184109762742], [-48.5940589008658, -2.194044467946623], [-48.59412397412934, -2.1938554232032548], [-48.593928147292836, -2.1934059517685864], [-48.59371963305697, -2.1930509325686747], [-48.59357663382583, -2.1927455099067483], [-48.593630120167894, -2.1926259944133193], [-48.59410054247085, -2.193527737907504], [-48.594113285502516, -2.193626981766287], [-48.59413266188646, -2.193725265865456], [-48.59416668050736, -2.193828486295505], [-48.59419580790605, -2.193936611453463], [-48.594278338133996, -2.1942413285472195], [-48.59433198447458, -2.1942856291010675], [-48.594375856228716, -2.194334826477627], [-48.59440507002661, -2.1943889127747607], [-48.59443920647005, -2.19441844384658], [-48.59449775975652, -2.1944480144308813], [-48.594585628969426, -2.194467807175508], [-48.5946638806907, -2.1943942442060953], [-48.59464447288668, -2.194315610573166], [-48.594615369030485, -2.194192747500957], [-48.59463627641067, -2.1940999645538226], [-48.59454724535186, -2.1940403454695847], [-48.59456692018191, -2.1939519497970514], [-48.59460118228155, -2.1939028788334585], [-48.59460624626135, -2.1937898963228473], [-48.59461643748505, -2.1936875114368783], [-48.59463712682082, -2.1935679428051107], [-48.5945676637306, -2.193423483096753], [-48.59456388046398, -2.1932255148943542], [-48.5945729891263, -2.192656388629733], [-48.59462229013432, -2.192590480976234], [-48.594651177971954, -2.1931758890767834], [-48.594694971251194, -2.19327421268935], [-48.59469476713504, -2.1934019409888323], [-48.59469457085826, -2.1935247566611724], [-48.5947236904727, -2.1936377944717167], [-48.59472353343715, -2.1937360470113907], [-48.594733127424306, -2.1938441406036358], [-48.594758411254126, -2.19390531640296], [-48.59490442543148, -2.1942101362928454], [-48.594927684725285, -2.1943308067073954], [-48.59508272813161, -2.1943563879017933], [-48.59538177534923, -2.1943708424166464], [-48.5954968378203, -2.19432818827863], [-48.59552820583011, -2.1944152930518803], [-48.59562379483043, -2.1944108778841884], [-48.59573027343118, -2.1944811617316837], [-48.596148182259334, -2.1945489371374833], [-48.596158121708385, -2.194440875025092], [-48.596161019142485, -2.1943045171190705], [-48.596103637340946, -2.1942961759032404], [-48.59557579859424, -2.193660193467751], [-48.595723346039236, -2.1936851773116497], [-48.59598114891167, -2.1939825375433784], [-48.59593409094801, -2.194062239141373], [-48.59612429916591, -2.1942148386740583], [-48.59615857696698, -2.1941559423607124], [-48.59619271348871, -2.194185473424598], [-48.59629156759523, -2.194306311708243], [-48.59631905597083, -2.194399876867763], [-48.59624102917882, -2.194509786122912], [-48.59624091928026, -2.1945785629768864], [-48.59642145502637, -2.1946721951852823], [-48.59647032018547, -2.194652623619445], [-48.59653391396521, -2.1945839494046306], [-48.59656819963356, -2.19452014044003], [-48.59662200310411, -2.194466188320581], [-48.59669044100313, -2.194422085147987], [-48.596744236619145, -2.1943730456495474], [-48.59679815778641, -2.1942454039938446], [-48.59682761497726, -2.194147198666178], [-48.596891169479996, -2.1941030875679837], [-48.59700839404254, -2.194088539094617], [-48.597091466358705, -2.1940542848206026], [-48.59717941420695, -2.194024951065568], [-48.59724288241495, -2.1940348789321305], [-48.5973258213783, -2.1940841394544326], [-48.5973893209742, -2.1940744167720934], [-48.597477284525624, -2.1940352577204174], [-48.597560341168176, -2.194010828679554], [-48.597638490904416, -2.194001129653304], [-48.59773129862254, -2.193986541654176], [-48.59779479822996, -2.193976818947024], [-48.597838936857386, -2.193858986636297], [-48.597863494905745, -2.1937705985918345], [-48.597863636055884, -2.193682171101367], [-48.59776529015619, -2.1934863906004813], [-48.58982482306364, -2.190586606164748], [-48.58973742019693, -2.1908049635385685], [-48.58968851608289, -2.1908490979698865], [-48.58961017047636, -2.1909816119183705], [-48.589497382094855, -2.191276186570616], [-48.589173996676024, -2.1919536044180616], [-48.588934044445466, -2.192370788286185], [-48.58887045874581, -2.1924345492904944], [-48.58881656105507, -2.192547452170093], [-48.58877606204918, -2.1926841223793736], [-48.59701967741375, -2.1957246361062226], [-48.59709860393606, -2.1957000335037438], [-48.59719412720401, -2.195528596011768], [-48.59718229654642, -2.195277681095372], [-48.59722155982012, -2.1951549283682534], [-48.59728526352333, -2.1950174772007593], [-48.597330894161345, -2.194846368228563], [-48.59721720227633, -2.19482577386476], [-48.59683150954856, -2.1947661985161857], [-48.596772916865476, -2.1947611911312515], [-48.5966752179209, -2.194780683744775], [-48.59656287669945, -2.194795240025181], [-48.59647975724299, -2.194858970010295], [-48.596425961594086, -2.1949080094700584], [-48.59637216594206, -2.194957048923958], [-48.59630375156209, -2.1949864141463973], [-48.59624025981644, -2.194991224099389], [-48.596162149351876, -2.1949763598244005], [-48.59609386060733, -2.194927122921802], [-48.59601087463193, -2.1949073381138193], [-48.59594739075482, -2.19490723542561], [-48.59585463018939, -2.1948923474449606], [-48.59580092877425, -2.194882435288441], [-48.59574722736189, -2.1948725231307615], [-48.595597241808825, -2.194848619779685], [-48.5954267294357, -2.1946360267652123], [-48.595313469352824, -2.194598347940948], [-48.59520541641219, -2.194719354673768], [-48.59513193806015, -2.194861702380989], [-48.59510236258427, -2.1948966913905585], [-48.59510633033707, -2.194979182043715], [-48.594856403991656, -2.1948839207444006], [-48.595019746187745, -2.194782918589668], [-48.59515540901815, -2.1946153671424287], [-48.59479385600579, -2.194458071936822], [-48.59465872240287, -2.194566178238867], [-48.59460495820945, -2.1945955670726547], [-48.59452678502593, -2.194620003761916], [-48.59438035466941, -2.194575553038741], [-48.59438042537344, -2.1945313394075945], [-48.59432187994889, -2.1944968561922504], [-48.59423399504282, -2.1944868886843025], [-48.594170511266675, -2.194486785939911], [-48.593996086923546, -2.194503101093632], [-48.59397014393491, -2.1945798017419276], [-48.593853084573226, -2.194491184801157], [-48.59379130305439, -2.1943790433889863], [-48.593680731660776, -2.1943046286782435], [-48.593545817586225, -2.1942499682703747], [-48.593492187015315, -2.1941958424702057], [-48.593320273971486, -2.194110207484935], [-48.593226753443496, -2.1940106812383253], [-48.593101777294336, -2.194033093547794], [-48.5928087913273, -2.1940227939552788], [-48.59273907493444, -2.1938863400977002], [-48.592397184744726, -2.1939201749643087], [-48.59226699778322, -2.1938597998595513], [-48.59248598874168, -2.1937415584940156], [-48.59243096403397, -2.193584759467377], [-48.59236586499047, -2.19344310961913], [-48.59223834999463, -2.19345200512274], [-48.592189626453056, -2.193383149411278], [-48.59219959749226, -2.193255437159205], [-48.592253856591284, -2.1929165534728705]]]}, "properties": {"id": 41, "Parcela": "B-144", "ANO": 2001, "Ha": 21.91, "PLANTAS": 3099, "VARIEDADE": "PB-141", "Rot_labels": -15}}, {"type": "Feature", "geometry": {"type": "Polygon", "coordinates": [[[-48.587685218203895, -2.1948989882303653], [-48.58759249216862, -2.1951427482840162], [-48.58751398225404, -2.195138829475], [-48.58732982272711, -2.1956036033924673], [-48.58724932499544, -2.1956641343494288], [-48.58721727636184, -2.1957613045456434], [-48.58711911270946, -2.1960706396744802], [-48.58701491898558, -2.1961262988756207], [-48.586693058687665, -2.1968191206360452], [-48.586664425157565, -2.1969483788174906], [-48.592791208253956, -2.1992648154526475], [-48.5950059681514, -2.2000747075274094], [-48.59523948973801, -2.2000266321526243], [-48.59531689178388, -2.1999993086857046], [-48.59534634169171, -2.1999060162551967], [-48.595429430154354, -2.199861937216317], [-48.59550268886684, -2.199857143365969], [-48.59556121870141, -2.19990145205292], [-48.59560019923703, -2.1999555543271283], [-48.595727606400615, -2.199866579387433], [-48.59582965563024, -2.199995227523483], [-48.595893076751736, -2.2000346315011035], [-48.59654350413079, -2.1998266598735166], [-48.59747388169988, -2.1997020977049555], [-48.59744903550382, -2.1995276538238357], [-48.59736438002175, -2.1992382268955795], [-48.5973111966793, -2.1991680290400564], [-48.59642097943414, -2.1982242807972767], [-48.596426101586744, -2.1981636270066414], [-48.5963508388534, -2.1980927326752333], [-48.59621519847871, -2.198069764701292], [-48.587685218203895, -2.1948989882303653]]]}, "properties": {"id": 39, "Parcela": "B-142", "ANO": 2001, "Ha": 28.57, "PLANTAS": 4588, "VARIEDADE": "PB-141", "Rot_labels": -15}}, {"type": "Feature", "geometry": {"type": "Polygon", "coordinates": [[[-48.58904013729172, -2.2004454810817506], [-48.58920357267687, -2.200788054925196], [-48.589314110468464, -2.2008830911620647], [-48.58962509317356, -2.201250650255018], [-48.58978058788742, -2.2014323677474947], [-48.59009189010671, -2.20136337475094], [-48.590159135546756, -2.201315501099394], [-48.59021150096623, -2.201152623219241], [-48.590363421742516, -2.2012526029851536], [-48.590543452766624, -2.2012273985032023], [-48.59059240995651, -2.2013759492154277], [-48.59072050279902, -2.201453967378641], [-48.59079747167867, -2.2013267922411854], [-48.590930645883674, -2.201356056527895], [-48.59092588877051, -2.2012774467857565], [-48.59096168933489, -2.2011827122554695], [-48.59108061877869, -2.201158160382038], [-48.591167520038326, -2.2011983035421383], [-48.59128956158729, -2.201245108189444], [-48.591769571202605, -2.201027305643591], [-48.59241441646038, -2.200775696413563], [-48.59249480932022, -2.2007808821503767], [-48.59256275958654, -2.200695503711306], [-48.59264108772026, -2.200437368872495], [-48.59247561552606, -2.2002237495831456], [-48.592556294357365, -2.2000429287436245], [-48.59233971639734, -2.1997027900442108], [-48.59233013878493, -2.1995848713577364], [-48.59240401945574, -2.19942595211583], [-48.59234898303902, -2.199276735594101], [-48.5921934739073, -2.1991096629441613], [-48.59211318655648, -2.199038760410662], [-48.586609036745394, -2.1969774301274145], [-48.58638565702533, -2.197423486030753], [-48.58633167972559, -2.197585514369601], [-48.586200742665945, -2.1977653676294087], [-48.586135816853364, -2.1979143406390746], [-48.58608672281056, -2.198076376861352], [-48.58599358382886, -2.198297292715008], [-48.58595929771659, -2.1983611008386794], [-48.58591532387339, -2.1983757671218247], [-48.58586630082738, -2.19849358994227], [-48.585817254069596, -2.198626150535318], [-48.58572905359212, -2.1988126860778143], [-48.58568021218484, -2.1988175192022035], [-48.585582158050975, -2.199058077336345], [-48.585537980728866, -2.199199242857812], [-48.58555489861875, -2.199212473024548], [-48.58843866270841, -2.2002684642247026], [-48.588504542741966, -2.200296818929418], [-48.58852651788781, -2.2002968546731383], [-48.58855261203547, -2.2002384785616176], [-48.58867562096658, -2.200226306053005], [-48.58875339473411, -2.2003006679993127], [-48.58895003807436, -2.2003875958523653], [-48.58904013729172, -2.2004454810817506]], [[-48.5928536728741, -2.199482288729279], [-48.5929539470367, -2.1996239959788095], [-48.59291885704831, -2.199702194986515], [-48.592918746737325, -2.1997709716670704], [-48.593031174654925, -2.2000361169587577], [-48.59322948212343, -2.2001501800031598], [-48.593498177007106, -2.200241609073009], [-48.59376199283522, -2.200242037261331], [-48.59387510181888, -2.2002637873333644], [-48.59394357949915, -2.200195121553675], [-48.59398274110872, -2.2001362334652224], [-48.59401219895949, -2.200038028532117], [-48.5940415859116, -2.199984037210923], [-48.59414462718151, -2.199787693336471], [-48.59295940581502, -2.1993535537283537], [-48.5928536728741, -2.199482288729279]], [[-48.594258853229476, -2.2000114092379484], [-48.594229470217, -2.200062944259111], [-48.594212311418346, -2.200104673837143], [-48.59419517624757, -2.200131665539985], [-48.59416584442673, -2.2001512684952838], [-48.594134047281784, -2.200185605360374], [-48.5941071177665, -2.2002297753961675], [-48.594092404590626, -2.200269052617001], [-48.59452954250996, -2.2002230918579877], [-48.59454914694012, -2.2001789099164983], [-48.59456875136798, -2.2001347279734484], [-48.5945914001101, -2.200074035037806], [-48.59456892507079, -2.1999880607393947], [-48.59440571983544, -2.199919551227842], [-48.594275104614866, -2.199896591079292], [-48.594258853229476, -2.2000114092379484]], [[-48.59408793502992, -2.202301327063117], [-48.5949155432395, -2.2026284837334256], [-48.595281651423406, -2.2017054732701573], [-48.59540910811117, -2.2014010963417574], [-48.59541409390692, -2.2013372400893227], [-48.59544281305327, -2.2011931097376105], [-48.595052377937016, -2.2010450969781172], [-48.59490268793943, -2.201024279712199], [-48.594758742440504, -2.2011118864964634], [-48.59447014174215, -2.2014110890277485], [-48.59446657395509, -2.2014241297750585], [-48.59438825056376, -2.2015419059388726], [-48.59428548655387, -2.2016743803147687], [-48.59408793502992, -2.202301327063117]]]}, "properties": {"id": 38, "Parcela": "B-141", "ANO": 2001, "Ha": 23.01, "PLANTAS": 3296, "VARIEDADE": "PB-141", "Rot_labels": -15}}, {"type": "Feature", "geometry": {"type": "Polygon", "coordinates": [[[-48.59385424517944, -2.2022516147404336], [-48.592804630758856, -2.201860662052963], [-48.592656438854696, -2.2019443854477596], [-48.59258346294797, -2.2019007439566414], [-48.59232202970035, -2.201981201643052], [-48.59216122765033, -2.2019809402952633], [-48.59206077509321, -2.2019504460784924], [-48.59186469208178, -2.202015844394302], [-48.591377131132695, -2.202095934234561], [-48.590939690919676, -2.2022569878207348], [-48.59072870340624, -2.2022162034443], [-48.59045224392164, -2.202266305279315], [-48.590277529132635, -2.202377741343118], [-48.590169976332106, -2.2024512557029396], [-48.59008687991168, -2.2025002467251253], [-48.590003767691144, -2.2025590629550766], [-48.589910888709944, -2.2026178632795106], [-48.58986685140802, -2.2026718304538693], [-48.58973492119487, -2.202720741957405], [-48.589642137015325, -2.202720590946762], [-48.58954451687114, -2.2026909563363777], [-48.58945167739693, -2.202725193566632], [-48.58939786543013, -2.2027840574143465], [-48.58931483221901, -2.20279374749057], [-48.58921223389589, -2.2028230561873947], [-48.5891341393883, -2.2027983659569914], [-48.589036384934765, -2.2028522456161697], [-48.5889973337345, -2.2028423568000495], [-48.58891728874626, -2.2029074242273405], [-48.59016728401458, -2.2033758550496394], [-48.59349088209138, -2.2046192450999946], [-48.59344346844323, -2.204485496193528], [-48.59348263824863, -2.204421695645226], [-48.593526770384365, -2.204308776813916], [-48.59355620495574, -2.2042253098847318], [-48.593600344959164, -2.2041074784162147], [-48.59358608149782, -2.2038667361092896], [-48.59356195651376, -2.2036849293951057], [-48.593527906902494, -2.2036013592504298], [-48.59351343032236, -2.203493257752226], [-48.5934991273235, -2.2032770785740974], [-48.59351877135685, -2.2032083336156782], [-48.593558019962344, -2.2030954068026003], [-48.5935874859905, -2.2029922893542953], [-48.5936414399646, -2.202844997976428], [-48.593685627129965, -2.202697690715294], [-48.5937494188198, -2.2025062015730517], [-48.59385424517944, -2.2022516147404336]], [[-48.58553320575929, -2.199225215426767], [-48.585416184760994, -2.1993425567765787], [-48.58534016544473, -2.1995081079516443], [-48.58527642104785, -2.1996701201368802], [-48.58524204787768, -2.199787966687738], [-48.58517418626816, -2.19983756572459], [-48.58512458655281, -2.1999498913616855], [-48.58509027659275, -2.200028437155708], [-48.585060834165255, -2.200116816081545], [-48.584881774418854, -2.2004335949445424], [-48.58481108729619, -2.2005487183852583], [-48.58479626323778, -2.2006567715068543], [-48.58474723987332, -2.200774594106709], [-48.584707967379785, -2.200902257791947], [-48.584575549406956, -2.201025809985981], [-48.584513636574265, -2.201246870991307], [-48.58779368966836, -2.2024490184717873], [-48.58791958434051, -2.2022824038160524], [-48.58810069758409, -2.2021512650236237], [-48.588301691436484, -2.2021566474117424], [-48.58847264072882, -2.2020962639901835], [-48.58867401676644, -2.201864055135925], [-48.58906026822825, -2.2016658870789416], [-48.58906042620288, -2.2015676349608637], [-48.58904102698959, -2.2014840888781078], [-48.58898747576858, -2.201380836756864], [-48.58896316948702, -2.2013120205516787], [-48.58890466381681, -2.2012529739433533], [-48.58882667995732, -2.201159507321276], [-48.588782911280234, -2.201046445901042], [-48.588734196053906, -2.200972677380134], [-48.588656251697145, -2.200854647754236], [-48.588627089691094, -2.200768629509681], [-48.588573463465195, -2.2007120471722885], [-48.588544230387015, -2.200670242371099], [-48.58851257536879, -2.200616152089052], [-48.588466309736305, -2.2005374749573323], [-48.58847495236157, -2.2004773094623067], [-48.588483533786615, -2.2004552166465245], [-48.58848358708723, -2.2004220565703045], [-48.58848729698935, -2.2003925869045995], [-48.58849224155029, -2.2003545221676957], [-48.58852136965944, -2.200308086016574], [-48.58553320575929, -2.199225215426767]], [[-48.593733123811454, -2.204048979656653], [-48.593809546249375, -2.2040818044804107], [-48.594306131502606, -2.2042854259038704], [-48.59448079117304, -2.2038380998884324], [-48.594522387204734, -2.203724545091946], [-48.594730379305766, -2.203149196177393], [-48.59490097493202, -2.2026412330885834], [-48.59407046086077, -2.2023091870272196], [-48.59393695884069, -2.2025457086503164], [-48.59389334671208, -2.2027425831955076], [-48.59385924400829, -2.2028788745964865], [-48.593825275073584, -2.2029318431594334], [-48.59380261897958, -2.2029734678683237], [-48.59376108381528, -2.203049148596533], [-48.59372708445962, -2.203121054154462], [-48.59370063307831, -2.203181609742144], [-48.593659170883676, -2.203211841644501], [-48.59362898504115, -2.2032534541030553], [-48.59361000863848, -2.203348108527013], [-48.59369253157314, -2.2035376131971534], [-48.5937074085461, -2.2036512597056803], [-48.59372604429688, -2.203768699737539], [-48.59370330907226, -2.203859560640277], [-48.593733123811454, -2.204048979656653]], [[-48.594099280278726, -2.2047814057096935], [-48.59420887633498, -2.2045790906497156], [-48.594222626479244, -2.2044158238910443], [-48.59411732719793, -2.204274108079721], [-48.593755955778065, -2.204193303547956], [-48.59371480325752, -2.2042542981619255], [-48.59370317094581, -2.2043352765257067], [-48.59374904950202, -2.2044163484046457], [-48.593806402347795, -2.204514795506337], [-48.593846585596786, -2.2045611450104396], [-48.59379704441645, -2.204738261051348], [-48.5939649980644, -2.2048210183318466], [-48.594099280278726, -2.2047814057096935]]]}, "properties": {"id": 14, "Parcela": "A-144", "ANO": 2001, "Ha": 21.52, "PLANTAS": 3578, "VARIEDADE": "PB-141", "Rot_labels": -15}}, {"type": "Feature", "geometry": {"type": "Polygon", "coordinates": [[[-48.59198432832515, -2.1863182764052156], [-48.59187352029982, -2.1866630112727954], [-48.59182244627644, -2.1866909300043753], [-48.59180157435188, -2.186688562879308], [-48.591778360578644, -2.1867001925621605], [-48.591766699720075, -2.186739842071711], [-48.591724713914864, -2.1868867804651066], [-48.59171534650648, -2.1869427676931004], [-48.59169904288204, -2.1869847431332485], [-48.5916455897614, -2.187049992900824], [-48.59162230152016, -2.1871082910765973], [-48.59159901699824, -2.187164255824861], [-48.591573446466, -2.187199215999597], [-48.591513127863756, -2.1872061188866154], [-48.5914875089233, -2.187271413580691], [-48.5914618750831, -2.1873460419712387], [-48.59144323702583, -2.187397347348858], [-48.59141993014012, -2.1874673126304756], [-48.591382694975266, -2.1875442557044207], [-48.59133614449148, -2.1876445180325854], [-48.59128275463283, -2.1876700995259046], [-48.591273420696155, -2.1877050859061784], [-48.591180260073656, -2.1879429453093375], [-48.59111513477698, -2.1880548447409804], [-48.59099880869265, -2.1882739992052427], [-48.59085438001245, -2.1886611151466813], [-48.59079405764604, -2.1886703513593857], [-48.59076384801117, -2.1887053039715023], [-48.590679998727964, -2.18892217737054], [-48.590647391280314, -2.189006128113144], [-48.59061712943859, -2.1890737486378073], [-48.597957072810736, -2.1913887054409757], [-48.59801293508855, -2.1912674565957637], [-48.598036286674834, -2.1911694897066685], [-48.59800391736349, -2.191104101104862], [-48.59801328477708, -2.1910481136093787], [-48.59802734333148, -2.190959465492436], [-48.59804137212204, -2.190889484862097], [-48.5980277152848, -2.1907261218864225], [-48.59802791612307, -2.190600116338835], [-48.598028057446776, -2.19051144576818], [-48.59802818388944, -2.19043210894171], [-48.59804235395571, -2.1902734577335363], [-48.59803388637695, -2.189764753701198], [-48.598006133786406, -2.1897133732279395], [-48.59795985468611, -2.189643295349174], [-48.59790891422036, -2.1895872106093694], [-48.5979183559143, -2.1894845543886294], [-48.59797414361225, -2.189409974187495], [-48.598011449394164, -2.1892886953423596], [-48.598104676617574, -2.1890088325580046], [-48.59816522967608, -2.188854922960256], [-48.59819788889304, -2.18873830347413], [-48.598173807254554, -2.1886173598364396], [-48.59198432832515, -2.1863182764052156]]]}, "properties": {"id": 353, "Parcela": "C-142(2)", "ANO": 2000, "Ha": 25.14, "PLANTAS": 2949, "VARIEDADE": "PB-141", "Rot_labels": -15}}, {"type": "Feature", "geometry": {"type": "Polygon", "coordinates": [[[-48.6291550817396, -2.1901542514261], [-48.628939174789785, -2.1900426912631246], [-48.62812329992186, -2.1922310350913494], [-48.62836090252518, -2.19234689453494], [-48.62882074572715, -2.1911569874403], [-48.62901864692649, -2.1906342872448694], [-48.6291550817396, -2.1901542514261]]]}, "properties": {"id": 83, "Parcela": "D-102", "ANO": 2001, "Ha": 0.78, "PLANTAS": 119, "VARIEDADE": "PB-121", "Rot_labels": -15}}, {"type": "Feature", "geometry": {"type": "Polygon", "coordinates": [[[-48.601435517185166, -2.2138213428806774], [-48.60123702018672, -2.2138235473590058], [-48.601051130785656, -2.2137979687891227], [-48.60082754991594, -2.214072352997528], [-48.60070636602283, -2.214326719817354], [-48.600795909358666, -2.2146999045467304], [-48.60099591926806, -2.2150563985435117], [-48.60360177387462, -2.216033960861096], [-48.6041672041862, -2.21624109312321], [-48.60429128096672, -2.216030056730416], [-48.604236085548926, -2.2159794148837486], [-48.60420619192987, -2.2159697300841223], [-48.604251388632974, -2.215837894133583], [-48.60448248076165, -2.2158787117979495], [-48.60505607997439, -2.215424676594825], [-48.6051337299422, -2.214974060945264], [-48.605214952840264, -2.2145344898458257], [-48.60526694575774, -2.2143899351626755], [-48.60532428534358, -2.2142598878163304], [-48.60514066155272, -2.214239305112066], [-48.60316349609217, -2.2134666104217495], [-48.60311168914378, -2.21349545396241], [-48.60296198226079, -2.213605136088527], [-48.60228205403918, -2.213946572861141], [-48.60185867711869, -2.21392776433515], [-48.60173700923262, -2.213831943989476], [-48.60163645767241, -2.2138621114871917], [-48.601435517185166, -2.2138213428806774]], [[-48.606929096790545, -2.217070435267133], [-48.60661154027757, -2.2168831063541723], [-48.606099387732506, -2.216624457614605], [-48.60579337279136, -2.216300426519256], [-48.6055979602525, -2.2159462441617177], [-48.60549262688485, -2.2158247478780098], [-48.60531177066869, -2.215781040597006], [-48.60506083700686, -2.2155915060962346], [-48.60483335862883, -2.215791398071549], [-48.6046181274715, -2.2158991533277583], [-48.60455117882426, -2.2160223615768335], [-48.60445898321241, -2.2161321372794487], [-48.604395599301455, -2.216207246466112], [-48.60433794795109, -2.216293936101704], [-48.60687956852282, -2.217276567026655], [-48.60695895371502, -2.2172528196235763], [-48.607008146734415, -2.2171213463406874], [-48.606929096790545, -2.217070435267133]], [[-48.60199779937801, -2.2129390023382767], [-48.60118162860805, -2.2126310402225027], [-48.60107698984815, -2.2127420825159763], [-48.60030077460997, -2.2147976741265754], [-48.60078014399295, -2.214940108192115], [-48.60079571814659, -2.2148187011816862], [-48.600591109936985, -2.214395862693454], [-48.60062593365221, -2.2142745188839914], [-48.60066641518501, -2.2141357316419725], [-48.6007166583071, -2.213984466223205], [-48.600792116683614, -2.2139340372022285], [-48.60087256359377, -2.2139063646469492], [-48.60097740573349, -2.213870102752841], [-48.60102934296519, -2.2137602618539987], [-48.601083973075966, -2.213686808068479], [-48.60114925918951, -2.213712190298652], [-48.60124807219918, -2.2137700497067825], [-48.601420233504186, -2.213786826867635], [-48.6016265049604, -2.21380143297956], [-48.60172712968295, -2.2137257688628313], [-48.601846844383005, -2.2132408926587392], [-48.60199779937801, -2.2129390023382767]]]}, "properties": {"id": 3, "Parcela": "A-121", "ANO": 2002, "Ha": 12.92, "PLANTAS": 2138, "VARIEDADE": "PB-132", "Rot_labels": -15}}, {"type": "Feature", "geometry": {"type": "Polygon", "coordinates": [[[-48.60185336731721, -2.210610711449265], [-48.60111471848349, -2.2125655577491625], [-48.60206327664651, -2.2128884174937697], [-48.60246065653436, -2.2126438868528764], [-48.602699777000936, -2.212378877878223], [-48.602863118349354, -2.2123639778441517], [-48.602973030556264, -2.212098016024798], [-48.60295665180434, -2.212010266083918], [-48.60270527453645, -2.211909463634888], [-48.60231640170404, -2.2117261343683343], [-48.6021257714477, -2.211523616691639], [-48.60214864438223, -2.211361887652387], [-48.60210868690881, -2.211210166874215], [-48.602207436010524, -2.2107376666749774], [-48.60185336731721, -2.210610711449265]], [[-48.603132127882084, -2.2134348533238364], [-48.60514644060576, -2.214221957802764], [-48.60534191397879, -2.2142346404399045], [-48.605096034678716, -2.214014339341547], [-48.60469443670509, -2.2137558711378627], [-48.60438840200183, -2.2134444786904033], [-48.604089917322305, -2.213125515787705], [-48.60365533164711, -2.2130692021326905], [-48.603132127882084, -2.2134348533238364]]]}, "properties": {"id": 4, "Parcela": "A-122", "ANO": 2002, "Ha": 3.54, "PLANTAS": 380, "VARIEDADE": "PB-132", "Rot_labels": -15}}, {"type": "Feature", "geometry": {"type": "Polygon", "coordinates": [[[-48.60482667747387, -2.2092024589529626], [-48.6049490305676, -2.210111482320082], [-48.60495343152531, -2.210500740236566], [-48.60510365876703, -2.210829572388575], [-48.60518895645304, -2.2109105941214238], [-48.60545087298631, -2.2108755008510457], [-48.605755851578046, -2.2107718554878324], [-48.60586520715708, -2.2107199627825525], [-48.605755684601384, -2.210875995487746], [-48.60557064031105, -2.2110527593705824], [-48.60562580339891, -2.2111236217969714], [-48.60563437206308, -2.211211361698269], [-48.60617330107661, -2.2112761665251193], [-48.606374614941565, -2.2110843951937316], [-48.60666130764405, -2.2109230935365924], [-48.607015634944126, -2.2106003317741147], [-48.607073230052876, -2.2105483549835285], [-48.60713639092559, -2.2106120987402496], [-48.60707365333311, -2.2107468298918858], [-48.60694278884581, -2.2108780531845764], [-48.606862192024174, -2.21099924755177], [-48.60659576194229, -2.211059477909591], [-48.60639456154585, -2.2111804765478995], [-48.606288928090216, -2.2112460228863045], [-48.606283797573994, -2.2113117322883684], [-48.6062666941216, -2.2114033117134664], [-48.60713117077344, -2.21173621157887], [-48.607328420933214, -2.2116925679649033], [-48.60739374721248, -2.211515066122695], [-48.60752496093242, -2.211344076988424], [-48.607595402174155, -2.211288583867828], [-48.607721030983186, -2.2112887875962817], [-48.60793182010587, -2.211455951525314], [-48.60812280836753, -2.2114360403546343], [-48.608089972988566, -2.211307914350847], [-48.60813610288584, -2.2112327765961886], [-48.60831671010284, -2.211165900622452], [-48.6085527871136, -2.2112320011517412], [-48.60866826852811, -2.2112928509678853], [-48.60877890293509, -2.211242478110927], [-48.60894202729014, -2.2107596651300434], [-48.608959529275744, -2.2106126352215894], [-48.604913128551026, -2.2090960403138395], [-48.60482667747387, -2.2092024589529626]]]}, "properties": {"id": 5, "Parcela": "A-123", "ANO": 2002, "Ha": 6.89, "PLANTAS": 1053, "VARIEDADE": "PB-132", "Rot_labels": -15}}, {"type": "Feature", "geometry": {"type": "Polygon", "coordinates": [[[-48.60300996250589, -2.1853050037817408], [-48.60252544035067, -2.186638793814636], [-48.60194550373333, -2.1863497195115236], [-48.601673910290565, -2.1865009387898624], [-48.6014749531466, -2.1868416406170597], [-48.601409473742, -2.1871813984640656], [-48.60352368358322, -2.1879436567766786], [-48.604034605723534, -2.1865738326081754], [-48.604086374471514, -2.186568130183448], [-48.604365924488924, -2.185812700937102], [-48.60300996250589, -2.1853050037817408]]]}, "properties": {"id": 69, "Parcela": "C-144(1)", "ANO": 2000, "Ha": 4.97, "PLANTAS": 822, "VARIEDADE": "PB-141", "Rot_labels": -15}}, {"type": "Feature", "geometry": {"type": "Polygon", "coordinates": [[[-48.60322233522644, -2.1885836420649154], [-48.602966177686106, -2.188507402152615], [-48.60277024057468, -2.1884818110539244], [-48.60266984385619, -2.188415932017225], [-48.602430920647514, -2.188562148448451], [-48.60240597212724, -2.18845089399098], [-48.60153448676516, -2.1882220082630925], [-48.60128324219831, -2.1882165488221], [-48.6011275781372, -2.1881455256534346], [-48.60097176941855, -2.1881654956962544], [-48.60081089546878, -2.188210733520176], [-48.60075925643216, -2.1884546583564], [-48.60071875058096, -2.1886108030259046], [-48.60076459338898, -2.1887150167351708], [-48.600810473008885, -2.1887960883050592], [-48.600789814364376, -2.1888274328528556], [-48.600754550544956, -2.188882983178772], [-48.600528262377644, -2.188983722651575], [-48.600410036938804, -2.1890694705047427], [-48.60031692065869, -2.1891653691473434], [-48.6002806209151, -2.189269650250275], [-48.60028949848363, -2.1893078167841766], [-48.602640257028135, -2.190208362510483], [-48.60322233522644, -2.1885836420649154]], [[-48.60339955443323, -2.1881059865342567], [-48.603394698414476, -2.1880077404746303], [-48.60145197068291, -2.187292993166153], [-48.60141659681566, -2.1873738177252515], [-48.60146243975146, -2.1874780314263966], [-48.60150830107748, -2.1875706740544314], [-48.601536955211486, -2.1876343612387728], [-48.60160008810042, -2.187715460547045], [-48.60170925704088, -2.187779277243655], [-48.603162311964205, -2.1883225056235154], [-48.60325249108478, -2.1883308990912456], [-48.60339955443323, -2.1881059865342567]]]}, "properties": {"id": 352, "Parcela": "C-143(1)", "ANO": 2000, "Ha": 5.34, "PLANTAS": 801, "VARIEDADE": "PB-141", "Rot_labels": -15}}, {"type": "Feature", "geometry": {"type": "Polygon", "coordinates": [[[-48.60259945776518, -2.19025970181114], [-48.60029329898436, -2.189349747511545], [-48.600096053010084, -2.189604914771939], [-48.60007865248765, -2.189697455507627], [-48.60018199655864, -2.1898075474051275], [-48.600509622784216, -2.1899237861596794], [-48.600647574581735, -2.1899702927733857], [-48.6007452781733, -2.190010949003841], [-48.60072207133511, -2.190138193736152], [-48.600716172926646, -2.190230753043442], [-48.600606829059515, -2.190276861295411], [-48.60043429719571, -2.1902765833311952], [-48.600198393144275, -2.1903456298165005], [-48.60013473533444, -2.1905943058062536], [-48.600070708867136, -2.1910744030854303], [-48.60016259687013, -2.191155548877875], [-48.600104809753965, -2.191329022161857], [-48.60004148353092, -2.191369418902938], [-48.59994337439332, -2.191583325972569], [-48.59990273897719, -2.191820467876779], [-48.59987384535907, -2.191907204484483], [-48.5999832530091, -2.192045691574089], [-48.60149125391837, -2.192468794411392], [-48.60175369883197, -2.192378864918466], [-48.60177043756503, -2.1922135420607063], [-48.601663886004594, -2.1921886249411053], [-48.601540922710626, -2.192171929828123], [-48.60141788060479, -2.1922047253516763], [-48.60132008223128, -2.192148283863642], [-48.60115431951975, -2.1921075751228667], [-48.601040699556656, -2.1922123657849766], [-48.600876700400605, -2.192220349841534], [-48.600702087987955, -2.192091680483475], [-48.60040156162879, -2.191955633130085], [-48.600155517054624, -2.1919964786578765], [-48.60002440720887, -2.1919467765045026], [-48.599954397156985, -2.191884192201077], [-48.60005744096133, -2.191798357611545], [-48.60028696862042, -2.1918317215311722], [-48.60077886069237, -2.191873756860495], [-48.600770763045105, -2.1920648605604356], [-48.601065612799374, -2.192014442916984], [-48.60121322648872, -2.1919981839415357], [-48.601532972998854, -2.1920151962274175], [-48.601795442665775, -2.1919578799738892], [-48.60186933762334, -2.191991419094716], [-48.60259945776518, -2.19025970181114]]]}, "properties": {"id": 67, "Parcela": "C-142(1)", "ANO": 2000, "Ha": 6.08, "PLANTAS": 904, "VARIEDADE": "PB-141", "Rot_labels": -15}}, {"type": "Feature", "geometry": {"type": "Polygon", "coordinates": [[[-48.57445896761445, -2.2153177239422503], [-48.575033434546235, -2.2143278718393895], [-48.575567847820146, -2.213246961057298], [-48.573642924910274, -2.212483486728372], [-48.573004768480644, -2.212956589442594], [-48.57236404827076, -2.213519613629853], [-48.57212673584035, -2.2135698451761634], [-48.57182411201401, -2.2139960217165986], [-48.57171599752515, -2.2141694062932644], [-48.57170913014882, -2.2142454348145644], [-48.57445896761445, -2.2153177239422503]]]}, "properties": {"id": 375, "Parcela": "Z-161", "ANO": 2020, "Ha": 7.58, "PLANTAS": 1184, "VARIEDADE": "PB-141", "Rot_labels": -15}}, {"type": "Feature", "geometry": {"type": "Polygon", "coordinates": [[[-48.574417204418886, -2.2153427950859363], [-48.571766403948416, -2.2143197637284584], [-48.57167612493549, -2.2143732287315965], [-48.57166771743946, -2.2145010631905486], [-48.571675547176646, -2.2147279037590892], [-48.57160963069049, -2.2149257537608174], [-48.57137509862485, -2.2154491326074717], [-48.57137879492587, -2.2156965870047682], [-48.572501552507475, -2.2161852365465733], [-48.57334524858437, -2.2165000430744604], [-48.57374281615973, -2.21659954845136], [-48.573952569278006, -2.2161874796226844], [-48.574073096030276, -2.2160058259779016], [-48.574417204418886, -2.2153427950859363]]]}, "properties": {"id": 374, "Parcela": "Y-164", "ANO": 2020, "Ha": 4.85, "PLANTAS": 769, "VARIEDADE": "PB-141", "Rot_labels": -15}}, {"type": "Feature", "geometry": {"type": "Polygon", "coordinates": [[[-48.63560358550949, -2.1191089609244416], [-48.63484195393241, -2.1212678912010685], [-48.64333809963325, -2.1244440002912706], [-48.64411583946313, -2.122302471283894], [-48.64129038624675, -2.1212227857872787], [-48.63560358550949, -2.1191089609244416]]]}, "properties": {"id": 366, "Parcela": "K-123(EXP)", "ANO": 2020, "Ha": 25.61, "PLANTAS": 3905, "VARIEDADE": "PB-141", "Rot_labels": -15}}]}